sku,barcode,name,category_main,category_sub,cost,price_retail,price_credit,unit,source,date_bought
,8851709003968,BK คัตเตอร์เล็ก NO.303 แถมใบมีด,,, 15.75 , 30.00 , 30.00 ,อัน,อ.อัษฎางค์,22 March 2568
,8858201014065,HHC 2B ดินสอ NO.2017C,,, 1.68 , 5.00 , 5.00 ,แท่ง,อ.อัษฎางค์,22 March 2568
,8858201014072,HHC 2B ดินสอ NO.2017E/C,,, 1.68 , 5.00 , 5.00 ,แท่ง,อ.อัษฎางค์,22 March 2568
,8858201013440,"HHC HB ดินสอ NO.2288C, 2288WC",,, 1.68 , 4.00 , 4.00 ,แท่ง,อ.อัษฎางค์,22 March 2568
,8858201014041,HHC HB ดินสอ NO.2288W,,, 1.68 , 4.00 , 4.00 ,แท่ง,อ.อัษฎางค์,22 March 2568
,8858201015215,"HHC ดินสอ HB 2024C, PC สูตรคูณ, พาสเทล",,, 1.40 , 4.00 , 4.00 ,แท่ง,อ.อัษฎางค์,22 March 2568
,8851552201627,Horse เคมี 2 หัว ดำ,,, 9.08 , 15.00 , 18.00 ,แท่ง,อ.อัษฎางค์,22 March 2568
,8851552201634,Horse เคมี 2 หัว แดง,,, 9.08 , 15.00 , 18.00 ,แท่ง,อ.อัษฎางค์,22 March 2568
,8851552201610,Horse เคมี 2 หัว น้ำเงิน,,, 9.08 , 15.00 , 18.00 ,แท่ง,อ.อัษฎางค์,22 March 2568
,8850508024211,Lancer 8252 น้ำเงิน - แดง x 50.00,,, 4.74 , 8.00 , 8.00 ,แท่ง,อ.อัษฎางค์,22 March 2568
,8850508057998,Lancer 825-2001 แดง x 50.00,,, 4.20 , 6.00 , 7.00 ,แท่ง,อ.อัษฎางค์,22 March 2568
,8850508057882,Lancer 825-2001 น้ำเงิน x 50.00,,, 4.20 , 6.00 , 7.00 ,แท่ง,อ.อัษฎางค์,22 March 2568
,8858201014126,M-TEC กบเหลา 1 รู สีทูโทน #169,,, 4.67 , 8.00 , 8.00 ,อัน,อ.อัษฎางค์,22 March 2568
,8858201011828,"M-TEC กบเหลา 1 รู สีสะท้อน #148N, MC",,, 1.83 , 3.00 , 3.00 ,อัน,อ.อัษฎางค์,22 March 2568
,8858201011873,M-TEC กรรไกร NO.5 เรือนแสน สีสะท้อน,,, 10.67 , 15.00 , 18.00 ,อัน,อ.อัษฎางค์,22 March 2568
,8858201013228,"M-TEC เทปลบคำผิด เดี่ยว #CT01, 02",,, 7.75 , 15.00 , 15.00 ,อัน,อ.อัษฎางค์,22 March 2568
,8858201013792,M-TEC น้ำยาลบคำผิด #500N,,, 5.83 , 12.00 , 12.00 ,อัน,อ.อัษฎางค์,22 March 2568
,8858201013808,M-TEC น้ำยาลบคำผิด #550B,,, 5.83 , 12.00 , 12.00 ,อัน,อ.อัษฎางค์,22 March 2568
,8858201014461,"M-TEC น้ำยาลบคำผิด NO.401G, W, F, R",,, 5.42 , 10.00 , 10.00 ,อัน,อ.อัษฎางค์,22 March 2568
,8858201013792,M-TEC ปากกาลบคำผิด กลิ่นผลไม้ N M x 12.00,,, 5.83 , 12.00 , 12.00 ,แท่ง,อ.อัษฎางค์,22 March 2568
,8858201000280,M-TEC ปากกาไวท์บอร์ด #WB-900 (คละสี),,, 8.25 , 17.00 , 17.00 ,แท่ง,อ.อัษฎางค์,22 March 2568
,8854951001386,PVC คั่นหน้า / สี่เหลี่ยมผืนผ้า ห่อ x 10,,, 11.50 , 25.00 , 25.00 ,ห่อ,อ.อัษฎางค์,22 March 2568
,8858201010746,Sepia ดินสอ 2B 2014B (แผง) x 12.00,,, 7.92 , 15.00 , 15.00 ,แท่ง,อ.อัษฎางค์,22 March 2568
,8858201001324,Sepia ดินสอ 2B NO.2004C,,, 2.20 , 5.00 , 5.00 ,แท่ง,อ.อัษฎางค์,22 March 2568
,8858201011392,Sepia ดินสอ HB (แผง) NO.2014H,,, 7.92 , 15.00 , 15.00 ,แท่ง,อ.อัษฎางค์,22 March 2568
,8858201014195,Sepia ปากกาลูกลื่น NO.888 นง. แดง.,,, 2.00 , 5.00 , 5.00 ,แท่ง,อ.อัษฎางค์,22 March 2568
,6937491592650,Stick Note e-File 3x3 นิ้ว,,, 14.67 , 30.00 , 30.00 ,ห่อ,อ.อัษฎางค์,22 March 2568
,8858729209646,กบเหลาดินสอพลาสติก ตราม้า H-002,,, 1.04 , 4.00 , 4.00 ,อัน,อ.อัษฎางค์,22 March 2568
,8858729206164,กรรไกร 8 นิ้ว Horse H-505 x 6.00,,, 46.33 , 68.00 , 78.00 ,อัน,อ.อัษฎางค์,22 March 2568
,6950487432099,กรรไกร กิตติ 6 นิ้ว,,, 4.58 , 12.00 , 12.00 ,อัน,อ.อัษฎางค์,22 March 2568
,8851907155384,กรรไกร ตราช้าง HC กระบอกใส 5 นิ้ว,,, 10.54 , 15.00 , 20.00 ,อัน,อ.อัษฎางค์,22 March 2568
,6980240590087,กรรไกรด้ามสองสี อย่างหนา 8.5 (9.5 นิ้ว + 7 นิ้ว) TL-5046,,, 14.58 , 35.00 , 35.00 ,อัน,อ.อัษฎางค์,22 March 2568
,8850106095040,กาว TOA 16 ออนซ์,,, 32.00 , 58.00 , 58.00 ,กระปุก,อ.อัษฎางค์,22 March 2568
,8850106095057,กาว TOA 32 ออนซ์,,, 52.00 , 90.00 , 90.00 ,กระปุก,อ.อัษฎางค์,22 March 2568
,8850106095026,กาว TOA 4 ออนซ์,,, 11.00 , 25.00 , 25.00 ,กระปุก,อ.อัษฎางค์,22 March 2568
,8850106095033,กาว TOA 8 ออนซ์,,, 19.00 , 45.00 , 45.00 ,กระปุก,อ.อัษฎางค์,22 March 2568
,8851347920016,กาวแท่ง 8 กรัม สเตดเลอร์,,, 9.58 , 16.00 , 16.00 ,แท่ง,อ.อัษฎางค์,22 March 2568
,90009716,กาวน้ำแท่ง #6006 x 2.00,,, 5.25 , 10.00 , 10.00 ,แท่ง,อ.อัษฎางค์,22 March 2568
,8851709013479,กาวน้ำแฟนซี เล็ก 24 หลอด,,, 2.88 , 5.00 , 5.00 ,แท่ง,อ.อัษฎางค์,22 March 2568
,8851224009070,กาวยาง Daico 30 กรัม,,, 15.83 , 35.00 , 35.00 ,ขวด,อ.อัษฎางค์,22 March 2568
,8851709008598,กาวร้อนโซจิกล่องเหลือง,,, 11.25 , 25.00 , 25.00 ,ขวด,อ.อัษฎางค์,22 March 2568
,9202108130035,กิตติ ใบมีดคัตเตอร์ 5 ชิ้น SKE1848-1,,, 3.00 , 5.00 , 5.00 ,กล่อง,อ.อัษฎางค์,22 March 2568
,8851907257224,ควอนตัม 007 อิตซ์ น้ำเงิน (คละสี),,, 2.55 , 5.00 , 5.00 ,แท่ง,อ.อัษฎางค์,22 March 2568
,8858121000537,คัตเตอร์ MESA AL-11P P6,,, 27.17 , 45.00 , 50.00 ,อัน,อ.อัษฎางค์,22 March 2568
,8858121000414,คัตเตอร์ MESA ST-10 P6,,, 26.67 , 40.00 , 45.00 ,อัน,อ.อัษฎางค์,22 March 2568
,8858121000421,คัตเตอร์ MESA ST-20 P3,,, 39.33 , 75.00 , 75.00 ,อัน,อ.อัษฎางค์,22 March 2568
,8851552643007,คัตเตอร์ตราม้า H-404 มาตรฐาน P6,,, 15.83 , 25.00 , 25.00 ,อัน,อ.อัษฎางค์,22 March 2568
,90008795,คัตเตอร์เหล็ก (เล็ก) + ใบ #777A,,, 6.67 , 15.00 , 15.00 ,อัน,อ.อัษฎางค์,22 March 2568
,90005046,ชุดเรขาคณิต 4 ชิ้น DC-202407,,, 4.17 , 15.00 , 15.00 ,ชุด,อ.อัษฎางค์,22 March 2568
,90008771,ชุดเรขาคณิต 4 ชิ้น ถูก [x 3.00],,, 2.36 , 5.00 , 5.00 ,ชุด,อ.อัษฎางค์,22 March 2568
,6971184790010,"ชุดวงเวียน 3001, 3007",,, 12.50 , 20.00 , 25.00 ,ชุด,อ.อัษฎางค์,22 March 2568
,8858784834180,ดินน้ำมัน แท่งกลม 130 กรัม 12 สี,,, 2.50 , 20.00 , 20.00 ,แพค,อ.อัษฎางค์,22 March 2568
,20104696,ดินน้ำมันถัง #8209 x 12.00,,, 3.00 , 19.00 , 20.00 ,ถัง,อ.อัษฎางค์,22 March 2568
,8851553231630,ดินสอคอมพิวเตอร์ #H-9100 2B 12p x 12.00,,, 2.23 , 45.00 , 45.00 ,กล่อง,อ.อัษฎางค์,22 March 2568
,8855305001595,ดินสอต่อไส้ หัวป้ายจราจร CYLM2,,, 3.45 , 6.00 , 6.00 ,แท่ง,อ.อัษฎางค์,22 March 2568
,8855305001588,ดินสอต่อไส้ หัวรูปฟุตบอล CYLM1,,, 3.45 , 6.00 , 6.00 ,แท่ง,อ.อัษฎางค์,22 March 2568
,8851316000015,ดินสอสีคอลลีน 12 ด้าม 12 สี #775 x 12.00,,, 40.67 , 58.00 , 65.00 ,กล่อง,อ.อัษฎางค์,22 March 2568
,8851316000114,ดินสอสีคอลลีน 18 ด้าม 36 สี #787 x 8.00,,, 71.25 , 108.00 , 118.00 ,กล่อง,อ.อัษฎางค์,22 March 2568
,8851316000022,ดินสอสีคอลลีน 24 ด้าม 24 สี #775 x 6.00,,, 81.33 , 118.00 , 127.00 ,กล่อง,อ.อัษฎางค์,22 March 2568
,8851316000121,ดินสอสีคอลลีน 24 ด้าม 48 สี #787,,, 95.83 , 135.00 , 140.00 ,กล่อง,อ.อัษฎางค์,22 March 2568
,8851316000039,ดินสอสีคอลลีน 36 ด้าม 36 สี #775,,, 122.00 , 165.00 , 170.00 ,กล่อง,อ.อัษฎางค์,22 March 2568
,8851316006932,ดินสอสีคอลลีน 48 ด้าม 48 สี #775 P6,,, 163.33 , 225.00 , 235.00 ,กล่อง,อ.อัษฎางค์,22 March 2568
,8851316000091,ดินสอสีคอลลีน 6 ด้าม 12 สี #787,,, 23.96 , 38.00 , 40.00 ,กล่อง,อ.อัษฎางค์,22 March 2568
,28851907097039,ตราช้าง กาวแท่ง Sticko 22 กรัม,,, 21.15 , 35.00 , 40.00 ,แท่ง,อ.อัษฎางค์,22 March 2568
,28851907159591,ตราช้าง ใบมีดแบบกล่อง รุ่น 1830 ขนาด 18 มม.,,, 25.00 , 35.00 , 35.00 ,กล่อง,อ.อัษฎางค์,22 March 2568
,8851907126845,ตราช้าง ใบมีดแบบกล่อง รุ่น 945 ขนาด 9 มม.,,, 15.80 , 25.00 , 26.00 ,กล่อง,อ.อัษฎางค์,22 March 2568
,8851907327996,ตราช้าง ปากกา ดริฟท์ 0.7 นง. แดง. (โทริโอะ),,, 3.00 , 7.00 , 7.00 ,แท่ง,อ.อัษฎางค์,22 March 2568
,8851907102449,ตราช้าง ฟิล์มเคลือบบัตร A4 125MiC 100 แผ่น,,, 185.00 , 249.00 , 290.00 ,แพค,อ.อัษฎางค์,22 March 2568
,6854556000319,น้ำยาลบคำผิด Papermate 7 ml.,,, 44.17 , 65.00 , 78.00 ,แท่ง,อ.อัษฎางค์,22 March 2568
,90046438,"บีเพน ปากกาลูกลื่น L, M คละลาย P12",,, 7.08 , 13.00 , 13.00 ,แท่ง,อ.อัษฎางค์,22 March 2568
,8858201014218,ปากกา Sepia หมึกน้ำมัน 0.7mm น้ำเงิน,,, 2.30 , 5.00 , 5.00 ,แท่ง,อ.อัษฎางค์,22 March 2568
,8858201008606,ปากกาลบคำผิด M-TEC NO.299 กลิ่นผลไม้,,, 6.42 , 10.00 , 12.00 ,แท่ง,อ.อัษฎางค์,22 March 2568
,765531632006,ปากกาลูกลื่น Diamond Focus 1.0,,, 2.36 , 5.00 , 5.00 ,แท่ง,อ.อัษฎางค์,22 March 2568
,8852246876794,ปากกาลูกลื่น G-106 0.5 คละลาย P4 x x12.00,,, 3.75 , 25.00 , 25.00 ,แท่ง,อ.อัษฎางค์,22 March 2568
,8852398129212,ปากกาลูกลื่น YOYA-1052-BL-50 น้ำเงิน,,, 1.90 , 5.00 , 5.00 ,แท่ง,อ.อัษฎางค์,22 March 2568
,88523298133455,ปากกาลูกลื่น YOYA-1052-R-50 แดง,,, 1.90 , 5.00 , 5.00 ,แท่ง,อ.อัษฎางค์,22 March 2568
,8851552209623,ปากกาไวท์บอร์ด Horse #22 ดำ,,, 9.83 , 18.00 , 18.00 ,แท่ง,อ.อัษฎางค์,22 March 2568
,8851552209630,ปากกาไวท์บอร์ด Horse #22 แดง,,, 9.83 , 18.00 , 18.00 ,แท่ง,อ.อัษฎางค์,22 March 2568
,8851552209616,ปากกาไวท์บอร์ด Horse #22 น้ำเงิน,,, 9.83 , 18.00 , 18.00 ,แท่ง,อ.อัษฎางค์,22 March 2568
,4970129041016,ปากกาหัวเข็ม Lee Pen ดำ NO.8500,,, 15.42 , 25.00 , 25.00 ,แท่ง,อ.อัษฎางค์,22 March 2568
,8858201010692,ฟุตมิเนียม คาดสี 12 นิ้ว ARC-12,,, 13.17 , 20.00 , 20.00 ,อัน,อ.อัษฎางค์,22 March 2568
,8858201010678,ฟุตมิเนียม คาดสี 6 นิ้ว ARC-6,,, 8.33 , 12.00 , 15.00 ,อัน,อ.อัษฎางค์,22 March 2568
,90044625,มาลินี กบเหลา 1 รู คละลาย,,, 4.17 , 7.00 , 7.00 ,อัน,อ.อัษฎางค์,22 March 2568
,90012044,"มาลินี กบเหลา 2 รู, กบ 1 รู + ยางลบ",,, 5.75 , 10.00 , 10.00 ,อัน,อ.อัษฎางค์,22 March 2568
,20105075,มาลินี ชุดเครื่องเขียน NO.9914,,, 16.00 , 35.00 , 35.00 ,ชุด,อ.อัษฎางค์,22 March 2568
,90043703,มาลินี ชุดเครื่องเขียน WS-9911,,, 9.58 , 15.00 , 16.00 ,ชุด,อ.อัษฎางค์,22 March 2568
,90044731,มาลินี ดินสอต่อไส้ หัวการ์ตูน (3 Barcode),,, 5.42 , 10.00 , 10.00 ,แท่ง,อ.อัษฎางค์,22 March 2568
,90044724,"มาลินี ปากกาลบได้ รุ่นปลอก, กด",,, 5.00 , 12.00 , 12.00 ,แท่ง,อ.อัษฎางค์,22 March 2568
,6831981010085,มาลินี ไม้บรรทัดเกมส์ 20 cm #1008,,, 7.25 , 16.00 , 16.00 ,อัน,อ.อัษฎางค์,22 March 2568
,6932637007036,มาลินี ไม้บรรทัดเกมส์พับ 30 cm,,, 5.42 , 15.00 , 15.00 ,อัน,อ.อัษฎางค์,22 March 2568
,90045004,มาลินี ไม้บรรทัดคั่นสมุด 18 cm,,, 3.83 , 8.00 , 8.00 ,อัน,อ.อัษฎางค์,22 March 2568
,6972917944224,มาลินี ยางลบ #6612P24,,, 4.08 , 10.00 , 10.00 ,ก้อน,อ.อัษฎางค์,22 March 2568
,6930986011346,มาลินี ยางลบ 24 ก้อน รูปสัตว์/8037,,, 3.13 , 6.00 , 6.00 ,ก้อน,อ.อัษฎางค์,22 March 2568
,6943526025895,มาลินี ยางลบ 30 ก้อน,,, 2.50 , 5.00 , 5.00 ,ก้อน,อ.อัษฎางค์,22 March 2568
,90044670,มาลินี ยางลบ 48 ก้อน (คละลาย),,, 1.56 , 3.00 , 3.00 ,ก้อน,อ.อัษฎางค์,22 March 2568
,90045288,มาลินี ไส้ดินสอ 2B 0.5 NO.863,,, 2.50 , 5.00 , 5.00 ,กล่อง,อ.อัษฎางค์,22 March 2568
,8851907134079,มาสเตอร์อาร์ต กบเหลาดินสอเบอร์ No.5   ,,, 3.30 , 6.00 , 6.00 ,อัน,อ.อัษฎางค์,22 March 2568
,8851907273231,มาสเตอร์อาร์ต ดินสอสี 2 หัว 36 สี,,, 70.00 , 130.00 , 130.00 ,กล่อง,อ.อัษฎางค์,22 March 2568
,8851907273248,มาสเตอร์อาร์ต ดินสอสี 2 หัว 48 สี,,, 95.00 , 140.00 , 145.00 ,กล่อง,อ.อัษฎางค์,22 March 2568
,8851907273255,มาสเตอร์อาร์ต ดินสอสี 2 หัว 60 สี,,, 115.00 , 135.00 , 140.00 ,กล่อง,อ.อัษฎางค์,22 March 2568
,8851907273194,มาสเตอร์อาร์ต ดินสอสี 60 สี,,, 215.00 , 275.00 , 280.00 ,กล่อง,อ.อัษฎางค์,22 March 2568
,8851907273200,มาสเตอร์อาร์ต ดินสอสี 72 สี,,, 276.00 , 360.00 , 365.00 ,กล่อง,อ.อัษฎางค์,22 March 2568
,8851907216481,มาสเตอร์อาร์ต สีชอล์คน้ำมัน Master series 16,,, 35.00 , 60.00 , 60.00 ,กล่อง,อ.อัษฎางค์,22 March 2568
,8851907109868,มาสเตอร์อาร์ต สีเทียน 12 สี กลาง,,, 9.83 , 20.00 , 20.00 ,กล่อง,อ.อัษฎางค์,22 March 2568
,8851907075057,มาสเตอร์อาร์ต สีเทียน จัมโบ้ P12 x 12.00,,, 18.75 , 25.00 , 25.00 ,กล่อง,อ.อัษฎางค์,22 March 2568
,8851907077341,มาสเตอร์อาร์ต สีน้ำ ก้อน 12 สี x 12.00,,, 24.00 , 55.00 , 55.00 ,กล่อง,อ.อัษฎางค์,22 March 2568
,8851907160050,มาสเตอร์อาร์ต สีน้ำ เทมพาร่า 5 มล.,,, 31.67 , 50.00 , 50.00 ,กล่อง,อ.อัษฎางค์,22 March 2568
,8851907315979,มาสเตอร์อาร์ต สีโปสเตอร์ 6 สี 12 มล. พลาสติก,,, 54.00 , 70.00 , 75.00 ,กล่อง,อ.อัษฎางค์,22 March 2568
,8851907273187,มาสเตอร์อาร์ต สีไม้แท่งยาว 48 สี,,, 162.00 , 212.00 , 230.00 ,กล่อง,อ.อัษฎางค์,22 March 2568
,8851907273149,มาสเตอร์อาร์ต สีไม้แท่งสั้น 12 สี,,, 20.42 , 30.00 , 32.00 ,กล่อง,อ.อัษฎางค์,22 March 2568
,8851552628066,มีดตัดเตอร์ Horse H-101-105 แผง โหล,,, 7.25 , 25.00 , 25.00 ,อัน,อ.อัษฎางค์,22 March 2568
,8851552623610,มีดเหลาดินสอตราม้า x36 ด้ามพลาสติก,,, 1.94 , 3.00 , 3.00 ,อัน,อ.อัษฎางค์,22 March 2568
,8858201013167,ไม้บรรทัด PVC 12 นิ้ว ใส,,, 1.83 , 4.00 , 4.00 ,อัน,อ.อัษฎางค์,22 March 2568
,8858201011217,ไม้บรรทัด PVC แข็ง คาดสีสะท้อน #PC-30C,,, 3.58 , 5.00 , 6.00 ,อัน,อ.อัษฎางค์,22 March 2568
,8858201011231,ไม้บรรทัด PVC แข็ง ลายการ์ตูน #PC-30D,,, 3.75 , 6.00 , 6.00 ,อัน,อ.อัษฎางค์,22 March 2568
,90019951,"ไม้บรรทัดเทมเพลสต์ 25213, 01297",,, 4.83 , 12.00 , 12.00 ,อัน,อ.อัษฎางค์,22 March 2568
,8858201012887,ไม้บรรทัดพลาสติกแข็ง 12 นิ้ว ลายการ์ตูน GP K-04,,, 4.83 , 8.00 , 8.00 ,อัน,อ.อัษฎางค์,22 March 2568
,8858201008989,ไม้บรรทัดพลาสติกแข็ง 6 นิ้ว คละลาย P12,,, 3.33 , 5.00 , 5.00 ,อัน,อ.อัษฎางค์,22 March 2568
,6975628222049,ยางลบ Fruit Frog,,, 5.42 , 10.00 , 10.00 ,ก้อน,อ.อัษฎางค์,22 March 2568
,8858201012948,ยางลบ Sepia 148E ,,, 1.20 , 5.00 , 5.00 ,ก้อน,อ.อัษฎางค์,22 March 2568
,8858201012979,ยางลบ Sepia 149E ,,, 1.48 , 5.00 , 5.00 ,ก้อน,อ.อัษฎางค์,22 March 2568
,4007817524701,ยางลบ Stedler 50 ก้อน สีขาว 21 กล่อง,,, 3.10 , 6.00 , 6.00 ,ก้อน,อ.อัษฎางค์,22 March 2568
,8851347526393,ยางลบ Stedler 50 ก้อน สีดำ 21 กล่อง,,, 3.40 , 7.00 , 7.00 ,ก้อน,อ.อัษฎางค์,22 March 2568
,8852398142433,ยางลบ YOYA 5885 ,,, 2.40 , 5.00 , 5.00 ,ก้อน,อ.อัษฎางค์,22 March 2568
,8852398139280,ยางลบดินสอ 5881,,, 3.73 , 10.00 , 10.00 ,ก้อน,อ.อัษฎางค์,22 March 2568
,6924485387125,สีเมจิก 12 สี #1871-12,,, 7.50 , 25.00 , 25.00 ,ห่อ,อ.อัษฎางค์,22 March 2568
,6947880011716,สีเมจิก 12 สี กระป๋อง #2117,,, 17.00 , 30.00 , 30.00 ,กล่อง,อ.อัษฎางค์,22 March 2568
,8851907293499,เอลเฟ่น Liso Smile น้ำเงิน คละสี 1x50,,, 1.70 , 5.00 , 5.00 ,แท่ง,อ.อัษฎางค์,22 March 2568
,8851907301118,เอลเฟ่น กบเหลาดินสอ EF-S3 1x48,,, 1.46 , 4.00 , 4.00 ,อัน,อ.อัษฎางค์,22 March 2568
,18851907290136,เอลเฟ่น เทปลบคำผิด 12M ซาฟารี,,, 15.00 , 25.00 , 25.00 ,อัน,อ.อัษฎางค์,22 March 2568
,18851907272279,เอลเฟ่น เทปลบคำผิด Freshy 6M P12,,, 12.50 , 20.00 , 20.00 ,อัน,อ.อัษฎางค์,22 March 2568
,8851907273668,เอลเฟ่น ยางลบดินสอ EF-350 1 x 30.00 ,,, 1.50 , 5.00 , 5.00 ,ก้อน,อ.อัษฎางค์,22 March 2568
,8858201011743,M-TEC เครื่องเย็บกระดาษ #218/219 (โหล),,, 16.67 , 35.00 , 40.00 ,อัน,กบ กิ๊ฟช็อป,20 April 2568
,6942307406809,Post-it 1x8 (7394x6) (โหล),,, 12.08 , 25.00 , 25.00 ,,กบ กิ๊ฟช็อป,20 April 2568
,7000004401325,Post-it 76x76 mm (6741-11) (โหล),,, 8.17 , 20.00 , 20.00 ,ห่อ,กบ กิ๊ฟช็อป,20 April 2568
,7000004402209,Post-it คละแบบ (6147-7) (โหล),,, 7.92 , 16.00 , 16.00 ,แพค,กบ กิ๊ฟช็อป,20 April 2568
,7000004402278,Post-it ดอกไม้ (7394-3) (โหล),,, 7.92 , 20.00 , 20.00 ,ห่อ,กบ กิ๊ฟช็อป,20 April 2568
,8853104985379,SSB กระดาษการ์ดสี 150g A4 100 แผ่น,,, 88.00 , 130.00 , 160.00 ,แพค,กบ กิ๊ฟช็อป,20 April 2568
,5000000210862,SSB กระดาษการ์ดสี 180g A4 50 แผ่น,,, 50.00 , 75.00 , 85.00 ,แพค,กบ กิ๊ฟช็อป,20 April 2568
,8851907276928,แฟ้ม 2 ห่วง 221VB อความารีน วิวบายเดอร์,,, 55.00 , 63.00 , 65.00 ,อัน,เอป๊อป,9 October 2025
,6931981324417,Stick Note THA956/955-3 (โหล),,, 7.92 , 15.00 , 15.00 ,,กบ กิ๊ฟช็อป,20 April 2568
,8851673175869,กบเหลา AVG-829 (โหล),,, 13.75 , 25.00 , 25.00 ,,กบ กิ๊ฟช็อป,20 April 2568
,8851673270786,กบเหลา GU-829 (โหล),,, 13.75 , 25.00 , 25.00 ,,กบ กิ๊ฟช็อป,20 April 2568
,8851673164139,กบเหลา PRC-829 (โหล),,, 13.75 , 25.00 , 25.00 ,,กบ กิ๊ฟช็อป,20 April 2568
,6922698672113,กบเหลาเครื่อง 7211 (9353-7),,, 45.00 , 70.00 , 85.00 ,,กบ กิ๊ฟช็อป,20 April 2568
,6940062396274,กบเหลาเครื่องคาปิบารา 9627A (9353-3),,, 65.00 , 89.00 , 105.00 ,,กบ กิ๊ฟช็อป,20 April 2568
,6940062396182,กบเหลาเครื่องผึ้ง 9618 (9353-4),,, 65.00 , 89.00 , 105.00 ,,กบ กิ๊ฟช็อป,20 April 2568
,6940062396120,กบเหลาเครื่องหมี 9612 (9353-1),,, 65.00 , 89.00 , 105.00 ,,กบ กิ๊ฟช็อป,20 April 2568
,6940062396311,กบเหลาเครื่องอวกาศ 9631A (9353-2),,, 65.00 , 89.00 , 105.00 ,อัน,กบ กิ๊ฟช็อป,20 April 2568
,8852317110048,กระดาษ M.N. NO.503 ไม่มีเส้น 4/40 แผ่น,,, 12.00 , 25.00 , 25.00 ,เล่ม,กบ กิ๊ฟช็อป,20 April 2568
,8852317200565,กระดาษ M.N. NO.504 มีเส้น 4/40 แผ่น,,, 13.33 , 26.00 , 26.00 ,เล่ม,กบ กิ๊ฟช็อป,20 April 2568
,8852317110345,กระดาษ M.N. NO.508 มีเส้น 4/20 แผ่น,,, 6.67 , 15.00 , 15.00 ,เล่ม,กบ กิ๊ฟช็อป,20 April 2568
,8853104985393,กระดาษการ์ดสี 180g A4 100 แผ่น คละสี,,, 105.00 , 165.00 , 170.00 ,แพค,กบ กิ๊ฟช็อป,20 April 2568
,5000000211036,กระดาษน้ำตาลแผ่นใหญ่ (แพค 20),,, 4.25 , 8.00 , 8.00 ,,กบ กิ๊ฟช็อป,20 April 2568
,6935465450500,กระดาษโน้ต BT-07 (โหล),,, 7.92 , 30.00 , 30.00 ,ห่อ,กบ กิ๊ฟช็อป,20 April 2568
,5000000210909,กระดาษพรูฟสร้างแบบ (แพค 20),,, 2.00 , 5.00 , 5.00 ,,กบ กิ๊ฟช็อป,20 April 2568
,5000000242733,กระดาษสาห่อเหรียญ 100 แผ่น คละสี (แพค 10),,, 21.50 , 30.00 , 30.00 ,ห่อ,กบ กิ๊ฟช็อป,20 April 2568
,8851960005701,กระดาษสี DoubleA 180g/50 (แยกสี),,, 52.00 , 68.00 , 79.00 ,ห่อ,กบ กิ๊ฟช็อป,20 April 2568
,5000000246557,กระเป๋าดินสอ A5 K2468-2,,, 5.00 , 12.00 , 12.00 ,,กบ กิ๊ฟช็อป,20 April 2568
,7000004495935,กระเป๋าดินสอ S1332 (โหล),,, 14.17 , 25.00 , 25.00 ,,กบ กิ๊ฟช็อป,20 April 2568
,5000000116270,กระเป๋าดินสอ กระดิ่งใสจิ๋ว (โหล),,, 6.25 , 15.00 , 15.00 ,,กบ กิ๊ฟช็อป,20 April 2568
,5000000116287,กระเป๋าดินสอ ตาข่ายจิ๋ว (โหล),,, 6.25 , 12.00 , 12.00 ,,กบ กิ๊ฟช็อป,20 April 2568
,5000000134786,กระเป๋าดินสอ ใส ทรงกระบอก (โหล),,, 10.42 , 18.00 , 18.00 ,,กบ กิ๊ฟช็อป,20 April 2568
,5000000041176,กระเป๋าดินสอใหญ่ (โหล),,, 10.00 , 20.00 , 20.00 ,,กบ กิ๊ฟช็อป,20 April 2568
,7000004496086,กล่องของขวัญ 12x16x3 cm S1259 (โหล),,, 15.00 , 20.00 , 30.00 ,กล่อง,กบ กิ๊ฟช็อป,20 April 2568
,7000004511116,กล่องของขวัญ 13x13x13 cm S1239 (แพค 6),,, 40.00 , 60.00 , 66.00 ,กล่อง,กบ กิ๊ฟช็อป,20 April 2568
,7000004496147,กล่องของขวัญ 7x9x2.8 cm S1255 (โหล),,, 7.92 , 15.00 , 16.00 ,,กบ กิ๊ฟช็อป,20 April 2568
,7000004496307,กล่องของขวัญ 8.5x9x5.5 cm S1219 (แพค 6),,, 14.17 , 25.00 , 25.00 ,,กบ กิ๊ฟช็อป,20 April 2568
,7000004496277,กล่องของขวัญ 9x9x3 cm S1256 (โหล),,, 9.17 , 15.00 , 16.00 ,,กบ กิ๊ฟช็อป,20 April 2568
,5000000254484,กล่องของขวัญผืนผ้า (เล็ก) (5596-11) (แพค 6),,, 23.33 , 35.00 , 39.00 ,กล่อง,กบ กิ๊ฟช็อป,20 April 2568
,5000000240722,กล่องดินสอเหล็ก #2188 (โหล),,, 8.17 , 15.00 , 15.00 ,,กบ กิ๊ฟช็อป,20 April 2568
,6905878500161,กล่องดินสอเหล็ก LPY-55-5,,, 15.00 , 25.00 , 25.00 ,,กบ กิ๊ฟช็อป,20 April 2568
,6922468691054,กล่องดินสอเหล็ก MP-H209 NO.55-123,,, 15.00 , 25.00 , 25.00 ,,กบ กิ๊ฟช็อป,20 April 2568
,6922220100565,กล่องดินสอเหล็ก ถูก QZ5600 (แพค 9),,, 7.56 , 14.00 , 14.00 ,กล่อง,กบ กิ๊ฟช็อป,20 April 2568
,5000000141159,การ์ดสีสำโรง 150g A4 50 แผ่น คละสี,,, 1.10 , 3.00 , 3.00 ,แผ่น,กบ กิ๊ฟช็อป,20 April 2568
,5000000189755,การ์ดสีสำโรง 180g A4 50 แผ่น คละสี,,, 60.00 , 80.00 , 95.00 ,แพค,กบ กิ๊ฟช็อป,20 April 2568
,8859420706021,กาวร้อน TK Super Glue กล่องแดง (โหล),,, 12.92 , 25.00 , 25.00 ,กล่อง,กบ กิ๊ฟช็อป,20 April 2568
,7000004564693,กิ๊ฟดำแผง 395-7 200 ตัว,,, 13.33 , 20.00 , 20.00 ,แผง,กบ กิ๊ฟช็อป,20 April 2568
,6990711830024,กิ๊ฟดำแผงเขียว 83002 (แพค 50),,, 1.70 , 5.00 , 5.00 ,แผง,กบ กิ๊ฟช็อป,20 April 2568
,5000000096220,กิ๊ฟโบว์ 2 ชั้น เล็ก สีขาว (แพค 6),,, 4.17 , 10.00 , 10.00 ,อัน,กบ กิ๊ฟช็อป,20 April 2568
,5000000256846,กิ๊ฟโบว์ 2 ชั้น เล็ก สีน้ำเงิน (แพค 6),,, 4.17 , 10.00 , 10.00 ,อัน,กบ กิ๊ฟช็อป,20 April 2568
,5000000173563,กิ๊ฟโบว์กุหลาบเล็ก สีขาว (แพค 10),,, 5.50 , 10.00 , 10.00 ,อัน,กบ กิ๊ฟช็อป,20 April 2568
,5000000111916,กิ๊ฟโบว์ติดมุข สีขาว (แพค 10),,, 5.50 , 15.00 , 15.00 ,อัน,กบ กิ๊ฟช็อป,20 April 2568
,5000000256891,กิ๊ฟโบว์ติดมุข สีน้ำเงิน (แพค 10),,, 5.50 , 15.00 , 15.00 ,อัน,กบ กิ๊ฟช็อป,20 April 2568
,5000000255696,กิ๊ฟโบว์ใหญ่ 1 ชั้น สีดำ (แพค 6),,, 9.17 , 15.00 , 15.00 ,อัน,กบ กิ๊ฟช็อป,20 April 2568
,5000000133345,กิ๊ฟโบว์ใหญ่ 2 ชั้น สีขาว (แพค 6),,, 10.00 , 15.00 , 16.00 ,อัน,กบ กิ๊ฟช็อป,20 April 2568
,7000004352986,กิ๊ฟโบว์ใหญ่ 2 ชั้น สีน้ำเงิน (แพค 6),,, 10.00 , 15.00 , 16.00 ,อัน,กบ กิ๊ฟช็อป,20 April 2568
,6852920264895,คลิปดำ 12mm ตราช้าง (E-110),,, 1.67 , 3.00 , 3.00 ,ตัว,กบ กิ๊ฟช็อป,20 April 2568
,8851907264901,คลิปดำ 40mm ตราช้าง 1x12 (E109),,, 2.83 , 4.00 , 4.00 ,ตัว,กบ กิ๊ฟช็อป,20 April 2568
,6942183550252,คลิปดำ Diamond 25mm THA5293-12,,, 0.83 , 2.00 , 2.00 ,ตัว,กบ กิ๊ฟช็อป,20 April 2568
,6938534070197,"คลิปดำ Diamond 3/4"" NO.977118",,, 7.08 , 12.00 , 12.00 ,กล่อง,กบ กิ๊ฟช็อป,20 April 2568
,6942183550412,คลิปดำ Diamond 41mm THA5293-14,,, 1.67 , 4.00 , 4.00 ,ตัว,กบ กิ๊ฟช็อป,20 April 2568
,1988032127706,คลิปบอร์ด ลายไม้ A4,,, 15.00 , 25.00 , 25.00 ,อัน,กบ กิ๊ฟช็อป,20 April 2568
,8853252000968,คลิปบอร์ดหนัง QF-S96 มีฝา,,, 15.00 , 33.00 , 33.00 ,อัน,กบ กิ๊ฟช็อป,20 April 2568
,6938700024856,คลิปหนีบ 19mm KT-2485 (แพค 6),,, 15.00 , 32.00 , 32.00 ,กล่อง,กบ กิ๊ฟช็อป,20 April 2568
,1987208838217,คลิปหนีบ คละสี 19mm (YW-83821) (แพค 6),,, 15.83 , 30.00 , 30.00 ,กล่อง,กบ กิ๊ฟช็อป,20 April 2568
,1987208839368,คลิปหนีบคละสี 25mm (YW-83936) (แพค 6),,, 15.83 , 35.00 , 35.00 ,กล่อง,กบ กิ๊ฟช็อป,20 April 2568
,1987208839351,คลิปหนีบคละสี 32mm (YW-83935) (แพค 6),,, 15.83 , 35.00 , 35.00 ,กล่อง,กบ กิ๊ฟช็อป,20 April 2568
,6938700024900,คลิปหนีบสี 19mm KT-2490 (แพค 6),,, 15.83 , 35.00 , 35.00 ,กล่อง,กบ กิ๊ฟช็อป,20 April 2568
,8851907105068,ควอนตัม ไส้ดินสอกด 0.5mm Q300 2B (โหล),,, 7.92 , 12.00 , 12.00 ,กล่อง,กบ กิ๊ฟช็อป,20 April 2568
,6981144781779,คัตเตอร์ + ใบมีด 3 ชิ้น 9016-3 (โหล),,, 15.00 , 25.00 , 25.00 ,แพค,กบ กิ๊ฟช็อป,20 April 2568
,6923472900170,คัตเตอร์แผงการ์ตูน 88017 (365-40) (โหล),,, 5.83 , 10.00 , 10.00 ,อัน,กบ กิ๊ฟช็อป,20 April 2568
,6968328466127,คัตเตอร์แผงการ์ตูน NO.612-A,,, 4.00 , 10.00 , 10.00 ,อัน,กบ กิ๊ฟช็อป,20 April 2568
,6920805677686,คัตเตอร์แผงการ์ตูน NO.665,,, 4.00 , 10.00 , 10.00 ,อัน,กบ กิ๊ฟช็อป,20 April 2568
,6942307403860,คั่นหน้า HX308 12x44mm,,, 12.50 , 25.00 , 25.00 ,,กบ กิ๊ฟช็อป,20 April 2568
,1988032162790,เครื่องเย็บกระดาษ PL-6279 (โหล),,, 16.25 , 35.00 , 35.00 ,อัน,กบ กิ๊ฟช็อป,20 April 2568
,7000004561128,จานสี 18cm ขาวขุ่น (399-16) (โหล),,, 4.00 , 10.00 , 10.00 ,อัน,กบ กิ๊ฟช็อป,20 April 2568
,5000000251322,จานสีขาวใส ใหญ่ (โหล),,, 4.58 , 10.00 , 10.00 ,อัน,กบ กิ๊ฟช็อป,20 April 2568
,5000000067541,จานสีขุ่น 6 ช่อง เล็ก,,, 1.42 , 5.00 , 5.00 ,อัน,กบ กิ๊ฟช็อป,20 April 2568
,8920234380018,ชุดเครื่องเขียน (8001) THA5272,,, 70.00 , 125.00 , 125.00 ,ชุด,กบ กิ๊ฟช็อป,20 April 2568
,8851673254274,ชุดเครื่องเขียน AVG-8853A,,, 35.00 , 55.00 , 58.00 ,,กบ กิ๊ฟช็อป,20 April 2568
,8851673285193,ชุดเครื่องเขียน MF-8853A,,, 35.00 , 55.00 , 58.00 ,,กบ กิ๊ฟช็อป,20 April 2568
,8851673254304,ชุดเครื่องเขียน SM-8853A,,, 35.00 , 55.00 , 58.00 ,ชุด,กบ กิ๊ฟช็อป,20 April 2568
,6900010090036,ชุดเซ็ตเครื่องเขียน 9003 กล่อง,,, 15.00 , 35.00 , 35.00 ,ชุด,กบ กิ๊ฟช็อป,20 April 2568
,8851673261166,ชุดดินสอ HB HK + กบเหลา KT-1109,,, 45.00 , 69.00 , 75.00 ,ชุด,กบ กิ๊ฟช็อป,20 April 2568
,6941507008097,ชุดวงเวียน JF-809,,, 7.92 , 15.00 , 15.00 ,กล่อง,กบ กิ๊ฟช็อป,20 April 2568
,5000000087631,"ซองขยายข้าง 11""x17"" ครุฑ (แพค 20)",,, 4.00 , 11.00 , 11.00 ,ซอง,กบ กิ๊ฟช็อป,20 April 2568
,5000000119394,"ซองขยายข้าง 11""x17"" ไม่ครุฑ (แพค 20)",,, 4.00 , 10.00 , 10.00 ,ซอง,กบ กิ๊ฟช็อป,20 April 2568
,5000000110384,ซองขยายข้าง 9x12 ครุฑ (แพค 20),,, 3.00 , 6.00 , 6.00 ,ซอง,กบ กิ๊ฟช็อป,20 April 2568
,5000000094868,ซองขยายข้าง 9x12 ไม่ครุฑ (แพค 20),,, 3.00 , 5.00 , 5.00 ,ซอง,กบ กิ๊ฟช็อป,20 April 2568
,5000000067022,ซองขาวยาว สมอ 9/125 (แพค 20),,, 0.39 , 1.00 , 1.00 ,ซอง,กบ กิ๊ฟช็อป,20 April 2568
,5000000102976,ซองจดหมายมาตรฐานขาว C6 (แพค 20),,, 9.00 , 20.00 , 20.00 ,แพค,กบ กิ๊ฟช็อป,20 April 2568
,5000000087648,ซองน้ำตาล 9x12 3/4 KA (แพค 20),,, 2.00 , 5.00 , 5.00 ,ซอง,กบ กิ๊ฟช็อป,20 April 2568
,5000000134977,ดอกพุดร่วง ตราผีเสื้อ (1x50 ดอก),,, 4.22 , 25.00 , 25.00 ,ถุง,กบ กิ๊ฟช็อป,20 April 2568
,8852019001231,ดอกไม้จัดมุมบอร์ดเล็ก (โหล),,, 6.67 , 15.00 , 15.00 ,,กบ กิ๊ฟช็อป,20 April 2568
,8852019001255,ดอกไม้จัดมุมบอร์ใหญ่,,, 15.00 , 20.00 , 30.00 ,,กบ กิ๊ฟช็อป,20 April 2568
,8852019002078,ดอกไม้ติดบอร์ด คละไซส์ (โหล),,, 5.42 , 10.00 , 10.00 ,,กบ กิ๊ฟช็อป,20 April 2568
,5000000232413,ดอกรักผีเสื้อ ไม่มีขั้ว - เขียว (1600 ดอก),,, 120.00 , 165.00 , 175.00 ,ถุง,กบ กิ๊ฟช็อป,20 April 2568
,8858784830281,ดินน้ำมัน Zaja 100 กรัม คละสี (แพค 24),,, 78.00 , 115.00 , 118.00 ,แพค,กบ กิ๊ฟช็อป,20 April 2568
,8858784830113,ดินน้ำมัน Zaja 100 กรัม คละสี (โหล),,, 3.33 , 5.00 , 5.00 ,ก้อน,กบ กิ๊ฟช็อป,20 April 2568
,6922971098715,ดินสอกด NO.9871/6144-3 0.5mm,,, 7.50 , 15.00 , 15.00 ,ด้าม,กบ กิ๊ฟช็อป,20 April 2568
,6922971099903,ดินสอกด Oufeiya 0.5mm NO.9990,,, 10.00 , 16.00 , 17.00 ,ด้าม,กบ กิ๊ฟช็อป,20 April 2568
,6922971087528,ดินสอกด Oufeiya 0.7mm M8752,,, 10.42 , 18.00 , 18.00 ,ด้าม,กบ กิ๊ฟช็อป,20 April 2568
,6922971092232,ดินสอกด Oufeiya 0.7mm NO.9223,,, 10.00 , 16.00 , 17.00 ,ด้าม,กบ กิ๊ฟช็อป,20 April 2568
,7000004387308,ดินสอกด Oufeiya DM 0.7 M-103,,, 7.50 , 15.00 , 15.00 ,ด้าม,กบ กิ๊ฟช็อป,20 April 2568
,6922971077178,ดินสอกด Oufeiya WF-7717/6144-2 0.5mm,,, 11.25 , 20.00 , 20.00 ,ด้าม,กบ กิ๊ฟช็อป,20 April 2568
,6930358806631,ดินสอกด TS34021 2.0mm (โหล),,, 4.00 , 8.00 , 8.00 ,ด้าม,กบ กิ๊ฟช็อป,20 April 2568
,6930358806631,ดินสอกด TS34022 (โหล),,, 4.00 , 12.00 , 12.00 ,ด้าม,กบ กิ๊ฟช็อป,20 April 2568
,8851907276997,แฟ้ม 2 ห่วง 221VB เบบี้บลู วิวบายเดอร์,,, 55.00 , 63.00 , 65.00 ,อัน,เอป๊อป,9 October 2025
,8851907276829,แฟ้ม 2 ห่วง 221VB ลาเวนเดอร์ วิวบายเดอร์,,, 55.00 , 63.00 , 65.00 ,อัน,เอป๊อป,9 October 2025
,8851907147075,ตราช้าง สมุดนักเรียน 20 บาท (โหล),,, 10.00 , 20.00 , 20.00 ,เล่ม,กบ กิ๊ฟช็อป,20 April 2568
,8851907277499,ตราช้าง สมุดนักเรียน 9/40 สพฐ. (โหล),,, 5.83 , 10.00 , 10.00 ,เล่ม,กบ กิ๊ฟช็อป,20 April 2568
,8858121001329,ตรายาง คู่ฉบับ,,, 17.00 , 17.00 , 25.00 ,อัน,กบ กิ๊ฟช็อป,20 April 2568
,8858121001053,ตรายาง ต้นฉบับ,,, 17.00 , 17.00 , 25.00 ,อัน,กบ กิ๊ฟช็อป,20 April 2568
,8858121001138,ตรายาง ตรวจแล้ว,,, 17.00 , 17.00 , 25.00 ,อัน,กบ กิ๊ฟช็อป,20 April 2568
,8858121001398,ตรายาง รับรองสำเนาถูกต้อง,,, 17.00 , 17.00 , 25.00 ,อัน,กบ กิ๊ฟช็อป,20 April 2568
,8858121001367,ตรายาง รับแล้ว,,, 17.00 , 17.00 , 25.00 ,อัน,กบ กิ๊ฟช็อป,20 April 2568
,7000004423266,ตัวเลขเหล็ก 80 mm AK,,, 14.00 , 14.00 , 25.00 ,อัน,กบ กิ๊ฟช็อป,20 April 2568
,5000000219674,ติดบอร์ดรูปกระถางต้นไม้,,, 35.00 , 55.00 , 58.00 ,,กบ กิ๊ฟช็อป,20 April 2568
,5000000098354,ตู้งานจีนจิ๋ว,,, 150.00 , 220.00 , 250.00 ,ตู้,กบ กิ๊ฟช็อป,20 April 2568
,5000000176946,ตู้ต้นไม้มงคลจิ๋ว,,, 150.00 , 220.00 , 250.00 ,ตู้,กบ กิ๊ฟช็อป,20 April 2568
,5000000252558,ตู้พระ 1 นิ้ว/3 ฤดูคู่บ้าน (ตู้ไม้),,, 180.00 , 250.00 , 280.00 ,ตู้,กบ กิ๊ฟช็อป,20 April 2568
,5000000041565,ตู้พระจิ๋ว DSS,,, 120.00 , 180.00 , 200.00 ,ตู้,กบ กิ๊ฟช็อป,20 April 2568
,5000000099959,ตู้พระฐานเรซิ่น เล็ก,,, 120.00 , 180.00 , 200.00 ,,กบ กิ๊ฟช็อป,20 April 2568
,5000000099958,ตู้เรือสุพรรณหงษ์ 8 นิ้ว,,, 400.00 , 550.00 , 580.00 ,ตู้,กบ กิ๊ฟช็อป,20 April 2568
,5000000253746,ถุงหิ้วหน้า 8x16 นิ้ว ชมพู 1/2 kg,,, 40.00 , 40.00 , 50.00 ,ห่อ,กบ กิ๊ฟช็อป,20 April 2568
,5000000014828,ถุงหูหิ้ว AB บาง 12x26 1/2 กก.,,, 35.00 , 35.00 , 45.00 ,ห่อ,กบ กิ๊ฟช็อป,20 April 2568
,8956986893056,ที่เจาะกระดาษ 2 รู SX8230,,, 15.00 , 30.00 , 35.00 ,เครื่อง,กบ กิ๊ฟช็อป,20 April 2568
,6921734901378,ที่เจาะกระดาษ Deli 2 รู NO.0137,,, 90.00 , 135.00 , 145.00 ,เครื่อง,กบ กิ๊ฟช็อป,20 April 2568
,6934072302189,ที่เจาะกระดาษ XL-268,,, 45.00 , 65.00 , 68.00 ,เครื่อง,กบ กิ๊ฟช็อป,20 April 2568
,1987208839016,เทปกาว 2 หน้า YW-83901 (โหล),,, 6.67 , 20.00 , 20.00 ,แพค,กบ กิ๊ฟช็อป,20 April 2568
,8850304007692,เทปโฟม 3M 110 21mmx3m,,, 115.00 , 150.00 , 185.00 ,แพค,กบ กิ๊ฟช็อป,20 April 2568
,1987621325776,เทปลบคำผิด 4 ชิ้น (9158),,, 15.00 , 38.00 , 38.00 ,ชุด,กบ กิ๊ฟช็อป,20 April 2568
,8851907322151,เทปลบคำผิด เดี่ยว Elfen 3M เพื่อนตัวจ้อย (โหล),,, 7.92 , 15.00 , 15.00 ,อัน,กบ กิ๊ฟช็อป,20 April 2568
,5000000197309,ธง วปร. เหลือง 50x75 cm (โหล),,, 15.00 , 30.00 , 30.00 ,,กบ กิ๊ฟช็อป,20 April 2568
,5000000019717,ธง วปร. เหลือง 60x90 cm (โหล),,, 16.67 , 35.00 , 35.00 ,,กบ กิ๊ฟช็อป,20 April 2568
,5000000197224,ธง สก. ฟ้า 40x60 cm (โหล),,, 15.00 , 20.00 , 25.00 ,,กบ กิ๊ฟช็อป,20 April 2568
,5000000197248,ธง สก. ฟ้า 60x90 cm (โหล),,, 18.33 , 35.00 , 35.00 ,,กบ กิ๊ฟช็อป,20 April 2568
,5000000197354,ธง สท. ม่วง 60x90 cm (โหล),,, 16.67 , 35.00 , 35.00 ,,กบ กิ๊ฟช็อป,20 April 2568
,5000000197347,ธง สท.ม่วง 50x75 cm (โหล),,, 15.00 , 30.00 , 30.00 ,,กบ กิ๊ฟช็อป,20 April 2568
,5000000182367,ธงชาติ 40x60 cm (โหล),,, 12.50 , 20.00 , 25.00 ,,กบ กิ๊ฟช็อป,20 April 2568
,5000000172771,ธงชาติ 60x90 cm (โหล),,, 15.83 , 35.00 , 50.00 ,,กบ กิ๊ฟช็อป,20 April 2568
,5000000172788,ธงชาติ 70x105 cm (โหล),,, 21.67 , 45.00 , 45.00 ,,กบ กิ๊ฟช็อป,20 April 2568
,5000000201617,ธงธรรมจักร 80x120 cm (โหล),,, 27.50 , 50.00 , 50.00 ,,กบ กิ๊ฟช็อป,20 April 2568
,5000000203338,ธงพระเทพ 50x75 cm (โหล),,, 15.00 , 30.00 , 30.00 ,,กบ กิ๊ฟช็อป,20 April 2568
,5000000203345,ธงพระเทพ 60x90 cm (โหล),,, 16.67 , 35.00 , 35.00 ,,กบ กิ๊ฟช็อป,20 April 2568
,7000004507751,ธงราวสามเหลี่ยม 7 สี ยาว 15 เมตร (โหล),,, 30.00 , 45.00 , 50.00 ,อัน,กบ กิ๊ฟช็อป,20 April 2568
,5000000191031,ธงราวสามเหลี่ยม 7 สี ยาว 7 เมตร (โหล),,, 15.00 , 25.00 , 25.00 ,,กบ กิ๊ฟช็อป,20 April 2568
,5000000208685,ธงสี 60x90 cm (โหล),,, 15.42 , 35.00 , 35.00 ,,กบ กิ๊ฟช็อป,20 April 2568
,5000000208692,ธงสี 80x120 cm (โหล),,, 26.67 , 45.00 , 45.00 ,,กบ กิ๊ฟช็อป,20 April 2568
,5000000249794,เน็ตผม THA5453-7,,, 25.00 , 49.00 , 49.00 ,อัน,กบ กิ๊ฟช็อป,20 April 2568
,5000000249817,เน็ตผม ขาว-ดำ THA5453-6,,, 25.00 , 49.00 , 49.00 ,อัน,กบ กิ๊ฟช็อป,20 April 2568
,5000000187003,เน็ตผมธรรมดา (แพค 6),,, 26.67 , 55.00 , 55.00 ,อัน,กบ กิ๊ฟช็อป,20 April 2568
,5000000250288,เน็ตผมสีดำ THA5453-6.1,,, 30.00 , 49.00 , 49.00 ,อัน,กบ กิ๊ฟช็อป,20 April 2568
,5000000010257,โบว์เส้น 1.5 cm สีขาว (โหล),,, 2.92 , 5.00 , 6.00 ,เส้น,กบ กิ๊ฟช็อป,20 April 2568
,5000000233748,โบว์เส้น 1.5 cm สีดำ (โหล),,, 2.92 , 5.00 , 6.00 ,เส้น,กบ กิ๊ฟช็อป,20 April 2568
,5000000233731,โบว์เส้น 1.5 cm สีน้ำเงิน (โหล),,, 2.92 , 5.00 , 6.00 ,เส้น,กบ กิ๊ฟช็อป,20 April 2568
,7000004433258,ใบมีดคัตเตอร์ L-150 ใหญ่ (แพค 10),,, 7.00 , 10.00 , 10.00 ,กล่อง,กบ กิ๊ฟช็อป,20 April 2568
,8858729208205,ใบมีดคัตเตอร์ ตราม้า H-30s,,, 15.50 , 28.00 , 28.00 ,กล่อง,กบ กิ๊ฟช็อป,20 April 2568
,8858729208403,ใบมีดคัตเตอร์ ตราม้า H-45s,,, 15.50 , 28.00 , 28.00 ,กล่อง,กบ กิ๊ฟช็อป,20 April 2568
,5000000141159,ปกสีพื้นเข้ม A4 180g,,, 60.00 , 100.00 , 100.00 ,,กบ กิ๊ฟช็อป,20 April 2568
,8851295511021,ปากกา Whiteboard Pilot ดำ (โหล),,, 15.83 , 25.00 , 25.00 ,ด้าม,กบ กิ๊ฟช็อป,20 April 2568
,,ปากกา Whiteboard Pilot แดง (โหล),,, 15.83 , 25.00 , 25.00 ,ด้าม,กบ กิ๊ฟช็อป,20 April 2568
,8851295511014,ปากกา Whiteboard Pilot น้ำเงิน (โหล),,, 15.83 , 25.00 , 25.00 ,ด้าม,กบ กิ๊ฟช็อป,20 April 2568
,6931500500124,ปากกาเน้นข้อความ 4 ชิ้น F-6608/371-21 (โหล),,, 12.50 , 25.00 , 25.00 ,แพค,กบ กิ๊ฟช็อป,20 April 2568
,8851552307473,ปากกาเมจิก H-110 ดำ ตราม้า (โหล),,, 5.42 , 10.00 , 10.00 ,ด้าม,กบ กิ๊ฟช็อป,20 April 2568
,8851552307480,ปากกาเมจิก H-110 แดง ตราม้า (โหล),,, 5.42 , 10.00 , 10.00 ,ด้าม,กบ กิ๊ฟช็อป,20 April 2568
,8851295410034,ปากกาสีน้ำ Pilot SDR-200 แดง,,, 4.58 , 8.00 , 8.00 ,ด้าม,กบ กิ๊ฟช็อป,20 April 2568
,8851295410010,ปากกาสีน้ำ Pilot SDR-200 น้ำเงิน,,, 4.58 , 8.00 , 8.00 ,ด้าม,กบ กิ๊ฟช็อป,20 April 2568
,8859830613261,ปากกาไฮไลท์ 4 แท่ง SY-8808 (21326),,, 15.00 , 25.00 , 25.00 ,แพค,กบ กิ๊ฟช็อป,20 April 2568
,88888888822,ป้ายพลาสติกสัญลักษณ์ 20x30 cm,,, 20.00 , 20.00 , 35.00 ,,กบ กิ๊ฟช็อป,20 April 2568
,88888888823,ป้ายสัญลักษณ์เหล็ก 14x14 cm AK,,, 20.00 , 20.00 , 35.00 ,,กบ กิ๊ฟช็อป,20 April 2568
,6975276231141,ป้ายใส่บัตร มีสายห้อย THA071-7073-11 (โหล),,, 8.17 , 15.00 , 15.00 ,อัน,กบ กิ๊ฟช็อป,20 April 2568
,88888888821,ป้ายเหล็กสัญลักษณ์ 10x10 cm AK,,, 15.00 , 15.00 , 25.00 ,,กบ กิ๊ฟช็อป,20 April 2568
,5000000099957,ปี่เซี๊ยะคู่เล็ก,,, 450.00 , 550.00 , 650.00 ,ตู้,กบ กิ๊ฟช็อป,20 April 2568
,8851907137717,แผ่นรองตัด Elfen A3,,, 105.00 , 195.00 , 198.00 ,แผ่น,กบ กิ๊ฟช็อป,20 April 2568
,8851907137700,แผ่นรองตัด Elfen A4,,, 65.00 , 109.00 , 120.00 ,แผ่น,กบ กิ๊ฟช็อป,20 April 2568
,5000000099950,พระคู่บ้านเล็ก (ตู้ไม้) P01,,, 450.00 , 550.00 , 650.00 ,,กบ กิ๊ฟช็อป,20 April 2568
,8851907030889,พู่กัน Masterart เบอร์ 0 (แพค 10),,, 5.20 , 12.00 , 12.00 ,ด้าม,กบ กิ๊ฟช็อป,20 April 2568
,8851907140892,พู่กัน Masterart เบอร์ 00 (140892) ,,, 8.80 , 15.00 , 15.00 ,ด้าม,กบ กิ๊ฟช็อป,20 April 2568
,8851907030896,พู่กัน Masterart เบอร์ 1 (แพค 10),,, 6.00 , 10.00 , 10.00 ,ด้าม,กบ กิ๊ฟช็อป,20 April 2568
,8851907030988,พู่กัน Masterart เบอร์ 10 (แพค 10),,, 24.00 , 36.00 , 36.00 ,ด้าม,กบ กิ๊ฟช็อป,20 April 2568
,8851907030995,พู่กัน Masterart เบอร์ 11 (แพค 10),,, 27.00 , 39.00 , 39.00 ,ด้าม,กบ กิ๊ฟช็อป,20 April 2568
,8851907031008,พู่กัน Masterart เบอร์ 12 (แพค 10),,, 33.00 , 44.00 , 44.00 ,ด้าม,กบ กิ๊ฟช็อป,20 April 2568
,8851907030902,พู่กัน Masterart เบอร์ 2 (แพค 10),,, 8.00 , 12.00 , 12.00 ,ด้าม,กบ กิ๊ฟช็อป,20 April 2568
,8851907030919,พู่กัน Masterart เบอร์ 3 (แพค 10),,, 8.80 , 14.00 , 14.00 ,ด้าม,กบ กิ๊ฟช็อป,20 April 2568
,8851907030926,พู่กัน Masterart เบอร์ 4 (แพค 10),,, 9.50 , 17.00 , 17.00 ,ด้าม,กบ กิ๊ฟช็อป,20 April 2568
,8851907030933,พู่กัน Masterart เบอร์ 5 (แพค 10),,, 10.50 , 20.00 , 20.00 ,ด้าม,กบ กิ๊ฟช็อป,20 April 2568
,8851907030940,พู่กัน Masterart เบอร์ 6 (แพค 10),,, 11.50 , 23.00 , 23.00 ,ด้าม,กบ กิ๊ฟช็อป,20 April 2568
,8851907030957,พู่กัน Masterart เบอร์ 7 (แพค 10),,, 13.00 , 28.00 , 28.00 ,ด้าม,กบ กิ๊ฟช็อป,20 April 2568
,8851907030964,พู่กัน Masterart เบอร์ 8 (แพค 10),,, 15.50 , 30.00 , 30.00 ,ด้าม,กบ กิ๊ฟช็อป,20 April 2568
,8851907030971,พู่กัน Masterart เบอร์ 9 (แพค 10),,, 19.50 , 33.00 , 33.00 ,ด้าม,กบ กิ๊ฟช็อป,20 April 2568
,8854696003409,พู่กันพานทอง เบอร์ 1 (โหล),,, 5.42 , 10.00 , 10.00 ,ด้าม,กบ กิ๊ฟช็อป,20 April 2568
,8854696003416,พู่กันพานทอง เบอร์ 2 (โหล),,, 6.00 , 11.00 , 11.00 ,ด้าม,กบ กิ๊ฟช็อป,20 April 2568
,8854696003430,พู่กันพานทอง เบอร์ 4 (โหล),,, 7.50 , 13.00 , 13.00 ,ด้าม,กบ กิ๊ฟช็อป,20 April 2568
,8854696003454,พู่กันพานทอง เบอร์ 6 (โหล),,, 9.00 , 15.00 , 15.00 ,ด้าม,กบ กิ๊ฟช็อป,20 April 2568
,8854696003478,พู่กันพานทอง เบอร์ 8 (แพค 6),,, 11.67 , 18.00 , 18.00 ,ด้าม,กบ กิ๊ฟช็อป,20 April 2568
,8854696003485,พู่กันพานทอง เบอร์ 9 (แพค 6),,, 13.33 , 21.00 , 21.00 ,ด้าม,กบ กิ๊ฟช็อป,20 April 2568
,5000000260317,ฟอร่าเทป 20y (โหล),,, 12.08 , 20.00 , 20.00 ,ม้วน,กบ กิ๊ฟช็อป,20 April 2568
,8020015002,ฟิวเจอร์บอร์ดกลาง 61 x 65 cm,,, 16.00 , 30.00 , 30.00 ,แผ่น,กบ กิ๊ฟช็อป,20 April 2568
,8020015003,ฟิวเจอร์บอร์ดเล็ก 49 x 65 cm,,, 12.00 , 25.00 , 25.00 ,แผ่น,กบ กิ๊ฟช็อป,20 April 2568
,8020015001,ฟิวเจอร์บอร์ดใหญ่ 65 x 122 cm,,, 30.00 , 45.00 , 45.00 ,แผ่น,กบ กิ๊ฟช็อป,20 April 2568
,7000004505832,ฟุตเหล็กหนา 20 cm S2123 (โหล),,, 7.50 , 20.00 , 20.00 ,อัน,กบ กิ๊ฟช็อป,20 April 2568
,7000004390582,ฟุตเหล็กหนา 30 cm (3009) (โหล),,, 10.00 , 25.00 , 25.00 ,อัน,กบ กิ๊ฟช็อป,20 April 2568
,8851907278120,แฟ้ม 2 ห่วง 221VB พีช วิวบายเดอร์,,, 55.00 , 63.00 , 65.00 ,อัน,เอป๊อป,9 October 2025
,8851907276898,แฟ้ม 2 ห่วง 221VB แอปริคอต วิวบายเดอร์,,, 55.00 , 63.00 , 65.00 ,อัน,เอป๊อป,9 October 2025
,8851907160012,แฟ้ม 2 ห่วง 221VB ดูราพลาส เขียว,,, 59.00 , 62.00 , 64.00 ,อัน,รักไทยแสนทวี,9 October 2025
,8851907253912,แฟ้ม 2 ห่วง 221VB ดูราพลาส ม่วง,,, 59.00 , 62.00 , 64.00 ,อัน,รักไทยแสนทวี,9 October 2025
,8851907160029,แฟ้ม 2 ห่วง 221VB ดูราพลาส ชมพู,,, 59.00 , 62.00 , 64.00 ,อัน,รักไทยแสนทวี,9 October 2025
,7000004328318,SSB แฟ้ม 2 ห่วง A4 สอดปกได้,,, 22.00 , 38.00 , 38.00 ,อัน,กบ กิ๊ฟช็อป,20 April 2568
,8851907153335,ตราช้าง แฟ้ม 3 ห่วง 20 ซอง สเปคตรัม 231 น้ำเงิน,,, 72.00 , 95.00 , 98.00 ,อัน,กบ กิ๊ฟช็อป,20 April 2568
,8851907278151,ตราช้าง แฟ้มโชว์เอกสาร A4 PF01,,, 17.50 , 30.00 , 30.00 ,อัน,กบ กิ๊ฟช็อป,20 April 2568
,5000000210848,แฟ้ม 4 ห่วง A4 ปกหนัง #99 คละสี,,, 60.00 , 120.00 , 120.00 ,อัน,กบ กิ๊ฟช็อป,20 April 2568
,8851907253233,แฟ้ม Elfen 2 ห่วง (2222 A4),,, 35.00 , 65.00 , 65.00 ,,กบ กิ๊ฟช็อป,20 April 2568
,8851907234027,แฟ้ม Elfen สันแคบ 201 A4,,, 48.00 , 70.00 , 80.00 ,อัน,กบ กิ๊ฟช็อป,20 April 2568
,6972404676188,แฟ้มกระดุม A4 HY-7618,,, 6.25 , 10.00 , 12.00 ,อัน,กบ กิ๊ฟช็อป,20 April 2568
,5000000212361,แฟ้มกระดุม A4 มีป้ายชื่อ AK (โหล),,, 5.42 , 11.00 , 11.00 ,,กบ กิ๊ฟช็อป,20 April 2568
,6972765888343,แฟ้มกระดุม CY834-S2137 (โหล),,, 7.08 , 10.00 , 10.00 ,อัน,กบ กิ๊ฟช็อป,20 April 2568
,7000004388947,แฟ้มกระดุมใส คละสี NO.6146-18-1 (โหล),,, 5.42 , 10.00 , 10.00 ,อัน,กบ กิ๊ฟช็อป,20 April 2568
,9000125,เม็ดโฟมสี เม็ดเล็ก (โหล),,, 15.00 , 25.00 , 25.00 ,,กบ กิ๊ฟช็อป,20 April 2568
,5000000193813,ไม้บรรทัดลายการ์ตูน 034 (โหล),,, 2.92 , 5.00 , 5.00 ,อัน,กบ กิ๊ฟช็อป,20 April 2568
,7000004543506,ไม้บรรทัดอะลูมิเนียม 30 cm (โหล),,, 6.25 , 12.00 , 12.00 ,อัน,กบ กิ๊ฟช็อป,20 April 2568
,5000000158812,"ลวดต้น 14"" (แพค 100)",,, 1.20 , 2.00 , 2.00 ,ก้าน,กบ กิ๊ฟช็อป,20 April 2568
,8851552110004,ลวดเย็บ MAX NO.35-1m แพค 24,,, 12.29 , 16.00 , 16.00 ,กล่อง,กบ กิ๊ฟช็อป,20 April 2568
,8852398137552,ลวดเย็บ NO.3-1m YOYA (แพค 24),,, 7.42 , 14.00 , 14.00 ,กล่อง,กบ กิ๊ฟช็อป,20 April 2568
,6938702710580,ลวดเสียบเลส THA5293-2 (โหล),,, 7.92 , 10.00 , 12.00 ,กล่อง,กบ กิ๊ฟช็อป,20 April 2568
,6938702710580,ลวดเสียบสี THA5293-9 (โหล),,, 7.92 , 11.00 , 12.00 ,กล่อง,กบ กิ๊ฟช็อป,20 April 2568
,8850304018476,สก๊อตช์ เทปโฟมกาวสองหน้า 21mm 60cm,,, 25.42 , 45.00 , 45.00 ,ห่อ,กบ กิ๊ฟช็อป,20 April 2568
,8859063412433,สมุด สพฐ. 9/40 เส้นกราฟ (SSB) (แพค 24),,, 4.79 , 10.00 , 10.00 ,เล่ม,กบ กิ๊ฟช็อป,20 April 2568
,8851419023577,สมุด สพฐ. 9/80 เส้นครึ่ง (SJ) (โหล),,, 11.67 , 20.00 , 20.00 ,เล่ม,กบ กิ๊ฟช็อป,20 April 2568
,6943408900289,สมุดโน้ต A5 CX32K3280-22054,,, 12.00 , 23.00 , 23.00 ,เล่ม,กบ กิ๊ฟช็อป,20 April 2568
,8858361002186,สมุดโน้ต NJ-8543 (โหล),,, 18.33 , 40.00 , 40.00 ,,กบ กิ๊ฟช็อป,20 April 2568
,8858361002261,สมุดโน้ต NJ-9543 (โหล),,, 15.83 , 30.00 , 30.00 ,,กบ กิ๊ฟช็อป,20 April 2568
,6975830562629,สมุดโน้ตริมห่วง A5-2320/1,,, 15.00 , 20.00 , 25.00 ,เล่ม,กบ กิ๊ฟช็อป,20 April 2568
,6927291698676,"สมุดโน้ตริมห่วง A6 (058-9,10) (โหล)",,, 7.92 , 16.00 , 16.00 ,เล่ม,กบ กิ๊ฟช็อป,20 April 2568
,6972720980198,สมุดโน้ตริมห่วง B5 T1438-2007,,, 15.00 , 25.00 , 25.00 ,เล่ม,กบ กิ๊ฟช็อป,20 April 2568
,6974766030295,สมุดโน้ตริมห่วง XQA7-5401,,, 15.00 , 15.00 , 25.00 ,เล่ม,กบ กิ๊ฟช็อป,20 April 2568
,6945854125452,สมุดโน้ตริมห่วง ปกการ์ตูน XQ90K-1482,,, 14.17 , 25.00 , 25.00 ,เล่ม,กบ กิ๊ฟช็อป,20 April 2568
,6972720295018,"สมุดโน้ตริมห่วง ปกอ่อน A5 (058-1,2,3,4,5) (โหล) 2 BC",,, 12.50 , 25.00 , 25.00 ,,กบ กิ๊ฟช็อป,20 April 2568
,6972720293137,"สมุดโน้ตริมห่วงปกแข็ง A5 (058-6,7,8) (โหล)",,, 15.00 , 30.00 , 30.00 ,,กบ กิ๊ฟช็อป,20 April 2568
,8851457006433,สมุดบัญชี DP510 (แพค 3),,, 88.33 , 155.00 , 155.00 ,เล่ม,กบ กิ๊ฟช็อป,20 April 2568
,8851457006082,สมุดบันทึกปกแข็ง DP101 (แพค 3),,, 76.67 , 125.00 , 127.00 ,เล่ม,กบ กิ๊ฟช็อป,20 April 2568
,8851673300193,สมุดปกกระดาษ 30 แผ่น MG-387-90,,, 15.00 , 25.00 , 25.00 ,,กบ กิ๊ฟช็อป,20 April 2568
,8851673297936,สมุดปกกระดาษ 30 แผ่น MK-387-90,,, 15.00 , 25.00 , 25.00 ,,กบ กิ๊ฟช็อป,20 April 2568
,8851673297486,สมุดปกกระดาษ 30 แผ่น WJ-387-90,,, 15.00 , 25.00 , 25.00 ,,กบ กิ๊ฟช็อป,20 April 2568
,8815465413157,สมุดรายงาน BOBO (โหล),,, 15.00 , 25.00 , 25.00 ,เล่ม,กบ กิ๊ฟช็อป,20 April 2568
,8851960002854,สมุดรายงาน Double A A4 40 แผ่น (โหล),,, 23.75 , 36.00 , 40.00 ,เล่ม,กบ กิ๊ฟช็อป,20 April 2568
,8858361001257,สมุดรายงาน NP4153 รักษ์โลก (โหล),,, 23.75 , 51.00 , 51.00 ,เล่ม,กบ กิ๊ฟช็อป,20 April 2568
,6972554308205,สมุดริมห่วง B5 GQWH001-2019,,, 15.00 , 25.00 , 25.00 ,,กบ กิ๊ฟช็อป,20 April 2568
,8851907077914,สมุดวาดเขียน Master J 101 (โหล),,, 31.67 , 49.00 , 53.00 ,,กบ กิ๊ฟช็อป,20 April 2568
,8851907236649,สมุดวาดเขียน Renaissance เรียบ R205 200grm A4 (แพค 6),,, 61.67 , 95.00 , 105.00 ,เล่ม,กบ กิ๊ฟช็อป,20 April 2568
,8851907218102,สมุดวาดเขียน Renaissance หยาบ R105 200grm A4 (แพค 6),,, 61.67 , 95.00 , 105.00 ,เล่ม,กบ กิ๊ฟช็อป,20 April 2568
,8859063412396,สมุดวาดเขียน TBI 80 grm,,, 3.67 , 7.00 , 7.00 ,,กบ กิ๊ฟช็อป,20 April 2568
,8852317130022,สมุดวาดเขียนใหญ่ No.401-1 (แพค 24),,, 6.67 , 10.00 , 12.00 ,,กบ กิ๊ฟช็อป,20 April 2568
,7000004541083,สายคล้อง + ป้าย Love (โหล),,, 7.92 , 20.00 , 20.00 ,,กบ กิ๊ฟช็อป,20 April 2568
,6975276231158,สายคล้อง + ป้ายห้อย 073-10 (โหล),,, 8.17 , 20.00 , 20.00 ,,กบ กิ๊ฟช็อป,20 April 2568
,6975276230359,สายคล้อง + ป้ายห้อย 073-9 (โหล),,, 7.08 , 20.00 , 20.00 ,,กบ กิ๊ฟช็อป,20 April 2568
,7000004284072,สายรุ้งตัด เล็ก 7 สี (แพค 10),,, 5.50 , 7.00 , 10.00 ,แพค,กบ กิ๊ฟช็อป,20 April 2568
,4711577000060,สีชอล์ค Pentel 12 สี (โหล),,, 29.17 , 45.00 , 45.00 ,กล่อง,กบ กิ๊ฟช็อป,20 April 2568
,4711577000084,สีชอล์ค Pentel 25 สี,,, 65.00 , 85.00 , 95.00 ,กล่อง,กบ กิ๊ฟช็อป,20 April 2568
,4711577000091,สีชอล์ค Pentel 36 สี,,, 90.00 , 145.00 , 145.00 ,กล่อง,กบ กิ๊ฟช็อป,20 April 2568
,4711577000107,สีชอล์ค Pentel 50 สี,,, 125.00 , 189.00 , 189.00 ,กล่อง,กบ กิ๊ฟช็อป,20 April 2568
,8851907101596,สีไม้ยาว 12 สี Elfen (โหล),,, 20.83 , 35.00 , 35.00 ,,กบ กิ๊ฟช็อป,20 April 2568
,6927477568786,ไส้ดินสอกด 0.5mm 2B TX-878 (โหล),,, 4.00 , 8.00 , 8.00 ,กล่อง,กบ กิ๊ฟช็อป,20 April 2568
,6927477590022,ไส้ดินสอกด 0.7 2B TX-9002,,, 5.42 , 8.00 , 8.00 ,กล่อง,กบ กิ๊ฟช็อป,20 April 2568
,6972973381209,แฟ้มโชว์เอกสาร พาสเทล NO.1020,,, 15.00 , 35.00 , 35.00 ,อัน,กบ กิ๊ฟช็อป,20 April 2568
,5000000205462,แฟ้มเติมไส้ A4 สอดปกได้ SSB (โหล),,, 18.75 , 32.00 , 32.00 ,อัน,กบ กิ๊ฟช็อป,20 April 2568
,5000000220687,หนีบไม้ 3.5cm (100 ชิ้น) (0892-1),,, 45.00 , 68.00 , 68.00 ,ห่อ,กบ กิ๊ฟช็อป,20 April 2568
,6920210001595,หมุดสีทอง 200 ชิ้น HH-159,,, 10.00 , 30.00 , 30.00 ,กล่อง,กบ กิ๊ฟช็อป,20 April 2568
,8851709011734,BK ที่ตัดเทป OPP 2 นิ้ว,,, 41.00 , 68.00 , 68.00 ,,อ.อัษฎางค์,20 April 2568
,8851709002602,BK เทปกาว 2 หน้าบาง แกนเล็ก 12 มม. 5 หลา,,, 4.00 , 10.00 , 10.00 ,ม้วน,อ.อัษฎางค์,20 April 2568
,8851709002411,BK เทปกาว 2 หน้าบาง แกนเล็ก 18 มม. 5 หลา,,, 4.00 , 10.00 , 10.00 ,ม้วน,อ.อัษฎางค์,20 April 2568
,8851709010744,BK เทปโฟม 24มม. แพค 5 ชิ้น,,, 14.42 , 20.00 , 25.00 ,แพค,อ.อัษฎางค์,20 April 2568
,8851709005573,BK เทปโฟมกาวสองหน้า 21 มม. 3 หลา P6,,, 11.50 , 19.00 , 19.00 ,ม้วน,อ.อัษฎางค์,20 April 2568
,8851709009007,BK เทปย่น 1.5 นิ้ว ม้วนเล็ก [x 12.00],,, 4.58 , 10.00 , 10.00 ,ม้วน,อ.อัษฎางค์,20 April 2568
,88517090002350,BK เทปย่น 1.5 นิ้ว ม้วนใหญ่ P8,,, 13.13 , 25.00 , 25.00 ,ม้วน,อ.อัษฎางค์,20 April 2568
,8851709012336,BK เทปเลเซอร์ 2 นิ้ว P6,,, 14.33 , 25.00 , 25.00 ,ม้วน,อ.อัษฎางค์,20 April 2568
,8851709008154,BK ปืนกาวเล็ก,,, 66.00 , 110.00 , 110.00 ,,อ.อัษฎางค์,20 April 2568
,8851709008147,BK ปืนกาวใหญ่,,, 138.00 , 220.00 , 230.00 ,,อ.อัษฎางค์,20 April 2568
,8851709012403,BK สก็อตเทป ใส 12 มม. ม้วนเล็ก P12,,, 3.50 , 10.00 , 10.00 ,อัน,อ.อัษฎางค์,20 April 2568
,8851709012106,BK สก็อตเทป ใส 18 มม. 100y,,, 15.00 , 25.00 , 25.00 ,ม้วน,อ.อัษฎางค์,20 April 2568
,8851709007560,BK สก็อตเทป ใส 18 มม. 36y,,, 7.00 , 12.00 , 12.00 ,ม้วน,อ.อัษฎางค์,20 April 2568
,8851709012427,BK สก็อตเทป ใส 24 มม. ม้วนเล็ก P6,,, 7.00 , 12.00 , 12.00 ,อัน,อ.อัษฎางค์,20 April 2568
,8851204985115,DENKO เยื่อกาว 2 หน้า 0.5 นิ้ว แกนใหญ่ [ x 12.00],,, 6.08 , 12.00 , 12.00 ,ม้วน,อ.อัษฎางค์,20 April 2568
,8851204985117,DENKO เยื่อกาว 2 หน้า 1 นิ้ว แกนใหญ่ [ x 6.00],,, 12.17 , 20.00 , 21.00 ,ม้วน,อ.อัษฎางค์,20 April 2568
,8851204985116,DENKO เยื่อกาว 2 หน้า 3/4 นิ้ว แกนใหญ่ [ x 8.00],,, 9.13 , 15.00 , 16.00 ,ม้วน,อ.อัษฎางค์,20 April 2568
,90036545,Double Bells ดอกรักขาว ไม่มีขั้ว,,, 113.00 , 155.00 , 180.00 ,ถุง,อ.อัษฎางค์,20 April 2568
,8858201014966,KICK ปากกาเจลหัวกด NO.1000 คละสี,,, 8.00 , 22.00 , 22.00 ,ด้าม,อ.อัษฎางค์,20 April 2568
,8859135810884,KS ใบส่งของ No.1/2 ปกน้ำตาล BI-310,,, 9.60 , 15.00 , 17.00 ,,อ.อัษฎางค์,20 April 2568
,8859135810891,KS ใบส่งของ No.2/2 ปกน้ำตาล BI-311,,, 8.10 , 15.00 , 15.00 ,,อ.อัษฎางค์,20 April 2568
,8855805038701,"MAX เทปกาว 2 หน้า 1/2"" 20 หลา [x 12.00]",,, 7.33 , 12.00 , 12.00 ,ม้วน,อ.อัษฎางค์,20 April 2568
,90041327,MESA แท่นตัดเทป T-100,,, 35.00 , 57.00 , 65.00 ,,อ.อัษฎางค์,20 April 2568
,20104627,MS หมุดปักกระทง 25g 28mm,,, 1.92 , 7.00 , 7.00 ,กล่อง,อ.อัษฎางค์,20 April 2568
,A1002301,MS หมุดปักกระทง 50g 28mm,,, 9.20 , 15.00 , 15.00 ,กล่อง,อ.อัษฎางค์,20 April 2568
,8851304985136,SSB เชือกขาวแดง เล็ก,,, 8.17 , 15.00 , 15.00 ,ม้วน,อ.อัษฎางค์,20 April 2568
,8858121001916,SSB แท่นตัดเทป RHINO RH-300,,, 45.00 , 85.00 , 85.00 ,อัน,อ.อัษฎางค์,20 April 2568
,90044878,SSB ไม้ไอติมเล็กสี P10,,, 8.40 , 15.00 , 15.00 ,,อ.อัษฎางค์,20 April 2568
,10943670,SSB ไม้ไอติมใหญ่ยาว P10,,, 16.80 , 25.00 , 25.00 ,,อ.อัษฎางค์,20 April 2568
,6970873982496,แฟ้มสอดมีไส้ A4 52299-16,,, 20.00 , 35.00 , 35.00 ,อัน,กบ กิ๊ฟช็อป,20 April 2568
,8852679200166,TCC. ลวดเสียบมินิ 3เหลี่ยม 200 ตัว [x 12.00],,, 9.17 , 15.00 , 15.00 ,,อ.อัษฎางค์,20 April 2568
,4970115450211,TCC. หมุดปักแผนที่ OPEN ญี่ปุ่น P50,,, 24.00 , 35.00 , 35.00 ,กล่อง,อ.อัษฎางค์,20 April 2568
,8851709010966,"zBK เทป OPP 2""x100y ใส, น้ำตาลเรือใบ [x 6.00]",,, 16.67 , 35.00 , 35.00 ,,อ.อัษฎางค์,20 April 2568
,6948570610172,กรรไกรซิกแซก คละแบบ OL-1017,,, 24.00 , 38.00 , 45.00 ,อัน,อ.อัษฎางค์,20 April 2568
,90001314,กระดาษโปสเตอร์ 1 หน้า คละสีในห่อ [x 100.00],,, 3.45 , 6.00 , 6.00 ,,อ.อัษฎางค์,20 April 2568
,90030833,กระดาษโปสเตอร์ 2 หน้า [x 100.00],,, 4.60 , 8.00 , 8.00 ,,อ.อัษฎางค์,20 April 2568
,8858783670055,กระดาษโปสเตอร์แข็ง A [x 50.00],,, 6.32 , 15.00 , 15.00 ,,อ.อัษฎางค์,20 April 2568
,8851224001258,กาวช้างคาโต้เอ็กซ์ตร้า (แผง 12 ชิ้น),,, 7.50 , 24.00 , 24.00 ,,อ.อัษฎางค์,20 April 2568
,90002847,เข็มกระสอบงอดี - ตรงดี SL-1974,,, 3.28 , 10.00 , 10.00 ,เล่ม,อ.อัษฎางค์,20 April 2568
,90008696,เข็มหมุดแผง,,, 2.29 , 5.00 , 5.00 ,,อ.อัษฎางค์,20 April 2568
,8851907306243,ควอนตัม เจลลูลอยด์ M5 Extreme,,, 2.70 , 7.00 , 7.00 ,ด้าม,อ.อัษฎางค์,20 April 2568
,8851907209117,ควอนตัม ปากกาเจลโล่ 008 ฮิตซ์ น้ำเงิน P50,,, 3.06 , 7.00 , 8.00 ,ด้าม,อ.อัษฎางค์,20 April 2568
,8851907304362,ควอนตัม ปากกาสเก็ตแคคตัส คละสี,,, 2.10 , 6.00 , 6.00 ,ด้าม,อ.อัษฎางค์,20 April 2568
,4902870773199,เครื่องเย็บกระดาษ MaxHD-10 คละสี [x 5.00],,, 70.00 , 108.00 , 120.00 ,อัน,อ.อัษฎางค์,20 April 2568
,90037849,ดิ้นผูกของขวัญ MS เขียว,,, 48.00 , 65.00 , 70.00 ,,อ.อัษฎางค์,20 April 2568
,90036729,"ดิ้นผูกของขวัญเส้นเล็ก MS (144y) สีเงิน, ทอง",,, 33.00 , 45.00 , 45.00 ,,อ.อัษฎางค์,20 April 2568
,8851907172558,ตราช้าง ลวดเสียบกระดาษแบบกลม No.1 33มม,,, 5.50 , 10.00 , 10.00 ,กล่อง,อ.อัษฎางค์,20 April 2568
,90510243,ตะขอแขวน #6 [x 10.00],,, 5.10 , 5.10 , 10.00 ,,อ.อัษฎางค์,20 April 2568
,,ตะขอฮุค #6 (แพค 10),,, 5.10 ,, 10.00 ,อัน,อ.อัษฎางค์,20 April 2568
,90042508,"ที่ตัดเทปพลาสติก OPP 2"" MESA",,, 36.00 , 58.00 , 58.00 ,อัน,อ.อัษฎางค์,20 April 2568
,8855805051618,"เทป OPP กาวน้ำ Max 2"" สีชา (48mmx100y) P6",,, 20.33 , 35.00 , 35.00 ,,อ.อัษฎางค์,20 April 2568
,8855805049981,"เทป OPP กาวน้ำ Max 2"" สีใส (48mmx100y) P6",,, 20.33 , 36.00 , 36.00 ,ม้วน,อ.อัษฎางค์,20 April 2568
,8855805048229,เทปกาวย่น Max (LB) 1 (24mmx18y) [x 12.00],,, 9.17 , 22.00 , 22.00 ,ม้วน,อ.อัษฎางค์,20 April 2568
,5581709010928,"เทปผ้า 2"" ม้วนใหญ่เรือใบคละสี P6",,, 11.67 , 35.00 , 35.00 ,,อ.อัษฎางค์,20 April 2568
,8855805053315,เทปใสกาวน้ำ Nuvo Max 18mm 45Y แพค 2,,, 15.00 , 21.00 , 23.00 ,,อ.อัษฎางค์,20 April 2568
,8855805057887,เทปใสกาวน้ำแกน 1Max สีใส 3/4 (18mm36y) P2 [x 12.00],,, 14.58 , 20.00 , 23.00 ,,อ.อัษฎางค์,20 April 2568
,8858729221778,แท่นตัดเทป 2IN1 ม้า H-20,,, 50.00 , 80.00 , 95.00 ,อัน,อ.อัษฎางค์,20 April 2568
,8851552503646,แท่นประทับตรา Horse#2 แดง [x 12.00],,, 25.42 , 42.00 , 42.00 ,,อ.อัษฎางค์,20 April 2568
,8851552503622,แท่นประทับตรา Horse#2 น้ำเงิน [x 12.00],,, 25.42 , 42.00 , 42.00 ,,อ.อัษฎางค์,20 April 2568
,8859135800694,บิลเงินสด No.1/2 ชั้น STW (คาร์บอนในตัว) BK-401,,, 23.00 , 35.00 , 40.00 ,,อ.อัษฎางค์,20 April 2568
,8859135800700,บิลเงินสด No.2/2 ชั้น STW (คาร์บอนในตัว) BK-402,,, 20.70 , 32.00 , 34.00 ,,อ.อัษฎางค์,20 April 2568
,8859135800717,บิลเงินสด No.3/2 ชั้น STW (คาร์บอนในตัว) BK-403,,, 18.50 , 26.00 , 28.00 ,,อ.อัษฎางค์,20 April 2568
,8851224008202,ใบมีดโกน กลิเตอร์,,, 4.75 , 10.00 , 10.00 ,กล่อง,อ.อัษฎางค์,20 April 2568
,8859135810587,ใบเสร็จรับเงิน No.1/2 คาร์บอนในตัว (เปิดหัว) BK-410,,, 23.00 , 35.00 , 37.00 ,,อ.อัษฎางค์,20 April 2568
,8859135811539,ใบเสร็จรับเงิน No.1/2 ปกน้ำตาล (เปิดหัว) BI-313,,, 10.50 , 15.00 , 17.00 ,,อ.อัษฎางค์,20 April 2568
,8858201014874,ปากกาเจล Kick G-772,,, 5.42 , 18.00 , 18.00 ,ด้าม,อ.อัษฎางค์,20 April 2568
,8851552330181,ปากกาสีน้ำ Horse H-110 ชุด 24 สี,,, 85.00 , 110.00 , 150.00 ,ด้าม,อ.อัษฎางค์,20 April 2568
,8852679101074,ฟลอร่าเทป (เทปพันก้านดอกไม้),,, 12.50 , 20.00 , 20.00 ,ม้วน,อ.อัษฎางค์,20 April 2568
,90031878,มาลินีปากกาเจล 7725 2018/xq0027,,, 4.83 , 18.00 , 18.00 ,ด้าม,อ.อัษฎางค์,20 April 2568
,90039386,ไม้ตีกลองพาเหรด,,, 19.50 , 25.00 , 35.00 ,คู่,อ.อัษฎางค์,20 April 2568
,8851709012588,เรือใบ เทป OPP สี 2 นิ้ว คละสีในแถว P6,,, 13.83 , 30.00 , 30.00 ,ม้วน,อ.อัษฎางค์,20 April 2568
,8851709010768,"เรือใบ เทปผ้า 1"" ม้วนเล็ก คละสี [x 12.00]",,, 4.00 , 10.00 , 10.00 ,,อ.อัษฎางค์,20 April 2568
,8851709010775,"เรือใบ เทปผ้า 1.5"" ม้วนเล็ก คละสี [x 12.00]",,, 6.25 , 15.00 , 15.00 ,,อ.อัษฎางค์,20 April 2568
,8851709010973,"เรือใบ เทปผ้า 1.5"" ม้วนใหญ่ 5 หลา คละสี",,, 8.75 , 22.00 , 22.00 ,ม้วน,อ.อัษฎางค์,20 April 2568
,8851709010782,"เรือใบ เทปผ้า 2"" ม้วนเล็ก คละสี [x 12.00]",,, 8.00 , 17.00 , 17.00 ,,อ.อัษฎางค์,20 April 2568
,8851709016319,"เรือใบ เทประวังแตก 2""x45 หลา ขาว แดง เหลือง",,, 14.33 , 30.00 , 30.00 ,ม้วน,อ.อัษฎางค์,20 April 2568
,4902870826499,ลวดเย็บ MAX T3-10MB [x 20.00],,, 38.00 , 55.00 , 70.00 ,กล่อง,อ.อัษฎางค์,20 April 2568
,8851552132006,ลวดเสียบกระดาษกลมชุบ Horese#1 [x 10.00],,, 6.60 , 12.00 , 12.00 ,กล่อง,อ.อัษฎางค์,20 April 2568
,10000984,สติกเกอร์ตีเส้น 5 มม. เลเซอร์ คละสี,,, 7.00 , 14.00 , 14.00 ,ม้วน,อ.อัษฎางค์,20 April 2568
,10000991,สติกเกอร์ตีเส้น 9 มม. เลเซอร์ คละสี,,, 12.58 , 25.00 , 25.00 ,ม้วน,อ.อัษฎางค์,20 April 2568
,90002342,สมุดฉีกมีเส้น 2/40 เจริญชัย [x 20.00],,, 3.20 , 12.00 , 12.00 ,เล่ม,อ.อัษฎางค์,20 April 2568
,4553101421220,สมุดฉีกมีเส้น 4/40 เจริญชัย (เล็กบาง) [x 20.00],,, 2.00 , 10.00 , 10.00 ,เล่ม,อ.อัษฎางค์,20 April 2568
,445183726956,สมุดฉีกมีเส้น 4/40 เจริญชัย 2 (เล็กบาง) [x 20.00],,, 2.00 , 10.00 , 10.00 ,เล่ม,อ.อัษฎางค์,20 April 2568
,8851907150075,แฟ้มสันกว้าง 2100 A4,,, 70.00 , 115.00 , 120.00 ,อัน,กบ กิ๊ฟช็อป,20 April 2568
,7000004401530,แฟ้มสีใส A4 บาง THA140-2 (โหล),,, 6.67 , 11.00 , 11.00 ,อัน,กบ กิ๊ฟช็อป,20 April 2568
,8859135801424,หนังสือสัญญา (รวม) [x 12.00],,, 12.67 , 22.00 , 22.00 ,,อ.อัษฎางค์,20 April 2568
,90044816,ห่วงทองเหลือง #11 [x 100.00],,, 0.90 , 2.50 , 2.50 ,ห่วง,อ.อัษฎางค์,20 April 2568
,90031946,ห่วงทองเหลือง #14 [x 100.00],,, 0.60 , 2.00 , 2.00 ,ห่วง,อ.อัษฎางค์,20 April 2568
,90044830,ห่วงทองเหลือง #15 [x 100.00],,, 0.46 , 1.00 , 1.00 ,ห่วง,อ.อัษฎางค์,20 April 2568
,8851907130206,เอลเฟ่นลวดเสียบกลม #1 ขนาด 33 มม.,,, 4.50 , 8.00 , 8.00 ,กล่อง,อ.อัษฎางค์,20 April 2568
,,MG สนูปปี้ น้ำเงิน + ดำ,,, 15.00 , 20.00 , 20.00 ,ด้าม,เจ๊ณีกรุ๊ป,24 April 2568
,8855305005401,Pencom 0.5 หมึกน้ำมัน แดง,,, 2.70 , 5.00 , 5.00 ,ด้าม,เจ๊ณีกรุ๊ป,24 April 2568
,1984020248972,กล่องดินสอเหล็ก PL4897,,, 15.83 , 25.00 , 27.00 ,กล่อง,เจ๊ณีกรุ๊ป,24 April 2568
,,กล่องใส่ปากกา 4 เหลี่ยม,,, 15.42 ,, 30.00 ,อัน,เจ๊ณีกรุ๊ป,24 April 2568
,8859813360410,กุญแจ 40 มิล สั้น เงิน,,, 40.00 , 40.00 , 65.00 ,อัน,เจ๊ณีกรุ๊ป,24 April 2568
,166004545,เข็มกลัดจิ๋ว,,, 2.36 , 5.00 , 5.00 ,ชุด,เจ๊ณีกรุ๊ป,24 April 2568
,165003573,เข็มกลัดเบอร์ 2,,, 2.92 , 10.00 , 10.00 ,ชุด,เจ๊ณีกรุ๊ป,24 April 2568
,466005071,เข็มหมุด 100 ตัว,,, 12.08 , 18.00 , 18.00 ,กล่อง,เจ๊ณีกรุ๊ป,24 April 2568
,8851907304119,ควอนตัม Elegant 0.5mm แดง,,, 3.00 , 5.00 , 5.00 ,ด้าม,เจ๊ณีกรุ๊ป,24 April 2568
,6930358806587,ชุดปากกา BP-6628,,, 6.88 , 15.00 , 15.00 ,ด้าม,เจ๊ณีกรุ๊ป,24 April 2568
,6930358806785,ชุดปากกา MP-017 2.0mm,,, 3.75 , 10.00 , 10.00 ,ด้าม,เจ๊ณีกรุ๊ป,24 April 2568
,8859375110485,ปลั๊กไฟ 4 ช่อง 1 สวิตซ์ 3 เมตร,,, 133.33 , 190.00 , 250.00 ,อัน,เจ๊ณีกรุ๊ป,24 April 2568
,8859375110553,ปลั๊กไฟ 4 ช่อง 1 สวิตซ์ 5 เมตร,,, 158.33 , 230.00 , 290.00 ,อัน,เจ๊ณีกรุ๊ป,24 April 2568
,6932334100,ปากกา Dog 1x3,,, 7.92 , 15.00 , 15.00 ,แพค,เจ๊ณีกรุ๊ป,24 April 2568
,8851907200220,ปากกา ตราช้าง Drift 99.5 แดง,,, 2.60 , 5.00 , 5.00 ,ด้าม,เจ๊ณีกรุ๊ป,24 April 2568
,6947503701796,ปากกาแดง,,, 30.00 , 35.00 , 35.00 ,ด้าม,เจ๊ณีกรุ๊ป,24 April 2568
,,ปากกาน้ำเงิน,,, 15.00 , 25.00 , 25.00 ,ด้าม,เจ๊ณีกรุ๊ป,24 April 2568
,8090022003,พาน 13 cm/ครึ่งโหล ทอง/เงิน,,, 10.83 , 18.00 , 18.00 ,อัน,เจ๊ณีกรุ๊ป,24 April 2568
,8090022004,พานรัฐธรรมนูญ เงิน,,, 18.33 , 25.00 , 35.00 ,อัน,เจ๊ณีกรุ๊ป,24 April 2568
,8090022002,พานรัฐธรรมนูญ เงิน กลาง,,, 45.00 , 60.00 , 80.00 ,อัน,เจ๊ณีกรุ๊ป,24 April 2568
,8090022001,พานรัฐธรรมนูญ ใหญ่ ทอง/เงิน,,, 100.00 , 130.00 , 150.00 ,อัน,เจ๊ณีกรุ๊ป,24 April 2568
,8852317090029,สมุด 60 แกรม 40 แผ่น /24 เล่ม,,, 6.67 , 10.00 , 10.00 ,เล่ม,เจ๊ณีกรุ๊ป,24 April 2568
,7000004401554,แฟ้มสีใส FC บาง THA140-3 (โหล),,, 7.50 , 12.00 , 15.00 ,อัน,กบ กิ๊ฟช็อป,20 April 2568
,7000004401592,แฟ้มสีใส FC บาง THA140-4 (โหล),,, 7.50 , 15.00 , 15.00 ,อัน,กบ กิ๊ฟช็อป,20 April 2568
,8850771090036,แฟ้มเสนอเซ็น ลายผ้า คละสี,,, 140.00 , 195.00 , 195.00 ,เล่ม,กบ กิ๊ฟช็อป,20 April 2568
,8856976000016,Double A กระดาษ A4 80 แกรม,,, 101.80 , 130.00 , 140.00 ,รีม,ยูบีบ็อกซ์ จก.,24 April 2568
,8852413459393,IDEA กระดาษ A4 80 แกรม,,, 97.80 , 125.00 , 135.00 ,รีม,ยูบีบ็อกซ์ จก.,24 April 2568
,6972180000610,ปากกา 4in1 DS สั้น QM881,,, 6.36 , 15.00 , 15.00 ,ด้าม,สำเพ็ง ออนไลน์,25 April 2568
,6962365360608,ปากกาสุ่ม GB/T37853 NO.6060,,, 6.08 , 12.00 , 15.00 ,ด้าม,สำเพ็ง ออนไลน์,25 April 2568
,6962365360615,ปากกาสุ่ม GB/T37853 NO.6061,,, 6.08 , 12.00 , 15.00 ,ด้าม,สำเพ็ง ออนไลน์,25 April 2568
,889888809,โฟมพุ่มดอกบัว เบอร์ 10,,, 75.00 , 100.00 , 120.00 ,อัน,พีเอส ฯ,26 April 2568
,889888810,โฟมพุ่มดอกบัว เบอร์ 12,,, 125.00 , 158.00 , 178.00 ,อัน,พีเอส ฯ,26 April 2568
,889888804,โฟมพุ่มดอกบัว เบอร์ 4,,, 20.00 , 30.00 , 40.00 ,อัน,พีเอส ฯ,26 April 2568
,889888805,โฟมพุ่มดอกบัว เบอร์ 5,,, 25.00 , 39.00 , 45.00 ,อัน,พีเอส ฯ,26 April 2568
,889888806,โฟมพุ่มดอกบัว เบอร์ 6,,, 30.00 , 55.00 , 50.00 ,อัน,พีเอส ฯ,26 April 2568
,889888807,โฟมพุ่มดอกบัว เบอร์ 7,,, 35.00 , 69.00 , 60.00 ,อัน,พีเอส ฯ,26 April 2568
,889888808,โฟมพุ่มดอกบัว เบอร์ 8,,, 40.00 , 55.00 , 65.00 ,อัน,พีเอส ฯ,26 April 2568
,8857128313152,KRR กระดาษ 100 ปอนด์ ขนาด A3 ,,, 17.50 , 30.00 , 27.00 ,ห่อ,สายรุ้ง,29 April 2568
,8857126963571,KRR กระดาษ 100 ปอนด์ ขนาด A4,,, 17.50 , 30.00 , 27.00 ,ห่อ,สายรุ้ง,29 April 2568
,8857126963564,KRR กระดาษ 100 ปอนด์ ขนาด A5,,, 17.50 , 30.00 , 27.00 ,ห่อ,สายรุ้ง,29 April 2568
,6900000889022,S.K.A. ลูกปิงปอง แพค 6,,, 15.00 , 25.00 , 25.00 ,แพค,สายรุ้ง,29 April 2568
,8859420706090,TK ไส้ปืนกาว,,, 15.00 , 25.00 , 25.00 ,อัน,สายรุ้ง,29 April 2568
,8859311599848,กระดาษทิชชู Kuma,,, 16.00 , 20.00 , 25.00 ,ห่อ,สายรุ้ง,29 April 2568
,8858678423476,กระดาษทิชชู Mild 5 ชิ้น,,, 16.00 , 20.00 , 25.00 ,ห่อ,สายรุ้ง,29 April 2568
,8850897100039,แก้ว C280,,, 7.08 , 10.00 , 10.00 ,ใบ,สายรุ้ง,29 April 2568
,8853634000234,ของเล่นคละแบบ เลโก้,,, 16.25 , 25.00 , 26.00 ,แพค,สายรุ้ง,29 April 2568
,8859812701924,ดอกไม้ประดิษฐ์ 30 cm,,, 16.25 , 25.00 , 30.00 ,แพค,สายรุ้ง,29 April 2568
,8859812700842,ดอกไม้ประดิษฐ์ 33 cm,,, 16.25 , 25.00 , 30.00 ,แพค,สายรุ้ง,29 April 2568
,,ตระกร้า 1260,,, 17.50 , -   , 25.00 ,,สายรุ้ง,29 April 2568
,,ถุงแก้วแพคสินค้า,,, 170.00 , 170.00 , 220.00 ,ห่อ,สายรุ้ง,29 April 2568
,60080,ถุงเท้านักเรียนพื้นเทา ขนาด 7 - 9,,, 8.33 , 20.00 , 20.00 ,คู่,สายรุ้ง,29 April 2568
,60074,ถุงเท้านักเรียนพื้นเทา ขนาด 9 - 12,,, 8.33 , 20.00 , 20.00 ,คู่,สายรุ้ง,29 April 2568
,60162,ถุงเท้านักเรียนพื้นเทา ดำ/เทา,,, 8.33 , 20.00 , 20.00 ,คู่,สายรุ้ง,29 April 2568
,8859812705298,ใบไม้ประดิษฐ์ 30 cm,,, 16.25 , 25.00 , 27.00 ,แพค,สายรุ้ง,29 April 2568
,8859796639145,"แปรงทาสี 1+1.5+2"" TL-13914",,, 15.00 , 35.00 , 35.00 ,แพค,สายรุ้ง,29 April 2568
,1984020279648,แปรงทาสี Brocha Duo,,, 15.00 , 35.00 , 35.00 ,แพค,สายรุ้ง,29 April 2568
,18000534,ระฆังทอง ถุงมือขาวอเนกประสงค์,,, 15.00 , 25.00 , 25.00 ,ถุง,สายรุ้ง,29 April 2568
,8859796621515,"ลูกกลิ้งสี 9"" TL-12151",,, 15.42 , 25.00 , 35.00 ,อัน,สายรุ้ง,29 April 2568
,8889998989003,สายสะพายขอบทอง,,, 20.00 , 35.00 , 40.00 ,สาย,สายรุ้ง,29 April 2568
,8889998989002,สายสะพายขอบทอง เด็ก,,, 19.17 , 30.00 , 35.00 ,สาย,สายรุ้ง,29 April 2568
,8889998989001,สายสะพายผ้าสปันด์,,, 14.17 , 20.00 , 25.00 ,สาย,สายรุ้ง,29 April 2568
,6996830101311,กรรไกร 9 นิ้ว SKE-DS31,,, 15.83 , 45.00 , 45.00 ,อัน,สมศรี,2 May 2568
,8811090082829,กระดานบ่าเนตรนารี,,, 16.67 , 25.00 , 25.00 ,คู่,สมศรี,2 May 2568
,200086,กระดานบ่าลูกเสือ&วิลัย&เนตนารี 20-,,, 15.00 , 25.00 , 25.00 ,คู่,สมศรี,2 May 2568
,8811090079799,กระดานบ่าหน้าเสือ เลือดหมู,,, 16.67 , 25.00 , 25.00 ,คู่,สมศรี,2 May 2568
,28851907076034,ขี้ผึ้งนับแบงค์และกระดาษแอลเฟ่น,,, 23.75 , 40.00 , 40.00 ,อัน,สมศรี,2 May 2568
,8851370160908,เข่งพลาสติก67ซม. NO.1 #8328-1 สีดำ,,, 120.00 , 120.00 , 180.00 ,อัน,สมศรี,2 May 2568
,850095,เข็มกลัดเล็กNO.000 ทอง+ขาว,,, 0.56 , 5.00 , 5.00 ,อัน,สมศรี,2 May 2568
,8851907264918,คลิปดำตราช้าง no.e108,,, 4.17 , 7.00 , 7.00 ,ตัว,สมศรี,2 May 2568
,200506,คอซองนักเรียนกรมเข้ม,,, 16.25 , 20.00 , 25.00 ,อัน,สมศรี,2 May 2568
,8858201008309,เครื่องเย็บกระดาษM-tex NO.306C,,, 75.00 , 98.00 , 148.00 ,อัน,สมศรี,2 May 2568
,200073,เครื่องหมายลูกเสือ,,, 5.42 , 10.00 , 10.00 ,อัน,สมศรี,2 May 2568
,8851495008291,เชนไดร้ท์3 450มล.,,, 90.00 , 90.00 , 135.00 ,กระป๋อง,สมศรี,2 May 2568
,253,ถังน้ำมีก็อก18.9ล.,,, 115.00 , 150.00 , 180.00 ,ถัง,สมศรี,2 May 2568
,8859481416365,ถุงขยะดำ1กก.18*20,,, 45.00 , 45.00 , 60.00 ,แพค,สมศรี,2 May 2568
,8851818876507,น้ำยาถูพื้นมาจิคคลีนกลิ่นลิลลี่900 มล.,,, 65.00 , 65.00 , 90.00 ,ขวด,สมศรี,2 May 2568
,1023401,ผ้าพันคอลูกเสือขาวแถบน้ำเงิน,,, 21.67 , 35.00 , 35.00 ,ผืน,สมศรี,2 May 2568
,998845,ผ้าพันคอลูกเสือสามัญ/กลางสีส้มมีตรา,,, 21.67 , 35.00 , 35.00 ,ผืน,สมศรี,2 May 2568
,22440032,ผ้าพันคอลูกเสือสามัญ/เล็กสีส้มติดตรา,,, 20.83 , 32.00 , 32.00 ,ผืน,สมศรี,2 May 2568
,8833020012126,โฟมเม็ดสีNO.3,,, 15.83 , 25.00 , 25.00 ,ถุง,สมศรี,2 May 2568
,8833020007078,โฟมเม็ดสีNO.5,,, 15.83 , 25.00 , 25.00 ,ถุง,สมศรี,2 May 2568
,200090,ไม้ง่ามลูกเสือ+เนตรนารี,,, 25.00 , 40.00 , 45.00 ,อัน,สมศรี,2 May 2568
,88502640,ไม้ม็อบฟองน้ำถูพื้น27ซม. KT-2648,,, 90.00 , 117.00 , 150.00 ,อัน,สมศรี,2 May 2568
,6891217151654,ลูกแบตBADMINTON,,, 15.00 , 20.00 , 25.00 ,ลูก,สมศรี,2 May 2568
,8858729209257,ลูกแบตมินตั้น ตราม้า(ราคาใหม่),,, 30.00 , 40.00 , 50.00 ,ลูก,สมศรี,2 May 2568
,8851552108612,ลูกแม็กแท้ Max No.10,,, 8.75 , 12.00 , 15.00 ,กล่อง,สมศรี,2 May 2568
,8852814000316,ลูกเหม็น10-,,, 7.92 , 15.00 , 15.00 ,ถุง,สมศรี,2 May 2568
,200059,หมวกเปเล่สีเขียว,,, 41.67 , 60.00 , 75.00 ,,สมศรี,2 May 2568
,200056,หมวกลูกเสือสำรอง,,, 27.50 , 43.00 , 43.00 ,,สมศรี,2 May 2568
,8858741716559,กระดาษการ์ดขาว AA 150g 50 แผ่น,,, 30.00 , 48.00 , 55.00 ,ห่อ,กบ กิ๊ฟช็อป,3 May 2568
,8851960005107,กระดาษการ์ดขาว AA 180g 50 แผ่น,,, 50.00 , 75.00 , 95.00 ,ห่อ,กบ กิ๊ฟช็อป,3 May 2568
,8858702081399,กระดาษโฟโต้ Chic 120g 100 แผ่น,,, 95.00 , 155.00 , 155.00 ,ห่อ,กบ กิ๊ฟช็อป,3 May 2568
,8858702012904,กระดาษโฟโต้ Chic 180g 100 แผ่น,,, 135.00 , 205.00 , 205.00 ,ห่อ,กบ กิ๊ฟช็อป,3 May 2568
,8850774130043,กระดาษห่อของขวัญ คละลาย,,, 1.75 , 3.00 , 3.00 ,แผ่น,กบ กิ๊ฟช็อป,3 May 2568
,7000004559361,กาวแท่งใสเล็ก 6 แท่ง 9016-69,,, 7.92 , 12.00 , 12.00 ,แพค,กบ กิ๊ฟช็อป,3 May 2568
,7000004333954,เข็มติดหน้าอก เสือเอก,,, 4.75 , 15.00 , 15.00 ,อัน,กบ กิ๊ฟช็อป,3 May 2568
,5000000118274,เข็มหน้าเสือ 2 ขา (ติดดอกจันทน์),,, 5.00 , 12.00 , 12.00 ,อัน,กบ กิ๊ฟช็อป,3 May 2568
,7000004337372,เข็มหน้าอก สามัญใหญ่ (แพค 50),,, 5.60 , 10.00 , 10.00 ,อัน,กบ กิ๊ฟช็อป,3 May 2568
,8857123720337,จานกระดาษ 6 นิ้ว,,, 22.00 , 35.00 , 35.00 ,ห่อ,กบ กิ๊ฟช็อป,3 May 2568
,8857123720344,จานกระดาษ 7 นิ้ว (แพค 50 ชิ้น),,, 28.00 , 45.00 , 45.00 ,ห่อ,กบ กิ๊ฟช็อป,3 May 2568
,8857121561468,จานกระดาษ การ์ตูน 10 ชิ้น 9 นิ้ว,,, 14.00 , 25.00 , 25.00 ,ห่อ,กบ กิ๊ฟช็อป,3 May 2568
,5000000173938,ฉัตรกะไหล่ 5 ชิ้น,,, 130.00 , 195.00 , 230.00 ,อัน,กบ กิ๊ฟช็อป,3 May 2568
,5000000033430,เชือกลูกเสือ แดง ขนาดมาตรฐาน,,, 7.33 , 15.00 , 15.00 ,เส้น,กบ กิ๊ฟช็อป,3 May 2568
,7000004406641,ดอกจันทน์ติดหมวก,,, 1.50 , 5.00 , 5.00 ,อัน,กบ กิ๊ฟช็อป,3 May 2568
,6891217154457,เทียนตั้งโต๊ะแบบใส่ถ่าน คู่ สีขาว,,, 85.00 , 130.00 , 120.00 ,อัน,กบ กิ๊ฟช็อป,3 May 2568
,6891217154440,เทียนตั้งโต๊ะแบบใส่ถ่าน คู่ สีเหลือง,,, 85.00 , 130.00 , 120.00 ,อัน,กบ กิ๊ฟช็อป,3 May 2568
,700004327052,ใบประกาศ A4 ปั้มทอง 50 แผ่น,,, 130.00 , 195.00 , 195.00 ,ห่อ,กบ กิ๊ฟช็อป,3 May 2568
,7000004278088,ใบประกาศ B5 ปั้มทอง 50 แผ่น,,, 120.00 , 180.00 , 195.00 ,ห่อ,กบ กิ๊ฟช็อป,3 May 2568
,5000000213139,ป้ายอะคริลิค 10x15 cm,,, 12.00 , 20.00 , 20.00 ,อัน,กบ กิ๊ฟช็อป,3 May 2568
,7000004277760,พู่ 1 ชั้น เลือดหมู/เขียว/แดงสด,,, 8.33 , 15.00 , 15.00 ,คู่,กบ กิ๊ฟช็อป,3 May 2568
,8853406021115,ลูกโป่งกลมมุก 10 นิ้ว 60 ชิ้น,,, 80.00 , 120.00 , 120.00 ,ถุง,กบ กิ๊ฟช็อป,3 May 2568
,5000000263981,วอกเกิ้ล ลส สำรอง (B),,, 2.20 , 10.00 , 9.00 ,อัน,กบ กิ๊ฟช็อป,3 May 2568
,5000000039388,วอกเกิ้ลเหรียญ เนตรนารี,,, 4.50 , 10.00 , 15.00 ,อัน,กบ กิ๊ฟช็อป,3 May 2568
,8852104985211,สติกเกอร์ PVC A4 ใสหลังเหลือง,,, 2.20 , 10.00 , 7.00 ,แผ่น,กบ กิ๊ฟช็อป,3 May 2568
,8851907258788,สติกเกอร์ PVC ใส เอลเฟ่น หลังเหลือง A4,,, 9.58 , 15.00 , 17.00 ,แผ่น,กบ กิ๊ฟช็อป,3 May 2568
,8852104985213,สติกเกอร์ขาวมัน SSB A4 (แพค 50),,, 85.00 , 150.00 , 150.00 ,ห่อ,กบ กิ๊ฟช็อป,3 May 2568
,7000004506143,สมุด สพฐ. 9/40 เส้นกราฟ (SSB) (แพค 24),,, 5.83 , 10.00 , 10.00 ,เล่ม,กบ กิ๊ฟช็อป,3 May 2568
,8852317090524,สมุด สพฐ. 9/40 เส้นครึ่ง MN (แพค 24),,, 5.75 , 10.00 , 10.00 ,เล่ม,กบ กิ๊ฟช็อป,3 May 2568
,8859729210014,สมุด สพฐ. 9/40 เส้นเดี่ยว (SJ),,, 5.83 , 10.00 , 10.00 ,เล่ม,กบ กิ๊ฟช็อป,3 May 2568
,8852317090937,สมุด สพฐ. 9/80 เส้นครึ่ง MN,,, 11.50 , 20.00 , 20.00 ,เล่ม,กบ กิ๊ฟช็อป,3 May 2568
,8852317090579,สมุด สพฐ. 9/80 เส้นเดี่ยว MN,,, 11.50 , 20.00 , 20.00 ,เล่ม,กบ กิ๊ฟช็อป,3 May 2568
,8854238031051,สมุดบัญชีปกน้ำเงิน 2A-CK สันเหลือง,,, 16.33 , 28.00 , 28.00 ,เล่ม,กบ กิ๊ฟช็อป,3 May 2568
,8851457006266,สมุดบันทึก DP902 เล็ก,,, 36.67 , 55.00 , 62.00 ,เล่ม,กบ กิ๊ฟช็อป,3 May 2568
,8858702089487,สไมล์หมึกเติม Brother Black 100 ml,,, 38.00 , 65.00 , 65.00 ,ขวด,กบ กิ๊ฟช็อป,3 May 2568
,8858702089494,สไมล์หมึกเติม Brother Cyan 100 ml,,, 38.00 , 65.00 , 65.00 ,ขวด,กบ กิ๊ฟช็อป,3 May 2568
,8858702089500,สไมล์หมึกเติม Brother Magenta 100 ml,,, 38.00 , 65.00 , 65.00 ,ขวด,กบ กิ๊ฟช็อป,3 May 2568
,8858702089517,สไมล์หมึกเติม Brother Yellow 100 ml,,, 38.00 , 65.00 , 65.00 ,ขวด,กบ กิ๊ฟช็อป,3 May 2568
,,สไมล์หมึกเติม Canon Black 100 ml,,, 40.00 , 60.00 , 60.00 ,ขวด,กบ กิ๊ฟช็อป,3 May 2568
,8858702089357,สไมล์หมึกเติม Canon Cyan 100 ml,,, 40.00 , 60.00 , 60.00 ,ขวด,กบ กิ๊ฟช็อป,3 May 2568
,8858702089364,สไมล์หมึกเติม Canon Magenta 100 ml,,, 40.00 , 60.00 , 60.00 ,ขวด,กบ กิ๊ฟช็อป,3 May 2568
,8858702089371,สไมล์หมึกเติม Canon Yellow 100 ml,,, 40.00 , 60.00 , 60.00 ,ขวด,กบ กิ๊ฟช็อป,3 May 2568
,8858702089425,สไมล์หมึกเติม Epson Black 100 ml,,, 38.00 , 65.00 , 65.00 ,ขวด,กบ กิ๊ฟช็อป,3 May 2568
,8858702089432,สไมล์หมึกเติม Epson Cyan 100 ml,,, 38.00 , 65.00 , 65.00 ,ขวด,กบ กิ๊ฟช็อป,3 May 2568
,8858702089449,สไมล์หมึกเติม Epson Magenta 100 ml,,, 38.00 , 65.00 , 65.00 ,ขวด,กบ กิ๊ฟช็อป,3 May 2568
,8858702089456,สไมล์หมึกเติม Epson Yellow 100 ml,,, 38.00 , 65.00 , 65.00 ,ขวด,กบ กิ๊ฟช็อป,3 May 2568
,8858702089388,สไมล์หมึกเติม HP Black 100 ml,,, 40.00 , 65.00 , 65.00 ,ขวด,กบ กิ๊ฟช็อป,3 May 2568
,8858702089395,สไมล์หมึกเติม HP Cyan 100 ml,,, 40.00 , 65.00 , 65.00 ,ขวด,กบ กิ๊ฟช็อป,3 May 2568
,8858702089401,สไมล์หมึกเติม HP Magenta 100 ml,,, 40.00 , 65.00 , 65.00 ,ขวด,กบ กิ๊ฟช็อป,3 May 2568
,8858702089418,สไมล์หมึกเติม HP Yellow 100 ml,,, 40.00 , 65.00 , 65.00 ,ขวด,กบ กิ๊ฟช็อป,3 May 2568
,8851907158033,เอลเฟ่นปืนยิงบอร์ดพลาสติก รุ่น ทีพี 8 เอส,,, 329.00 , 350.00 , 550.00 ,อัน,ดี.เอช.เอ,5 May 2568
,8858729223055,เครื่องยิงบอร์ด ตราม้า H-8H ,,, 278.00 , 360.00 , 470.00 ,อัน,บริษัทนานมี,7 May 2568
,16010001,มีดปอกผลไม้ ธรรมดา,,, 35.00 ,,,เล่ม,ปลีก,7 May 2568
,16020001,มีดสองคม ธรรมดา,,, 35.00 ,,,เล่ม,ปลีก,7 May 2568
,15010002,ไม้กวาดดอกหญ้า ด้ามพลาสติก,,, 20.00 ,,,ด้าม,ปลีก,7 May 2568
,15010001,ไม้กวาดดอกหญ้า ด้ามไม้ อย่างดี,,, 40.00 ,,,ด้าม,ปลีก,7 May 2568
,15020001,ไม้กวาดทางมะพร้าว ยาว,,, 20.00 ,,,ด้าม,ปลีก,7 May 2568
,15020002,ไม้กวาดทางมะพร้าว สั้น,,, 20.00 ,,,ด้าม,ปลีก,7 May 2568
,8014020001,ถ้วยรางวัลพลาสติก 2 เสา A,,, 650.00 ," 1,050.00 "," 1,250.00 ",อัน,มัยลาภ,7 May 2568
,8014020003,ถ้วยรางวัลพลาสติก 2 เสา C,,, 450.00 , 850.00 , 850.00 ,อัน,มัยลาภ,7 May 2568
,8014030001,ถ้วยรางวัลพลาสติก 4 เสา A,,, 850.00 ," 1,280.00 "," 1,550.00 ",อัน,มัยลาภ,7 May 2568
,8014010001,ถ้วยรางวัลพลาสติก A,,, 370.00 , 550.00 , 650.00 ,อัน,มัยลาภ,7 May 2568
,8014010002,ถ้วยรางวัลพลาสติก B,,, 300.00 , 500.00 , 600.00 ,อัน,มัยลาภ,7 May 2568
,8014010003,ถ้วยรางวัลพลาสติก C,,, 250.00 , 350.00 , 450.00 ,อัน,มัยลาภ,7 May 2568
,8014010004,ถ้วยรางวัลพลาสติก D,,, 210.00 , 280.00 , 380.00 ,อัน,มัยลาภ,7 May 2568
,8014010005,ถ้วยรางวัลพลาสติก E,,, 180.00 , 280.00 , 305.00 ,อัน,มัยลาภ,7 May 2568
,8014011001,ถ้วยรางวัลพลาสติก มินิมอล A,,, 165.00 , 250.00 , 285.00 ,อัน,มัยลาภ,7 May 2568
,8851907104399,กระดาษ 100 ปอนด์ หยาบ 56x76cm,,, 14.17 , 20.00 , 20.00 ,แผ่น,สมศรี,8 May 2568
,2000130,กระดาษชาร์ท ขาวเทา 270G,,, 7.08 , 15.00 , 15.00 ,แผ่น,สมศรี,8 May 2568
,200044,กระดาษปกรายงานลายการ์ตูน,,, 1.00 , 5.00 , 5.00 ,แผ่น,สมศรี,8 May 2568
,8851419007713,กระดาษรายงานปกการ์ตูน,,, 1.10 , 5.00 , 5.00 ,แผ่น,สมศรี,8 May 2568
,8859830627701,กากเพชรรูปดาว,,, 15.42 , 25.00 , 25.00 ,ขวด,สมศรี,8 May 2568
,200007,เข็มขัดลูกเสือฟองน้ำกลาง F-07,,, 20.83 , 35.00 , 35.00 ,เส้น,สมศรี,8 May 2568
,20002415,เข็มขัดลูกเสือฟองน้ำเล็ก F-08,,, 20.00 , 35.00 , 35.00 ,เส้น,สมศรี,8 May 2568
,8851907243524,ควอนตัม ปากกาดำ 007 HITZ 0.7mm,,, 3.20 , 5.00 , 5.00 ,ด้าม,สมศรี,8 May 2568
,6891217161127,เครื่องยิงบอร์ด ตราแรด,,, 120.00 , 165.00 , 240.00 ,อัน,สมศรี,8 May 2568
,8851991000003,ช้อนสั้น สแตนเลส ตราม้าลาย,,, 36.67 , 45.00 , 55.00 ,กล่อง,สมศรี,8 May 2568
,8888000000181,ชุดกระดาษปกรายงานแฟนซี,,, 15.83 , 20.00 , 25.00 ,แผ่น,สมศรี,8 May 2568
,6891217154280,ชุดกระถางธูปเทียนไฟฟ้า สีขาว,,, 95.00 , 139.00 , 155.00 ,กล่อง,สมศรี,8 May 2568
,6831217155133,ชุดกระถางธูปเทียนไฟฟ้า สีเหลือง,,, 95.00 , 139.00 , 155.00 ,กล่อง,สมศรี,8 May 2568
,8859830613001,ซองจดหมายสีชมพู TL-21300,,, 15.00 , 24.00 , 30.00 ,ซอง,สมศรี,8 May 2568
,8989100329138,ถาดเมลามีน 9.7 นิ้ว LH-291C,,, 16.67 , 35.00 , 35.00 ,ถาด,สมศรี,8 May 2568
,8851907072438,ไส้แฟ้มตราช้าง 11 รู A4 สีขุ่น (1x20),,, 15.00 , 25.00 , 25.00 ,ห่อ,กบ กิ๊ฟช็อป,20 April 2568
,115460,ป้ายห้อยบัตร 20,,, 12.50 , 20.00 , 25.00 ,อัน,สมศรี,8 May 2568
,8852317030278,ฟิวเจอร์บอร์ด A4 3 mm,,, 4.00 , 8.00 , 8.00 ,แผ่น,สมศรี,8 May 2568
,8851907289126,ไส้แฟ้มตราช้าง 11 รู A4 สีใส,,, 15.00 , 25.00 , 25.00 ,ห่อ,กบ กิ๊ฟช็อป,20 April 2568
,300,โฟมกากเพชรกาวหัวใจ,,, 15.00 , 25.00 , 25.00 ,อัน,สมศรี,8 May 2568
,200092,ไม้บรรทัดเหล็กสั้น 15 cm ,,, 7.08 , 15.00 , 15.00 ,อัน,สมศรี,8 May 2568
,8851504985154,SSB ลิ้นแฟ้มพลาสติก P50,,, 1.76 , 5.00 , 5.00 ,,อ.อัษฎางค์,20 April 2568
,8000001401,กรอบเกียรติบัตร กระจก อย่างดี,,, 75.00 , 100.00 ,,อัน,แก่นนรสิงห์,9 May 2568
,8859620727017,"ชุดแก้วกาแฟถาดสี่เหลี่ยม 10"" ขาว",,, 65.00 , 95.00 ,,ชุด,สายรุ้ง,9 May 2568
,8859812713002,โอเอซิส โฟมปักดอกไม้สด 22.5x10.5x7 cm,,, 14.00 , 25.00 ,,ก้อน,สายรุ้ง,9 May 2568
,400310001,กระดาษชาร์ท 79x110cm 110 แกรม เหลือง/เขียว,,, 8.90 , 15.00 , 15.00 ,แผ่น,ก้องวิทยา,10 May 2568
,8852148015321,กระดาษโฟโต้อิ้งค์เจ็ทผิวมันเงา 150gA4 50 แผ่น แก้วมังกร,,, 129.00 , 129.00 , 135.00 ,ห่อ,Officemate,11 May 2568
,8852148015062,กระดาษโฟโต้อิ้งค์เจ็ทผิวมันเงา 180gA4 50 แผ่น พริกหวาน,,, 129.00 , 129.00 , 135.00 ,ห่อ,Officemate,11 May 2568
,8851907030537,ป้ายสติกเกอร์ แล็ป A10 25x50 มม. ตราช้าง,,, 39.00 , 39.00 , 45.00 ,ห่อ,Officemate,11 May 2568
,8851907030605,ป้ายสติกเกอร์ แล็ป A16 50x100 มม. ตราช้าง,,, 39.00 , 39.00 , 45.00 ,ห่อ,Officemate,11 May 2568
,8851907033088,ป้ายสติกเกอร์ แล็ป A17 80x105 mm ตราช้าง,,, 39.00 , 39.00 , 45.00 ,ห่อ,Officemate,11 May 2568
,8851907030476,ป้ายสติกเกอร์ แล็ป A5 13x38 มม. ตราช้าง,,, 39.00 , 39.00 , 45.00 ,ห่อ,Officemate,11 May 2568
,8851907115319,สติกเกอร์ LAB 27x38 mm. ตราช้าง SME-A8,,, 52.00 , 52.00 , 55.00 ,ห่อ,Officemate,11 May 2568
,8851433002299,เหล็กเสียบบิล ORCA 19 cm คละสี,,, -   , 20.00 ,,อัน,สมศรี,11 May 2568
,400030001,กระดาษชาร์ทอ่อน สี 55x80cm,,, 7.90 , 12.00 , 12.00 ,แผ่น,อุบลมาร์เก็ตติ้ง,11 May 2568
,3091001,"Banner tape เทปผ้า 1"" ดำ",,, 7.92 , 17.00 ,,ม้วน,บ.M&T,12 May 2568
,3091002,"Banner tape เทปผ้า 1"" เทา",,, 7.92 , 17.00 ,,ม้วน,บ.M&T,12 May 2568
,3092001,"Banner tape เทปผ้า 1.5"" ดำ",,, 11.88 , 22.00 ,,ม้วน,บ.M&T,12 May 2568
,3092002,"Banner tape เทปผ้า 1.5"" เทา",,, 11.88 , 22.00 ,,ม้วน,บ.M&T,12 May 2568
,3093001,"Banner tape เทปผ้า 2"" ดำ",,, 15.83 , 25.00 ,,ม้วน,บ.M&T,12 May 2568
,3093001,"Banner tape เทปผ้า 2"" เทา",,, 15.83 , 25.00 ,,ม้วน,บ.M&T,12 May 2568
,,ชุดทดสอบสารเสพติดเมทแอมเฟตามีนในปัสสาวะ Bioline Methamphetamine Card,,, 21.50 , 25.00 ,,ชุด,บ.ได้ทันกาล,12 May 2568
,619659182533,SANDISK 512GB OTG flashdrive TypeC USB3.2,,," 1,190.00 ",," 1,590.00 ",อัน,BananaIT,13 May 2568
,8857121430764,กระดาษการ์ดขาว 120g The Sun A4/100แผ่น,,, 85.00 , 105.00 ,,แพค,ส่องแสง,13 May 2568
,8857121431884,กระดาษการ์ดขาว 150g The Sun A4/100แผ่น,,, 95.00 , 115.00 ,,แพค,ส่องแสง,13 May 2568
,8857121430610,กระดาษการ์ดขาว 150g The Sun A4/50แผ่น,,, 50.00 , 65.00 ,,แพค,ส่องแสง,13 May 2568
,8857121431174,กระดาษการ์ดขาว 180g The Sun A4/100แผ่น,,, 115.00 , 145.00 ,,แพค,ส่องแสง,13 May 2568
,8857121430627,กระดาษการ์ดขาว 180g The Sun A4/50แผ่น,,, 60.00 , 75.00 ,,แพค,ส่องแสง,13 May 2568
,2000020061201,กระดาษแก้ว คละสี,,, 2.00 ,,,แผ่น,ส่องแสง,13 May 2568
,2000020125699,กระดาษตังโกเรียบ คละสี,,, 7.00 , 10.00 ,,แผ่น,ส่องแสง,13 May 2568
,360824,ช้อน+ส้อม ตราม้าลาย,,, 13.33 , 20.00 ,,คู่,ส่องแสง,13 May 2568
,8850950048841,ซองขาวพับ 4 9/100 ครุฑ 50 ซอง,,, 0.64 ,,,ซอง,ส่องแสง,13 May 2568
,16060001,ที่ตักผง ไทเกอร์ (พลาสติก 98-970),,, 47.00 , 50.00 ,,อัน,ส่องแสง,13 May 2568
,15060001,ที่ตักผงพลาสติก,,, 47.00 ,,,อัน,ส่องแสง,13 May 2568
,161100001,ผ้าขนหนู นาโน 15x30 cm ริ้วสีหวาน,,, 12.50 , 20.00 ,,ผืน,ส่องแสง,13 May 2568
,4711734120808,เอสดีไอ ลวดเย็บกระดาษ #1208,,, 45.00 , 60.00 ,,กล่อง,ส่องแสง,13 May 2568
,740617309928,F/D. 128 GB Kingston USB3.2,,, 250.00 , 350.00 , 390.00 ,อัน,แอดไวซ์/ขุขันธ์,13 May 2568
,6590247097,Mouse PAD แบบยาว NUBWO NP020 Red,,, 120.00 , 150.00 ,,แผ่น,แอดไวซ์/ขุขันธ์,13 May 2568
,6971859343539,Wireless Mouse&Keyboard LECOO KW202,,, 450.00 , 600.00 ,,ชุด,แอดไวซ์/ขุขันธ์,13 May 2568
,8801153989,Wireless OTP.Logitech M171D Grey/Black,,, 340.00 , 450.00 ,,อัน,แอดไวซ์/ขุขันธ์,13 May 2568
,8859206761800,สาย Lan CAT6 UTP Cable 10m LINK,,, 250.00 , 350.00 ,,ม้วน,แอดไวซ์/ขุขันธ์,13 May 2568
,,Deli PVC คั่นหน้า A104 5 สี,,, 27.00 ,,,ห่อ,ไทยรุ่ง,14 May 2568
,65016633,ทัพพี ตะหลิวด้าม,,, 20.00 , 20.00 ,,อัน,แม็กกี้,14 May 2568
,,Delta กระดาษวาดเขียน 100 ปอนด์ A4,,, 120.00 , 120.00 , 130.00 ,แพค,ส่องแสง,14 May 2568
,,สมุด สพฐ. 80-M2,,, 13.33 ,,,เล่ม,ส่องแสง,14 May 2568
,,สมุด สพฐ. ครึ่งบรรทัด 80-M4 Nuvo,,, 16.67 ,,,เล่ม,ส่องแสง,14 May 2568
,,สมุด สพฐ. บรรทัด 5 เส้น 80-M8,,, 13.33 ,,,เล่ม,ส่องแสง,14 May 2568
,,สมุด สพฐ. เส้นกราฟ MG599 60/40,,, 2.29 ,,,เล่ม,ส่องแสง,14 May 2568
,,สีน้ำ 12 สี ซากุระ EMW-12,,, 169.00 ,,,กล่อง,แสงเพชร,14 May 2568
,8859608306142,ไส้ไก่ 6-60 มิล SSW-08B ดำ 10 เมตร,,, 58.00 , 58.00 ,,อัน,หจก.สหพลัส274,14 May 2568
,,"กระดาษต่อเนื่อง 9x11"" 2 ชั้น",,, 808.00 ,,,ลัง,ไทยรุ่ง,15 May 2568
,8857123935038,สันรูด 10 มม. คละสีในโหล,,, 3.67 , 12.00 , 12.00 ,,อ.อัษฎางค์,20 April 2568
,8857123935014,สันรูด 5 มม. คละสี,,, 6.67 , 8.00 , 8.00 ,อัน,อ.อัษฎางค์,20 April 2568
,8851240216100,สันรูด KIKUSUI 10 มม. คละสี,,, 4.17 , 12.00 , 12.00 ,อัน,เจ๊ณีกรุ๊ป,24 April 2568
,8851240216056,สันรูด KIKUSUI 5 มม. คละสี,,, 2.50 , 6.00 , 6.00 ,อัน,เจ๊ณีกรุ๊ป,24 April 2568
,8851240216070,สันรูด KIKUSUI 7 มม. คละสี,,, 3.33 , 8.00 , 8.00 ,อัน,เจ๊ณีกรุ๊ป,24 April 2568
,1200100001,ธงกองลูกเสือ,,," 1,176.00 ",," 2,200.00 ",ผืน,ไทยรุ่ง,15 May 2568
,8859599500505,ปกพลาสติกใส A4,,, 1.20 , 3.00 , 3.00 ,แผ่น,สมศรี,8 May 2568
,50003247,แฟ้มโฉนด,,, 12.50 , 20.00 , 25.00 ,แผ่น,สมศรี,8 May 2568
,800145,สติ๊กเกอร์ใสหลังเหลือง 53x70 cm,,, 15.00 , 20.00 , 25.00 ,แผ่น,สมศรี,8 May 2568
,8851673307277,กระเป๋าแฟ้ม 8 ช่อง ลายการ์ตูน,,, 96.00 , 96.00 ,,อัน,ไทยรุ่ง,15 May 2568
,6940056195067,Wireless Keyboard E1050,,, 369.00 ,,,อัน,แอดไวซ์,15 May 2568
,8850801590833,Wireless Mouse M894,,, 119.00 , 159.00 , 890.00 ,อัน,แอดไวซ์,15 May 2568
,8859277911302,ข้าวสาร 5 stars Unicorn 30kg.,,," 1,100.00 "," 1,500.00 "," 1,950.00 ",กระสอบ,ปลีก,17 May 2568
,8851111611027,ไลฟ์รี ผ้าอ้อมผู้ใหญ่ เบอร์ L,,, 190.13 , 209.00 , 305.00 ,ห่อ,แม็กกี้ ไพรบึง,17 May 2568
,8851111611027,ไลฟ์รี ผ้าอ้อมผู้ใหญ่ เบอร์ L,,, 204.00 , 209.00 , 325.00 ,ห่อ,แม็กกี้ ไพรบึง,17 May 2568
,8851542053229,Lion ช้อน ส้อม 3 คู่,,, 16.67 , 35.00 ,,กล่อง,สมศรี,17 May 2568
,85023400281,Singto จานลึก 8 นิ้ว,,, 10.00 , 20.00 ,,ใบ,สมศรี,17 May 2568
,50234004808,Singto ชามใบบัว 8 นิ้ว,,, 10.00 , 20.00 ,,ใบ,สมศรี,17 May 2568
,8857121504779,กิ๊ฟหนีบรูปภาพ,,, 15.83 , 20.00 ,,อัน,สมศรี,17 May 2568
,8859423804120,ถ้วยเมลามีน 3.5 นิ้ว คละสี,,, 6.25 , 10.00 ,,ใบ,สมศรี,17 May 2568
,8859541004655,ผ้าขนหนูนาโน น้ำตาล,,, 15.00 , 20.00 ,,ผืน,สมศรี,17 May 2568
,77007,ผ้าขนหนูนาโน ลายการ์ตูน 15x30 cm,,, 12.50 , 20.00 ,,ผืน,สมศรี,17 May 2568
,6928851001028,ผ้าเช็ดหน้าขนหนู,,, 8.33 , 10.00 ,,ผืน,สมศรี,17 May 2568
,145004,หนีบกระโปรง,,, 5.83 , 10.00 ,,อัน,สมศรี,17 May 2568
,6928851001158,หนีบกระโปรงการ์ตูน,,, 6.25 , 10.00 ,,อัน,สมศรี,17 May 2568
,6930114569688,Kuromi ปากกาหมึกซึม คอแร้ง 0.38mm KT86235,,, 57.33 , 75.00 , 93.00 ,ด้าม,3PenG,18 May 2568
,8851111611027,ไลฟ์รี ผ้าอ้อมผู้ใหญ่ เบอร์ L,,, 209.00 , 209.00 , 325.00 ,ห่อ,CJ Mall,18 May 2568
,1019000001,ปากกาหมึกซึม หัวแร้ง 0.5mm ธรรมดา,,, 28.25 , 38.00 , 46.00 ,ด้าม,Maewtong,18 May 2568
,6954298811524,Jin Hao ปากกาหมึกซึม คอแร้ง พร้อมกล่อง 619 0.5mm,,, 117.50 , 165.00 , 195.00 ,กล่อง,UNISO.Shop,18 May 2568
,,ผ้าปูที่นอน 5 ฟุต ม่วง T5988,,, 299.00 , 299.00 ,,ชุด,ซุนเฮง,18 May 2568
,8859691916280,"MT หมอนหนุนสุขภาพเย็น 17x24"" ขาว",,, 89.00 ,,,ใบ,แมคโคร ศก.,18 May 2568
,8859557174892,โมเมนโต ผ้าขนหนู 15x30 cm น้ำเงิน,,, 49.00 ,,,ผืน,แมคโคร ศก.,18 May 2568
,8859557174908,โมเมนโต ผ้าขนหนู 15x30 cm น้ำตาล,,, 49.00 ,,,ผืน,แมคโคร ศก.,18 May 2568
,6925751009932,กระจก BB-993,,, 10.00 , 15.00 ,,ห่อ,อมรินทร์,18 May 2568
,6925751031711,กระจกพับ 2 หน้า 784,,, 10.00 , 15.00 ,,ห่อ,อมรินทร์,18 May 2568
,6925751002834,กาวติดเล็บ BB-283,,, 10.00 , 15.00 ,,ห่อ,อมรินทร์,18 May 2568
,6925751036334,กิ๊ฟดาว TA-3633,,, 10.00 , 15.00 ,,ห่อ,อมรินทร์,18 May 2568
,6925751031261,กิ๊ฟแผง TA-3126,,, 10.00 , 15.00 ,,ห่อ,อมรินทร์,18 May 2568
,6923355045141,กิ๊ฟแผง TJ-4514,,, 10.00 , 15.00 ,,ห่อ,อมรินทร์,18 May 2568
,75654,กิ๊ฟแฟชั่น,,, 20.00 , 25.00 ,,ห่อ,อมรินทร์,18 May 2568
,6975830561257,ของขวัญหูเชือก,,, 20.00 , 25.00 ,,ห่อ,อมรินทร์,18 May 2568
,6925751035917,ตัวต่อ Bricks12 BB-3591,,, 12.00 , 20.00 ,,ห่อ,อมรินทร์,18 May 2568
,6925754024291,ถุงกระดาษ OJ-2429 YR-FD-M,,, 10.00 , 15.00 ,,ห่อ,อมรินทร์,18 May 2568
,6925754024291,ถุงของขวัญ YR-FD-M-OJ-2429,,, 10.00 , 15.00 ,,ห่อ,อมรินทร์,18 May 2568
,6975830560953,ถุงของขวัญหูเชือก,,, 20.00 , 25.00 ,,ห่อ,อมรินทร์,18 May 2568
,6964076598455,ถุงของขวัญหูเชือก M,,, 10.00 , 15.00 ,,ห่อ,อมรินทร์,18 May 2568
,6975830562353,ถุงของขวัญหูเชือกเจาะหน้า M,,, 10.00 , 15.00 ,,ห่อ,อมรินทร์,18 May 2568
,6975830560632,ถุงหูเชือกยาว M OJ-1263,,, 10.00 , 15.00 ,,ห่อ,อมรินทร์,18 May 2568
,6925751033838,ที่ตัดเล็บ BB-3383,,, 10.00 , 15.00 ,,ห่อ,อมรินทร์,18 May 2568
,6925751034835,ที่ตัดเล็บ BB-3483,,, 10.00 , 15.00 ,,ห่อ,อมรินทร์,18 May 2568
,,บิวตี้กล่อง,,, 10.00 , 15.00 ,,ห่อ,อมรินทร์,18 May 2568
,541222,โบว์นักเรียนใหญ่ 20,,, 20.00 , 25.00 ,,ห่อ,อมรินทร์,18 May 2568
,6472,แปะผมลาย,,, 10.00 , 15.00 ,,ห่อ,อมรินทร์,18 May 2568
,6923710813781,ผงกากเพชรx4 P-81378,,, 10.00 , 15.00 ,,ห่อ,อมรินทร์,18 May 2568
,150513,พวงกุญแจ 10,,, 10.00 , 15.00 ,,ห่อ,อมรินทร์,18 May 2568
,6923710816324,พวงกุญแจ P-816321,,, 10.00 , 15.00 ,,ห่อ,อมรินทร์,18 May 2568
,6923710818076,พวงกุญแจตุ๊กตาพู่กลม P-8180,,, 10.00 , 15.00 ,,ห่อ,อมรินทร์,18 May 2568
,6923710809654,พวงกุญแจพู่กรม P-80965,,, 10.00 , 15.00 ,,ห่อ,อมรินทร์,18 May 2568
,6923710814290,พวงกุญแจลูกปัดการ์ตูน S-8142,,, 10.00 , 15.00 ,,ห่อ,อมรินทร์,18 May 2568
,6923710813187,พวงกุญแจสกุชชี่ P-81318-1,,, 10.00 , 15.00 ,,ห่อ,อมรินทร์,18 May 2568
,992001,ยางเกลียว,,, 10.00 , 15.00 ,,ห่อ,อมรินทร์,18 May 2568
,6923355045059,ยางมัดผมเกลียว TJ-4505,,, 10.00 , 15.00 ,,ห่อ,อมรินทร์,18 May 2568
,6925751033319,ยางรัดผม BB-3331,,, 10.00 , 15.00 ,,ห่อ,อมรินทร์,18 May 2568
,6923710816317,ยางรัดผมกล่อง,,, 10.00 , 15.00 ,,ห่อ,อมรินทร์,18 May 2568
,6925751033234,ยางรัดผมสปริง BB-3323,,, 10.00 , 15.00 ,,ห่อ,อมรินทร์,18 May 2568
,6925751033432,ยางรัดผมสปริง TA-3343,,, 10.00 , 15.00 ,,ห่อ,อมรินทร์,18 May 2568
,1200800001,ลวดขดเบอร์ 2,,, 10.00 , 15.00 ,,ห่อ,อมรินทร์,18 May 2568
,8955155800734,เล็บปลอมกล่อง LY-073,,, 10.00 , 15.00 ,,ห่อ,อมรินทร์,18 May 2568
,6925751034293,หนีบผมผีเสื้อขนฟู BB-3429,,, 10.00 , 15.00 ,,ห่อ,อมรินทร์,18 May 2568
,8859509505668,ชุดสมุดระบายสี + สีเทียนจิ๋ว 6 สี,,, 8.33 , 12.00 , 12.00 ,เล่ม,สมศรี,19 May 2568
,8888000000513,ชุดสมุดระบายสีตัวเลข,,, 8.33 , 25.00 , 25.00 ,เล่ม,สมศรี,19 May 2568
,8887549622762,ถ่าน Panasonic 2A Gold (แพค 4),,, 25.33 , 45.00 , 57.00 ,แพค,สมศรี,19 May 2568
,8887549622786,ถ่าน Panasonic 3A Gold (แพค 4),,, 25.33 , 45.00 , 57.00 ,แพค,สมศรี,19 May 2568
,14984824089355,ถ่าน Panasonic 9V Alkaline 2A,,, 65.00 , 90.00 , 120.00 ,ก้อน,สมศรี,19 May 2568
,14984824089195,ถ่าน Panasonic Alkaline 2A,,, 38.33 , 65.00 , 70.00 ,แพค,สมศรี,19 May 2568
,8887549622793,ถ่าน Panasonic D ใหญ่ Gold (แพค 2),,, 29.17 , 60.00 , 62.00 ,แพค,สมศรี,19 May 2568
,1988032100334,ถ่านกระดุม 1.55V (แพค 2),,, 1.50 , 10.00 , 15.00 ,แพค,สมศรี,19 May 2568
,8859796658184,เสื้อกันฝนเด็ก L,,, 15.00 , 20.00 , 25.00 ,ห่อ,สมศรี,19 May 2568
,8859796658177,เสื้อกันฝนเด็ก M,,, 15.00 , 20.00 , 25.00 ,ห่อ,สมศรี,19 May 2568
,8859796658160,เสื้อกันฝนเด็ก S,,, 15.00 , 20.00 , 25.00 ,ห่อ,สมศรี,19 May 2568
,200558,หมวกลูกเสือมีปีก (ลส.สำรอง),,, 54.17 , 80.00 , 85.00 ,ใบ,สมศรี,19 May 2568
,1302020001,เครื่องหมาย รด. จังหวัด,,, 15.00 , 20.00 , 25.00 ,อัน,ชัยพิพัฒน์,20 May 2568
,1302030001,เครื่องหมาย รด. มงกุฎ,,, 15.00 , 20.00 , 25.00 ,อัน,ชัยพิพัฒน์,20 May 2568
,1302040001,เครื่องหมาย รด. รักชาติฯ,,, 20.00 , 30.00 , 35.00 ,อัน,ชัยพิพัฒน์,20 May 2568
,1302010001,"เครื่องหมาย รด. หมายเลขชั้นปี 1,2,3",,, 10.00 , 15.00 , 20.00 ,อัน,ชัยพิพัฒน์,20 May 2568
,4902778558607,Uni Permanent Marker ขาว,,, 49.00 , 62.00 , 70.00 ,ด้าม,ไทยรุ่ง,20 May 2568
,4902778558744,Uni Permanent Marker เงิน,,, 49.00 , 62.00 , 70.00 ,ด้าม,ไทยรุ่ง,20 May 2568
,4902778558690,Uni Permanent Marker แดง,,, 49.00 , 62.00 , 70.00 ,ด้าม,ไทยรุ่ง,20 May 2568
,4902778558737,Uni Permanent Marker ทอง,,, 49.00 , 62.00 , 70.00 ,ด้าม,ไทยรุ่ง,20 May 2568
,4902778558669,Uni Permanent Marker น้ำเงิน,,, 49.00 , 62.00 , 70.00 ,ด้าม,ไทยรุ่ง,20 May 2568
,28851907079141,ดินสอ EE Reniassance,,, 13.00 , 25.00 , 35.00 ,แท่ง,ไทยรุ่ง,20 May 2568
,4007817100608,ดินสอ EE Steadler,,, 16.67 , 35.00 , 45.00 ,แท่ง,ไทยรุ่ง,20 May 2568
,160005001201,3D Mask 10 ชิ้น (ขาว/ดำ),,, 10.00 , 15.00 , 20.00 ,ห่อ,แคทรียา,24 May 2568
,6987596450157,DOS UNO,,, 25.00 , 30.00 , 35.00 ,กล่อง,แคทรียา,24 May 2568
,8859720231865,Post-it น่ารักคละลาย SN-43186,,, 10.00 , 15.00 , 20.00 ,ห่อ,แคทรียา,24 May 2568
,8859720231872,Post-it น่ารักคละลาย SN-43187,,, 10.00 , 15.00 , 20.00 ,ห่อ,แคทรียา,24 May 2568
,6935912712058,UNO NO.01,,, 25.00 , 30.00 , 35.00 ,กล่อง,แคทรียา,24 May 2568
,6150579644441,กรรไกร 4 นิ้ว KAIBO เด็ก,,, 10.00 , 13.00 , 17.00 ,อัน,แคทรียา,24 May 2568
,130102030102,กิ๊ฟติดผม กากเพชร คละแบบ 15,,, 15.00 , 20.00 , 20.00 ,อัน,แคทรียา,24 May 2568
,130102030103,กิ๊ฟติดผมคู่ กากเพชร คละแบบ 20,,, 20.00 , 25.00 , 25.00 ,อัน,แคทรียา,24 May 2568
,130102030101,กิ๊ฟโบว์ คละแบบ 15,,, 15.00 , 20.00 , 20.00 ,อัน,แคทรียา,24 May 2568
,88088088001,ของเล่น NO.088,,, 20.00 , 25.00 , 30.00 ,อัน,แคทรียา,24 May 2568
,68525400001,ของเล่น NO.196,,, 15.00 , 20.00 , 25.00 ,อัน,แคทรียา,24 May 2568
,6934374557751,ของเล่นแฟชั่น 20 บาท,,, 20.00 , 25.00 , 30.00 ,อัน,แคทรียา,24 May 2568
,8859720231858,คั่นหน้ากระดาษ น่ารัก SN-43185,,, 10.00 , 15.00 , 20.00 ,ห่อ,แคทรียา,24 May 2568
,6925754011857,เคเบิลไทล์ คละสี  OJ-1185,,, 20.00 , 25.00 , 30.00 ,ห่อ,แคทรียา,24 May 2568
,111241512022,ถุงปากกาและเอกสาร ใหญ่ คละสี,,, 20.00 , 26.00 , 30.00 ,ถุง,แคทรียา,24 May 2568
,6974546614608,บีดักซ์ ทิชชู่เปียก BDK-1460,,, 25.00 , 30.00 , 35.00 ,ห่อ,แคทรียา,24 May 2568
,JF202308070014,ป้ายห้อยบัตรพร้อมสาย น้ำเงิน/ดำ,,, 15.00 , 20.00 , 25.00 ,อัน,แคทรียา,24 May 2568
,130102030104,พวงกุญแจลูกปัด คละแบบ,,, 12.00 , 16.00 , 15.00 ,อัน,แคทรียา,24 May 2568
,8859509505668,ชุดสมุดระบายสี+สีเทียนจิ๋ว6สี,,, 8.33 , 25.00 , 30.00 ,ชุด,สมศรี,25 May 2568
,8859813354556,โต๊ะเขียนหนังสือพลาสติก,,, 85.00 , 110.00 , 150.00 ,ตัว,สมศรี,25 May 2568
,8859830637786,ริบบิ้นคละลาย TL-23778,,, 10.00 , 20.00 , 25.00 ,แพค,สมศรี,25 May 2568
,8859830637724,ริบบิ้นคละสี แถบทอง 10m x 1.6cm,,, 7.00 , 20.00 , 25.00 ,แพค,สมศรี,25 May 2568
,569574,ริบบิ้นห่อเหรีญตรานกยูงคละสี NO.2,,, 12.00 , 20.00 , 25.00 ,แพค,สมศรี,25 May 2568
,698678,ลวดมัดไก่เบอร์16,,, 15.83 , 25.00 , 30.00 ,อัน,สมศรี,25 May 2568
,3021659,ลวดมัดไก่เบอร์20,,, 15.83 , 25.00 , 30.00 ,อัน,สมศรี,25 May 2568
,8857121562915,เสื้อกันฝนเด็ก,,, 15.00 , 25.00 , 30.00 ,ตัว,สมศรี,25 May 2568
,8859796621621,เหล็กแขวนแป้นรุ่นหัวเข็มขัด8นิ้ว,,, 8.50 , 15.00 , 105.00 ,แพค,สมศรี,25 May 2568
,90240000001,ลวดกำมะหยี่ คละสี (แพค 25),,, 8.75 , 15.00 , 20.00 ,ห่อ,ปลีก,26 May 2568
,18858814202177,น้ำยาดันฝุ่น 1000 มล. กลิ่นวิคตอเรียพิ้งค์ ชมพู,,, 89.10 , 155.00 , 235.00 ,ขวด,KCCP Group,28 May 2568
,18858814203105,น้ำยาถูพื้น 1200 มล. กลิ่นโรแมนติกโรส ชมพู ,,, 53.10 , 79.00 , 109.00 ,ขวด,KCCP Group,28 May 2568
,18858814202924,น้ำยาถูพื้น 5200 มล. กลิ่นโรแมนติกโรส ชมพู,,, 148.50 , 195.00 , 275.00 ,แกลลอน,KCCP Group,28 May 2568
,18858814202931,น้ำยาถูพื้น 5200 มล. กลิ่นแวนดาเฟรส ม่วง,,, 148.50 , 195.00 , 275.00 ,แกลลอน,KCCP Group,28 May 2568
,18858814205758,สปาคลีนน้ำยาทำความสะอาดพื้น 1200 มล. กลิ่น Luxury,,, 53.10 , 79.00 , 109.00 ,ขวด,KCCP Group,28 May 2568
,18858814205826,สปาคลีนน้ำยาทำความสะอาดพื้น 5200 มล. กลิ่น Luxury,,, 148.50 , 195.00 , 275.00 ,แกลลอน,KCCP Group,28 May 2568
,18858814205819,สปาคลีนน้ำยาทำความสะอาดพื้น 5200 มล. กลิ่น Modern,,, 148.50 , 195.00 , 275.00 ,แกลลอน,KCCP Group,28 May 2568
,18858814206519,สปาคลีนสบู่เหลวล้างมือ 295 มล. กลิ่นซากุระเพียว,,, 35.10 , 79.00 , 129.00 ,ขวด,KCCP Group,28 May 2568
,18858814206496,สปาคลีนสบู่เหลวล้างมือ 295 มล. กลิ่นน้ำนมข้าว,,, 35.10 , 79.00 , 129.00 ,ขวด,KCCP Group,28 May 2568
,18858814206502,สปาคลีนสบู่เหลวล้างมือ 295 มล. กลิ่นว่านหางจระเข้,,, 35.10 , 79.00 , 129.00 ,ขวด,KCCP Group,28 May 2568
,,แฮนดี้แมน น้ำยาเช็ดกระจก 500 มล.,,, 49.50 , 89.00 , 99.00 ,ขวด,KCCP Group,28 May 2568
,18858814200470,แฮนดี้แมน น้ำยาล้างห้องน้ำประจำวัน 3800 มล. กลิ่นใหม่,,, 184.50 , 249.00 , 490.00 ,แกลลอน,KCCP Group,28 May 2568
,18858814204546,แฮนดี้แมน น้ำยาล้างห้องน้ำ-สนิม 3800 มล.,,, 135.00 , 179.00 , 350.00 ,แกลลอน,KCCP Group,28 May 2568
,18858814201217,แฮนดี้แมนน้ำยาฆ่าเชื้อแบคทีเรียและดับกลิ่น 3800 มล. กลิ่นบลอสซั่มอโรมา,,, 162.00 , 225.00 , 350.00 ,แกลลอน,KCCP Group,28 May 2568
,801010252010,แจกันดอกไม้ปลอม (เล็ก),,, 100.00 , 100.00 , 150.00 ,อัน,ปลีก,28 May 2568
,502100001,กระเป๋าแฟ้มบางไม่มีลาย PRO,,, 57.00 , 57.00 ,,อัน,ไทยรุ่ง,15 May 2568
,8853567009441,ชุดเสื้อกันฝนพร้อมกางเกง 30-RG030,,, 135.00 , 199.00 , 209.00 ,ตัว,สมศรี,1 June 2568
,8859813354556,โต๊ะเขียนหนังสือพลาสติก,,, 85.00 , 105.00 , 135.00 ,ตัว,สมศรี,1 June 2568
,2001031840083,เสื้อกันฝน + กางเกง คละสี,,, 75.00 , 99.00 , 104.00 ,ตัว,สมศรี,1 June 2568
,8859796658092,เสื้อกันฝน TL-15809,,, 15.00 , 30.00 , 31.00 ,ตัว,สมศรี,1 June 2568
,2001031840007,เสื้อกันฝนลายจุด คละสี 65x120 cm,,, 60.00 , 89.00 , 99.00 ,ตัว,สมศรี,1 June 2568
,9787502377151,เสื้อกันฝนหนา คละสี,,, 120.00 , 189.00 , 199.00 ,ตัว,สมศรี,1 June 2568
,8851907122072,ตราช้าง แฟ้มสันกว้าง 2100F เขียว,,, 82.00 ,,,อัน,ไทยรุ่ง,15 May 2568
,8851907111410,ตราช้าง แฟ้มสันกว้าง 2100F ม่วง,,, 82.00 ,,,อัน,ไทยรุ่ง,15 May 2568
,90240000001,ลวดกำมะหยี่ คละสี (แพค 25),,, 6.64 , 15.00 ,,ห่อ,ปลีก,6 June 2568
,400250125101,กระดาษคราฟต์ ลายหนังสือพิมพ์ คละสี,,, 8.00 , 18.00 , 20.00 ,แผ่น,Fairy flora,9 June 2568
,889812800,ธูปเทียนแพ กำ,,, 75.00 , 75.00 , 80.00 ,อัน,ไทยรุ่ง,9 June 2568
,889882804,โฟมกระทง เบอร์ 4,,, 4.00 , 4.00 , 4.00 ,อัน,ไทยรุ่ง,9 June 2568
,889882805,โฟมกระทง เบอร์ 5,,, 5.00 , 5.00 , 5.00 ,อัน,ไทยรุ่ง,9 June 2568
,889882808,โฟมกระทง เบอร์ 8,,, 8.00 , 8.00 , 10.00 ,อัน,ไทยรุ่ง,9 June 2568
,889881801,โฟมพุ่มข้าง เรียว,,, 40.00 , 40.00 , 45.00 ,อัน,ไทยรุ่ง,9 June 2568
,889888805,โฟมพุ่มดอกบัว เบอร์ 5,,, 39.00 , 39.00 , 49.00 ,อัน,ไทยรุ่ง,9 June 2568
,889888807,โฟมพุ่มดอกบัว เบอร์ 7,,, 69.00 , 69.00 , 75.00 ,อัน,ไทยรุ่ง,9 June 2568
,8859161700920,ไม้จิ้มฟัน Coala,,, 12.00 , 12.00 , 15.00 ,ห่อ,ไทยรุ่ง,9 June 2568
,8857126595062,ไม้เสียบลูกชิ้น 3x10 mm,,, 17.00 , 17.00 , 17.00 ,ห่อ,ไทยรุ่ง,9 June 2568
,8857126595017,ไม้เสียบลูกชิ้น 3x5 mm,,, 12.00 , 12.00 , 12.00 ,ห่อ,ไทยรุ่ง,9 June 2568
,8857126595048,ไม้เสียบลูกชิ้น 3x8 mm,,, 15.00 , 15.00 , 15.00 ,ห่อ,ไทยรุ่ง,9 June 2568
,889812809,ธูปเทียนแพ กำ (พรสววรค์),,, 55.00 , 75.00 , 100.00 ,กำ,พรสวรรค์,9 June 2568
,889812801,ธูปเทียนแพ กำใหญ่ ขอบทอง,,, 70.00 , 105.00 , 130.00 ,กำ,พรสวรรค์,9 June 2568
,889812804,ธูปเทียนแพ ขวาง ธรรมดา,,, 70.00 , 105.00 , 120.00 ,อัน,พรสวรรค์,9 June 2568
,1251221423615,เส้นใยสังเคราะห์ The Classic 500g,,, 85.00 , 95.00 , 130.00 ,ห่อ,วีระพานิช,9 June 2568
,889812802,ธูปเทียนแพ เบอร์ 2 อย่างดี,,, 115.00 , 180.00 , 180.00 ,อัน,ศิริพร,9 June 2568
,889812803,ธูปเทียนแพ เบอร์ 3 อย่างดี,,, 100.00 , 140.00 , 140.00 ,อัน,ศิริพร,9 June 2568
,84511393653,อะคริลิค 20ml SAKURA 1x6 รหัส XAC20-107,,, 26.00 , 39.00 , 42.00 ,หลอด,ซากุระโปรดัคส์,10 June 2568
,84511393660,อะคริลิค 20ml SAKURA 1x6 รหัส XAC20-108,,, 26.00 , 39.00 , 42.00 ,หลอด,ซากุระโปรดัคส์,10 June 2568
,84511393684,อะคริลิค 20ml SAKURA 1x6 รหัส XAC20-110,,, 26.00 , 39.00 , 42.00 ,หลอด,ซากุระโปรดัคส์,10 June 2568
,84511393691,อะคริลิค 20ml SAKURA 1x6 รหัส XAC20-111,,, 26.00 , 39.00 , 42.00 ,หลอด,ซากุระโปรดัคส์,10 June 2568
,84511392373,อะคริลิค 20ml SAKURA 1x6 รหัส XAC20-112,,, 26.00 , 39.00 , 42.00 ,หลอด,ซากุระโปรดัคส์,10 June 2568
,84511392205,อะคริลิค 20ml SAKURA 1x6 รหัส XAC20-117,,, 26.00 , 39.00 , 42.00 ,หลอด,ซากุระโปรดัคส์,10 June 2568
,84511392236,อะคริลิค 20ml SAKURA 1x6 รหัส XAC20-119,,, 26.00 , 39.00 , 42.00 ,หลอด,ซากุระโปรดัคส์,10 June 2568
,84511393738,อะคริลิค 20ml SAKURA 1x6 รหัส XAC20-121,,, 26.00 , 39.00 , 42.00 ,หลอด,ซากุระโปรดัคส์,10 June 2568
,84511393752,อะคริลิค 20ml SAKURA 1x6 รหัส XAC20-122,,, 26.00 , 39.00 , 42.00 ,หลอด,ซากุระโปรดัคส์,10 June 2568
,84511392304,อะคริลิค 20ml SAKURA 1x6 รหัส XAC20-131,,, 26.00 , 39.00 , 42.00 ,หลอด,ซากุระโปรดัคส์,10 June 2568
,84511393844,อะคริลิค 20ml SAKURA 1x6 รหัส XAC20-135,,, 26.00 , 39.00 , 42.00 ,หลอด,ซากุระโปรดัคส์,10 June 2568
,84511392366,อะคริลิค 20ml SAKURA 1x6 รหัส XAC20-143,,, 26.00 , 39.00 , 42.00 ,หลอด,ซากุระโปรดัคส์,10 June 2568
,84511392380,อะคริลิค 20ml SAKURA 1x6 รหัส XAC20-149,,, 26.00 , 39.00 , 42.00 ,หลอด,ซากุระโปรดัคส์,10 June 2568
,84511392199,อะคริลิค 20ml SAKURA 1x6 รหัส XAC20-15,,, 26.00 , 39.00 , 42.00 ,หลอด,ซากุระโปรดัคส์,10 June 2568
,84511393905,อะคริลิค 20ml SAKURA 1x6 รหัส XAC20-155,,, 26.00 , 39.00 , 42.00 ,หลอด,ซากุระโปรดัคส์,10 June 2568
,84511393707,อะคริลิค 20ml SAKURA 1x6 รหัส XAC20-17,,, 26.00 , 39.00 , 42.00 ,หลอด,ซากุระโปรดัคส์,10 June 2568
,84511392212,อะคริลิค 20ml SAKURA 1x6 รหัส XAC20-18,,, 26.00 , 39.00 , 42.00 ,หลอด,ซากุระโปรดัคส์,10 June 2568
,84511392229,อะคริลิค 20ml SAKURA 1x6 รหัส XAC20-19,,, 26.00 , 39.00 , 42.00 ,หลอด,ซากุระโปรดัคส์,10 June 2568
,84511398151,อะคริลิค 20ml SAKURA 1x6 รหัส XAC20-2,,, 26.00 , 39.00 , 42.00 ,หลอด,ซากุระโปรดัคส์,10 June 2568
,84511392243,อะคริลิค 20ml SAKURA 1x6 รหัส XAC20-20,,, 26.00 , 39.00 , 42.00 ,หลอด,ซากุระโปรดัคส์,10 June 2568
,84511393721,อะคริลิค 20ml SAKURA 1x6 รหัส XAC20-21,,, 26.00 , 39.00 , 42.00 ,หลอด,ซากุระโปรดัคส์,10 June 2568
,84511392250,อะคริลิค 20ml SAKURA 1x6 รหัส XAC20-23,,, 26.00 , 39.00 , 42.00 ,หลอด,ซากุระโปรดัคส์,10 June 2568
,84511393837,อะคริลิค 20ml SAKURA 1x6 รหัส XAC20-234,,, 26.00 , 39.00 , 42.00 ,หลอด,ซากุระโปรดัคส์,10 June 2568
,84511393776,อะคริลิค 20ml SAKURA 1x6 รหัส XAC20-24,,, 26.00 , 39.00 , 42.00 ,หลอด,ซากุระโปรดัคส์,10 June 2568
,84511392267,อะคริลิค 20ml SAKURA 1x6 รหัส XAC20-25,,, 26.00 , 39.00 , 42.00 ,หลอด,ซากุระโปรดัคส์,10 June 2568
,84511392274,อะคริลิค 20ml SAKURA 1x6 รหัส XAC20-26,,, 26.00 , 39.00 , 42.00 ,หลอด,ซากุระโปรดัคส์,10 June 2568
,84511392281,อะคริลิค 20ml SAKURA 1x6 รหัส XAC20-27,,, 26.00 , 39.00 , 42.00 ,หลอด,ซากุระโปรดัคส์,10 June 2568
,84511392298,อะคริลิค 20ml SAKURA 1x6 รหัส XAC20-29,,, 26.00 , 39.00 , 42.00 ,หลอด,ซากุระโปรดัคส์,10 June 2568
,84511392168,อะคริลิค 20ml SAKURA 1x6 รหัส XAC20-3,,, 26.00 , 39.00 , 42.00 ,หลอด,ซากุระโปรดัคส์,10 June 2568
,84511393820,อะคริลิค 20ml SAKURA 1x6 รหัส XAC20-34,,, 26.00 , 39.00 , 42.00 ,หลอด,ซากุระโปรดัคส์,10 June 2568
,84511392328,อะคริลิค 20ml SAKURA 1x6 รหัส XAC20-36,,, 26.00 , 39.00 , 42.00 ,หลอด,ซากุระโปรดัคส์,10 June 2568
,84511392335,อะคริลิค 20ml SAKURA 1x6 รหัส XAC20-38,,, 26.00 , 39.00 , 42.00 ,หลอด,ซากุระโปรดัคส์,10 June 2568
,84511392342,อะคริลิค 20ml SAKURA 1x6 รหัส XAC20-39,,, 26.00 , 39.00 , 42.00 ,หลอด,ซากุระโปรดัคส์,10 June 2568
,84511392175,อะคริลิค 20ml SAKURA 1x6 รหัส XAC20-4,,, 26.00 , 39.00 , 42.00 ,หลอด,ซากุระโปรดัคส์,10 June 2568
,84511392359,อะคริลิค 20ml SAKURA 1x6 รหัส XAC20-43,,, 26.00 , 39.00 , 42.00 ,หลอด,ซากุระโปรดัคส์,10 June 2568
,84511393875,อะคริลิค 20ml SAKURA 1x6 รหัส XAC20-44,,, 26.00 , 39.00 , 42.00 ,หลอด,ซากุระโปรดัคส์,10 June 2568
,84511393899,อะคริลิค 20ml SAKURA 1x6 รหัส XAC20-49,,, 26.00 , 39.00 , 42.00 ,หลอด,ซากุระโปรดัคส์,10 June 2568
,84511393546,อะคริลิค 20ml SAKURA 1x6 รหัส XAC20-5,,, 26.00 , 39.00 , 42.00 ,หลอด,ซากุระโปรดัคส์,10 June 2568
,84511392397,อะคริลิค 20ml SAKURA 1x6 รหัส XAC20-50,,, 26.00 , 39.00 , 42.00 ,หลอด,ซากุระโปรดัคส์,10 June 2568
,84511392403,อะคริลิค 20ml SAKURA 1x6 รหัส XAC20-51,,, 26.00 , 39.00 , 42.00 ,หลอด,ซากุระโปรดัคส์,10 June 2568
,84511392410,อะคริลิค 20ml SAKURA 1x6 รหัส XAC20-53,,, 26.00 , 39.00 , 42.00 ,หลอด,ซากุระโปรดัคส์,10 June 2568
,84511393912,อะคริลิค 20ml SAKURA 1x6 รหัส XAC20-551,,, 26.00 , 39.00 , 42.00 ,หลอด,ซากุระโปรดัคส์,10 June 2568
,84511392182,อะคริลิค 20ml SAKURA 1x6 รหัส XAC20-7,,, 26.00 , 39.00 , 42.00 ,หลอด,ซากุระโปรดัคส์,10 June 2568
,84511393677,อะคริลิค 20ml SAKURA 1x6 รหัส XAC20-9,,, 26.00 , 39.00 , 42.00 ,หลอด,ซากุระโปรดัคส์,10 June 2568
,889888502,Seng heng ด้ายร้อยมาลัย,,, 30.00 , 42.00 , 50.00 ,อัน,ศิริพร,10 June 2568
,889888501,เข็มร้อยมาลัย (ดำ),,, 5.00 , 10.00 , 12.00 ,อัน,ศิริพร,10 June 2568
,889888806,โฟมพุ่มดอกบัว เบอร์ 6,,, 50.00 , 55.00 , 65.00 ,อัน,ศิริพร,10 June 2568
,889888807,โฟมพุ่มดอกบัว เบอร์ 7,,, 65.00 , 69.00 , 85.00 ,อัน,ศิริพร,10 June 2568
,889882805,โฟมกระทง เบอร์ 5,,, 5.00 , 5.00 , 5.00 ,อัน,ธนากิจ,11 June 2568
,889812800,โฟมกระทง เบอร์ 8,,, 5.00 , 8.00 , 8.00 ,อัน,ธนากิจ,11 June 2568
,,ครีมโอ คุกกี้รสช๊อกโกแลตสอดไส้ช็อค 27 กรัม,,, 4.00 , 5.00 ,,ห่อ,ส่องแสง,11 June 2568
,,คาราด้า ข้าวเกรียบปลาหมึก 5 บ.,,, 4.00 , 5.00 ,,ห่อ,ส่องแสง,11 June 2568
,,แจ็กซ์ แดง 14 ก. 5 บาท (ใหม่08),,, 4.00 , 5.00 ,,ห่อ,ส่องแสง,11 June 2568
,,แจ็กซ์ น้ำเงิน 14 ก. 5 บาท (ใหม่08),,, 4.00 , 5.00 ,,ห่อ,ส่องแสง,11 June 2568
,,ไดโนพาร์ค ขนมทอดกรอบ รสซีฟู้ด 5 บ.,,, 4.00 , 5.00 ,,ห่อ,ส่องแสง,11 June 2568
,,เทสโต แผ่นเรียบ 11 ก. สาหร่ายญี่ปุ่น แถมปาตี้ 3 ก. ,,, 4.00 , 5.00 ,,ห่อ,ส่องแสง,11 June 2568
,,เทสโต แผ่นหยัก 11 ก. มันฝรังแท้ (เกลือ) ,,, 4.00 , 5.00 ,,ห่อ,ส่องแสง,11 June 2568
,,พีอาร์ ข้าวเกรียบ 5บ. รสทวิสคอร์น บาร์บีคิว,,, 4.00 , 5.00 ,,ห่อ,ส่องแสง,11 June 2568
,,ฟันโอ (5บ) แครกเกอร์รสบัตเตอร์ 40 ก.,,, 4.00 , 5.00 ,,ห่อ,ส่องแสง,11 June 2568
,,ฟันโอ (5บ) แครกเกอร์รสมะพร้าว 40 ก.,,, 4.00 , 5.00 ,,ห่อ,ส่องแสง,11 June 2568
,,,,, 4.00 , 5.00 ,,ห่อ,ส่องแสง,11 June 2568
,,ฟันโอ สแควร์ คุกกี้ ช็อกโกแลตชิพ 33ก.,,, 4.08 , 5.00 ,,ห่อ,ส่องแสง,11 June 2568
,,โรลเลอร์ โคสเตอร์รสสาหร่าย 14ก. ฟรีทิวลี่ฟันไบร์ 3ก.,,, 4.00 , 5.00 ,,ห่อ,ส่องแสง,11 June 2568
,,โอเอทิน บิสกิตแผ่นบางรสนม 30 กรัม 5 บาท,,, 4.17 , 5.00 ,,ห่อ,ส่องแสง,11 June 2568
,,โอเอทิน บิสกิตแผ่นบางรสพิซซ่า 30 กรัม 5 บาท,,, 4.17 , 5.00 ,,ห่อ,ส่องแสง,11 June 2568
,889882803,โฟมกระทง เบอร์ 4 จิ๋ว,,, 4.00 , 4.00 , 4.00 ,อัน,อิสราภรณ์,11 June 2568
,,Deli PVC คั่นหน้า A104 5 สี,,, 28.00 , 28.00 , 35.00 ,ห่อ,ไทยรุ่ง,18 June 2568
,,กระดาษการ์ดสี เขียว 120 แกรม 180 แผ่น,,, 112.00 , 125.00 , 130.00 ,รีม,ไทยรุ่ง,18 June 2568
,,กระดาษการ์ดสี ม่วง 120 แกรม 180 แผ่น,,, 112.00 , 125.00 , 130.00 ,รีม,ไทยรุ่ง,18 June 2568
,,กระดาษมันปู แดง,,, 5.00 , 5.00 , 5.00 ,แผ่น,ไทยรุ่ง,18 June 2568
,8851907266592,คลิปดำ Elfen NO.108,,, 5.00 , 8.00 , 8.00 ,ตัว,ไทยรุ่ง,18 June 2568
,8851907266561,คลิปดำ Elfen NO.111,,, 1.67 , 3.00 , 3.00 ,ตัว,ไทยรุ่ง,18 June 2568
,8850950048841,ซองขาว เบอร์ 9/100 ครุฑ,,, 0.66 , 1.00 , 1.00 ,ซอง,ไทยรุ่ง,18 June 2568
,8851907089344,ตราช้าง ใบส่งของ #1 คาร์บอนในตัว 150x210mm,,, 18.00 , 25.00 , 30.00 ,เล่ม,ไทยรุ่ง,18 June 2568
,8851907122065,ตราช้าง แฟ้มสันกว้าง 2100F ส้ม,,, 82.00 ,,,อัน,ไทยรุ่ง,15 May 2568
,4007817304464,ปากกาเน้นข้อความ Steadler เขียว,,, 32.00 , 38.00 , 42.00 ,ด้าม,ไทยรุ่ง,18 June 2568
,4007817304686,ปากกาเน้นข้อความ Steadler ชมพู,,, 32.00 , 38.00 , 42.00 ,ด้าม,ไทยรุ่ง,18 June 2568
,4007817049693,ปากกาเน้นข้อความ Steadler เทาอ่อน,,, 32.00 , 38.00 , 42.00 ,ด้าม,ไทยรุ่ง,18 June 2568
,4007817049457,ปากกาเน้นข้อความ Steadler พีช,,, 32.00 , 38.00 , 42.00 ,ด้าม,ไทยรุ่ง,18 June 2568
,4007817304693,ปากกาเน้นข้อความ Steadler ส้ม,,, 32.00 , 38.00 , 42.00 ,ด้าม,ไทยรุ่ง,18 June 2568
,4007817304679,ปากกาเน้นข้อความ Steadler สีเหลือง Neon,,, 32.00 , 38.00 , 42.00 ,ด้าม,ไทยรุ่ง,18 June 2568
,8851673254601,ป้ายชื่อพร้อมคลิป HK-A5,,, 4.04 , 10.00 , 15.00 ,อัน,ไทยรุ่ง,18 June 2568
,8854951007067,ป้ายติดอก 55x90mm N-003,,, 4.50 , 10.00 , 15.00 ,อัน,ไทยรุ่ง,18 June 2568
,367422,สันรูด 22 mm คละสี,,, 13.50 , 22.00 , 25.00 ,อัน,ไทยรุ่ง,18 June 2568
,8851552131009,ลวดเสียบกระดาษ เหลี่ยม ตราม้า NO.1,,, 10.00 , 12.00 , 15.00 ,กล่อง,ธีระ,19 June 2568
,,Snail หนังสือสัญญาซื้อขาย,,, 22.00 , 22.00 , 25.00 ,เล่ม,ไทยรุ่ง,21 June 2568
,,กระดาษชาร์ท เทาขาว ใหญ่,,, 11.00 , 15.00 , 15.00 ,แผ่น,ไทยรุ่ง,21 June 2568
,,กระดาษมันปู เขียว,,, 3.00 , 5.00 , 5.00 ,แผ่น,ไทยรุ่ง,21 June 2568
,,กระดาษมันปู แดง,,, 3.00 , 5.00 , 5.00 ,แผ่น,ไทยรุ่ง,21 June 2568
,,กระดาษมันปู น้ำเงิน,,, 3.00 , 5.00 , 5.00 ,แผ่น,ไทยรุ่ง,21 June 2568
,,กระดาษมันปู ฟ้า,,, 3.00 , 5.00 , 5.00 ,แผ่น,ไทยรุ่ง,21 June 2568
,,กระดาษมันปู เหลือง,,, 3.00 , 5.00 , 5.00 ,แผ่น,ไทยรุ่ง,21 June 2568
,8859633300238,ช้างคู่ ชอล์คขาว 60 แท่ง,,, 20.00 , 20.00 , 40.00 ,กล่อง,ไทยรุ่ง,21 June 2568
,8859633300245,ช้างคู่ ชอล์คสี 60 แท่ง,,, 34.00 , 34.00 , 50.00 ,กล่อง,ไทยรุ่ง,21 June 2568
,,ทะเบียนครุภัณฑ์ พ.19,,, 39.00 , 39.00 , 40.00 ,เล่ม,ไทยรุ่ง,21 June 2568
,,สมุดคุมการจ่ายเช็ค,,, 76.00 , 76.00 , 86.00 ,เล่ม,ไทยรุ่ง,21 June 2568
,,สมุดตรวจราชการ,,, 198.00 , 198.00 , 220.00 ,เล่ม,ไทยรุ่ง,21 June 2568
,8850774020344,สมุดทะเบียนหนังสือรับ,,, 52.00 , 52.00 , 65.00 ,เล่ม,ไทยรุ่ง,21 June 2568
,8851192160209,สมุดบัญชีรายรับ-รายจ่าย,,, 84.00 , 84.00 , 95.00 ,เล่ม,ไทยรุ่ง,21 June 2568
,280049,สมุดบัญชีลงเวลาปฏิบัติราชการหน้าเดียว,,, 66.00 , 66.00 , 75.00 ,เล่ม,ไทยรุ่ง,21 June 2568
,250529584,กลีบดอกไม้ตกแต่ง คละแบบ,,, 40.00 , 59.00 , 65.00 ,ถุง,ปลีก,
,ZLQ3C090A5,แฟ้มการ์ด 62U1625 3 นิ้ว,,, 32.00 , 55.00 , 59.00 ,อัน,ปลีก,
,8851907258351,ตราช้าง เครื่องเย็บกระดาษ NO.DS-45N /3 (24/6) /35,,, 165.00 , 185.00 , 315.00 ,อัน,สมศรี,
,,ทรายอะเบท โอเชี่ยน THEMEPHOS 1% 25 กก.,,," 2,000.00 "," 2,800.00 "," 4,500.00 ",ถัง,ไอริน ป. พาณิชย์,6 June 2568
,885317090562,สมุด สพฐ.อาเซียน,,, 5.83 , 10.00 , 10.00 ,เล่ม,สมศรี,24 June 2568
,6931040216523,ไม้บรรทัดอลูมิเนียม 8 นิ้วคาดสี,,, 8.33 , 15.00 , 15.00 ,อัน,สมศรี,24 June 2568
,8851907295790,ดินสอ HB มาสเตอร์อาร์ต,,, 2.78 , 4.00 , 4.00 ,แท่ง,สมศรี,24 June 2568
,8851907292744,ดินสอควอนตั้ม 2B,,, 2.50 , 5.00 , 5.00 ,แท่ง,สมศรี,24 June 2568
,8851907292751,ดินสอควอนตั้ม คิวพี9403,,, 2.40 , 5.00 , 5.00 ,แท่ง,สมศรี,24 June 2568
,8858201001102,ดินสอ EE เซียร่า,,, 5.83 , 15.00 , 15.00 ,แท่ง,สมศรี,24 June 2568
,200050,ไม้บรรทัดลายการ์ตูน 034,,, 3.75 , 5.00 , 5.00 ,อัน,สมศรี,24 June 2568
,8855305005357,ปากกาเพ็นคอมแบบกด,,, 2.80 , 5.00 , 5.00 ,ด้าม,สมศรี,24 June 2568
,200091,ไม้พลองขาว,,, 35.00 , 50.00 , 60.00 ,อัน,สมศรี,27 June 2568
,200090,ไม้ง่ามลูกเสือ/เนตรนารี,,, 25.00 , 35.00 , 40.00 ,อัน,สมศรี,27 June 2568
,8852317030278,ฟิวเจอร์บอร์ด A4 3 mm,,, 40.00 , 70.00 , 75.00 ,แพค,สมศรี,27 June 2568
,8852317020194,สมุดนัมเบอร์ปกน้ำเงิน TOMMY,,, 26.67 , 40.00 , 45.00 ,เล่ม,สมศรี,27 June 2568
,8851907102449,ฟิล์มเคลือบบัตร ตราช้าง A4 125MIC,,, 190.00 , 247.00 , 320.00 ,แพค,สมศรี,27 June 2568
,8851907258351,ตราช้าง เครื่องเย็บกระดาษ NO.DS-45N /3 (24/6) /35,,, 135.00 , 185.00 , 185.00 ,อัน,สมศรี,27 June 2568
,8851907102432,ฟิล์มเคลือบบัตร ตราช้าง 80x110mm 125MIC,,, 85.00 , 135.00 , 135.00 ,แพค,สมศรี,27 June 2568
,127070,พวงกุญแจ BUS,,, 7.92 , 15.00 , 15.00 ,อัน,สมศรี,27 June 2568
,8851907327354,ปากกาควอนตัม เจลลูลอยด์ X5,,, 2.83 , 5.00 , 6.00 ,ด้าม,สมศรี,27 June 2568
,8859830637724,ริบบิ้น คละสี 10m 1.6cm,,, 7.00 , 12.00 , 12.00 ,ม้วน,สมศรี,27 June 2568
,8859397808124,ตระกร้าสี่เหลี่ยม NO.888,,, 8.33 , 8.33 , 8.33 ,อัน,สมศรี,27 June 2568
,1984020247487,แผ่นรองเขียน AN-4748-2,,, 15.83 , 25.00 , 25.00 ,แผ่น,สมศรี,27 June 2568
,5000246,กระดาษรองวาดรูปมีคลิป A3,,, 40.00 , 65.00 , 70.00 ,อัน,สมศรี,27 June 2568
,5000399,กระดาษรองวาดรูปมีคลิป A2,,, 50.00 , 75.00 , 80.00 ,อัน,สมศรี,27 June 2568
,,รูปปั้นรัชการที่ 6 องค์สีดำ,,, 675.00 ," 1,250.00 "," 1,800.00 ",พระรูป,พีพีเค,26 June 2568
,,รูปปั้นรัชการที่ 6 องค์สีนาก,,, 675.00 ," 1,250.00 "," 1,800.00 ",พระรูป,พีพีเค,26 June 2568
,90001314,กระดาษโปสเตอร์ 1 หน้า คละสี,,, 4.00 , 5.00 , 5.00 ,แผ่น,ไทยรุ่ง,25 June 2568
,8851907122072,ตราช้าง แฟ้มสันกว้าง 2100F เขียว,,, 82.00 , 85.00 , 115.00 ,อัน,ไทยรุ่ง,25 June 2568
,8852877010918,กระดาษกราฟ NO.2 A3 300x400mm,,, 3.54 , 6.00 , 5.00 ,แผ่น,ไทยรุ่ง,25 June 2568
,8852877010956,กระดาษกราฟ NO.4 A4 180x280mm,,, 1.86 , 3.00 , 3.00 ,แผ่น,ไทยรุ่ง,25 June 2568
,8853891157597,คลิปหนีบไม้ VCC-532,,, 44.00 , 55.00 , 60.00 ,ห่อ,ไทยรุ่ง,25 June 2568
,8852148015062,กระดาษโฟโต้อิ้งค์เจ็ทผิวมันเงา 180gA4 50 แผ่น พริกหวาน,,, 137.00 , 140.00 , 180.00 ,ห่อ,ไทยรุ่ง,25 June 2568
,8852148015321,กระดาษโฟโต้อิ้งค์เจ็ทผิวมันเงา 150gA4 50 แผ่น แก้วมังกร,,, 129.00 , 135.00 , 160.00 ,ห่อ,ไทยรุ่ง,25 June 2568
,8852148010340,กระดาษโฟโต้อิ้งค์เจ็ทผิวมันเงา 120gA4 50 แผ่น มะเขือเทศ,,, 103.00 , 103.00 , 130.00 ,ห่อ,ไทยรุ่ง,25 June 2568
,8851433005689,ไส้แฟ้มใส ORCA A4,,, 15.00 , 25.00 , 27.00 ,แพค,ไทยรุ่ง,25 June 2568
,8852317090562,สมุด สพฐ.อาเซียน,,, 5.83 , 10.00 , 10.00 ,เล่ม,สมศรี,29 June 2568
,9687469,ถุงเท้าลูกเสือไนลอน กากี 9 - 12,,, 28.75 , 45.00 , 40.00 ,คู่,สมศรี,29 June 2568
,8859474701478,ถุงเท้าลูกเสือไนลอน กากี 7 - 9,,, 28.33 , 45.00 , 40.00 ,คู่,สมศรี,29 June 2568
,9687470,ถุงเท้าพ่อเสือ 7 - 9 NO.8162,,, 39.17 , 60.00 , 60.00 ,คู่,สมศรี,29 June 2568
,9687471,ถุงเท้าพ่อเสือ 9 - 12 NO.8162,,, 40.00 , 60.00 , 60.00 ,คู่,สมศรี,29 June 2568
,203010,แฟ้มกระดุม,,, 6.67 , 10.00 , 10.00 ,อัน,สมศรี,29 June 2568
,,หมวกปีกผู้กำกับลูกเสือ,,, 110.00 , 200.00 , 275.00 ,ใบ,ชัยศิริ,26 June 2568
,,หมวกปีกผู้กำกับลูกเสือ แบบสาน,,, 299.00 , 380.00 , 450.00 ,ใบ,ชัยพิพัฒน์,26 June 2568
,,วอคเกิลครู,,, 30.00 , 40.00 , 50.00 ,อัน,ชัยศิริ,26 June 2568
,,วอคเกิลลูกเสือสามัญ,,, 7.00 , 10.00 , 10.00 ,อัน,ชัยศิริ,26 June 2568
,,ป้ายหน้าเสือ,,, 7.00 , 10.00 , 15.00 ,อัน,ชัยศิริ,26 June 2568
,8851433005689,ไส้แฟ้มใส ORCA A4,,, 13.00 , 25.00 , 27.00 ,แพค,ไทยรุ่ง,29 June 2568
,8854888013131,เครื่องเหลาดินสอ VB-SR11-GY,,, 206.00 , 250.00 , 450.00 ,เครื่อง,ไทยรุ่ง,29 June 2568
,8853198321967,ถังน้ำหูเหล็กพร้อมฝา 87 ลิตร 319A,,, 498.00 , 550.00 , 850.00 ,ถัง,ไทยวัสดุ,29 June 2568
,2000604068534,พรมเช็ดเท้า ZRM-1107 45x70x0.15 cm น้ำตาล,,, 198.00 , 229.00 , 320.00 ,ผืน,ไทยวัสดุ,29 June 2568
,8851251002945,ถังขยะ 18 ลิตร เท้าเหยียบ 5669GY 26x35x45 cm,,, 298.00 , 345.00 , 490.00 ,ถัง,ไทยวัสดุ,29 June 2568
,,แผ่นโฟม 0.5 นิ้ว,,, 13.50 , 30.00 , 35.00 ,แผ่น,พีเอส ฯ,20 June 2568
,,แผ่นโฟม 3/4 นิ้ว,,, 20.25 , 40.00 , 45.00 ,แผ่น,พีเอส ฯ,20 June 2568
,,แผ่นโฟม 1 นิ้ว,,, 27.00 , 53.00 , 65.00 ,แผ่น,พีเอส ฯ,20 June 2568
,,แผ่นโฟม 1 นิ้วครึ่ง,,, 40.50 , 85.00 , 85.00 ,แผ่น,พีเอส ฯ,20 June 2568
,6941255138848,ปากกา MG AGPJ4601,,,#DIV/0!,,,,ขุขันธ์การสุรา,6 July 2568
,31858830,เทียน 5A โพธิทอง สีเหลือง,,, 75.00 , 100.00 , 125.00 ,กล่อง,สมศรี,8 July 2568
,705147,เทียนใหญ่ NO.39 ตราแสงนวล,,, 120.00 , 150.00 , 220.00 ,กล่อง,สมศรี,8 July 2568
,91891915,เทียน 2A สีส้ม,,, 160.00 , 250.00 , 250.00 ,กล่อง,สมศรี,8 July 2568
,60232,สังฆทาน ชุดขันลายไทย,,, 135.00 , 180.00 , 250.00 ,แพ็ค,สมศรี,8 July 2568
,,หินกรวด #2,,, 60.00 , 100.00 , 150.00 ,ถุง,พิรุณพันธุ์ไม้,11 July 2568
,,หินกรวด #3,,, 60.00 , 100.00 , 150.00 ,ถุง,พิรุณพันธุ์ไม้,11 July 2568
,,สีอะคริลิค ขาว ทาภายนอก ขนาด 5 แกลลอน อย่างดี,,," 1,008.00 "," 2,425.00 "," 2,250.00 ",แกลลอน,ไทยวัสดุ,3 May 2568
,,สีอะคริลิค ขาว ทาภายนอก ขนาด 5 แกลลอน NT383,,, 988.00 ," 1,550.00 "," 1,650.00 ",แกลลอน,ไทยวัสดุ,3 May 2568
,,สีทองอะคริลิค อย่างดี ขนาด 1 แกลลอน,,," 3,080.00 "," 4,089.00 "," 4,500.00 ",แกลลอน,ไทยวัสดุ,3 May 2568
,,สีทอง TPI ขนาด 1 แกลลอน,,," 1,980.00 "," 2,450.00 "," 2,550.00 ",แกลลอน,ไทยวัสดุ,3 May 2568
,,สีทองอะคริลิค อย่างดี ขนาด 1/4 แกลลอน,,, 796.00 , 990.00 ," 1,125.00 ",แกลลอน,ไทยวัสดุ,3 May 2568
,,แลคเกอร์ T5500 1GL,,, 530.00 , 650.00 , 890.00 ,แกลลอน,ไทยวัสดุ,3 May 2568
,,แลคเกอร์ 1/4 แกลลอน #0071,,, 163.00 , 200.00 , 450.00 ,แกลลอน,ไทยวัสดุ,3 May 2568
,8850892048220,แท่นตัดกระดาษ 12x10 นิ้ว M1210 (ฐานโลหะ),,, 825.00 , 950.00 , 950.00 ,อัน,เอป๊อป,12 June 2568
,8851433111182,ฟิล์มเคลือบบัตร ORCA A4 125Micron,,, 191.00 , 200.00 , 260.00 ,แพค,เอป๊อป,12 June 2568
,,ตัวต่อ AA069-74,,,#DIV/0!,,,,อมรินทร์,12 May 2568
,6923710813187,พวงกุญแจสกุชชี่ P-81318-1,,,#DIV/0!,,,,อมรินทร์,12 May 2568
,6925751137055,เล็บปลอมกล่อง LY-069,,,#DIV/0!,,,,อมรินทร์,12 May 2568
,6975199122052,ตัวต่อ Bricks12 BB-3591,,,#DIV/0!,,,,อมรินทร์,12 May 2568
,6077115211083,เล็บปลอมกล่อง BB-3703,,,#DIV/0!,,,,อมรินทร์,12 May 2568
,6925751033258,วิปโฟม+ถ้วยสี BB-3325,,,#DIV/0!,,,,อมรินทร์,12 May 2568
,6947503702403,Permanent marker MG2130 น้ำเงิน,,, 12.00 , 12.00 ,,ด้าม,ขุขันธ์การสุรา,9 June 2025
,6925282240903,Permanent marker AMP21372 เขียว,,, 12.00 , 12.00 ,,ด้าม,ขุขันธ์การสุรา,9 June 2025
,6953787351237,Snoopy SPM21302 น้ำเงิน,,, 12.00 , 12.00 ,,ด้าม,ขุขันธ์การสุรา,9 June 2025
,6947503702397,Permanent marker MG2130 แดง,,, 12.00 , 12.00 ,,ด้าม,ขุขันธ์การสุรา,9 June 2025
,6947503702410,Permanent marker MG2130 ดำ,,, 12.00 , 12.00 ,,ด้าม,ขุขันธ์การสุรา,9 June 2025
,6941255122816,Permanent marker M12 แดง,,, 12.00 , 18.00 ,,ด้าม,ขุขันธ์การสุรา,9 June 2025
,6941255122793,Permanent marker M12 ดำ,,, 12.00 , 18.00 ,,ด้าม,ขุขันธ์การสุรา,9 June 2025
,6941255122809,Permanent marker M12 น้ำเงิน,,, 12.00 , 18.00 ,,ด้าม,ขุขันธ์การสุรา,9 June 2025
,6933631541311,APMY2204 marker M01 แดง,,, 7.00 , 7.00 ,,ด้าม,ขุขันธ์การสุรา,9 June 2025
,6933631541304,APMY2204 marker M01 น้ำเงิน,,, 7.00 , 7.00 ,,ด้าม,ขุขันธ์การสุรา,9 June 2025
,6933631541298,APMY2204 marker M01 ดำ,,, 7.00 , 7.00 ,,ด้าม,ขุขันธ์การสุรา,9 June 2025
,6931747148783,APMY2213 marker M01 ขาว,,, 10.00 , 10.00 ,,ด้าม,ขุขันธ์การสุรา,9 June 2025
,6941600102838,APMV7471 Permanent น้ำเงิน,,, 12.00 , 12.00 ,,ด้าม,ขุขันธ์การสุรา,9 June 2025
,6941600102869,APMV7471 Permanent แดง,,, 12.00 , 12.00 ,,ด้าม,ขุขันธ์การสุรา,9 June 2025
,6931747153701,Permanent marker 2 หัว APM29304 น้ำเงิน,,, 12.00 , 12.00 ,,ด้าม,ขุขันธ์การสุรา,9 June 2025
,6931747153718,Permanent marker 2 หัว APM29304 แดง,,, 12.00 , 12.00 ,,ด้าม,ขุขันธ์การสุรา,9 June 2025
,6931747153695,Permanent marker 2 หัว APM29304 ดำ,,, 12.00 , 12.00 ,,ด้าม,ขุขันธ์การสุรา,9 June 2025
,6941255184029,Metalic marker ทอง AWBY0108,,, 10.00 , 15.00 ,,ด้าม,ขุขันธ์การสุรา,9 June 2025
,6931747142675,Permanent marker M16 น้ำเงิน,,, 10.00 , 18.00 ,,ด้าม,ขุขันธ์การสุรา,9 June 2025
,6931747142682,Permanent marker M16 แดง,,, 10.00 , 18.00 ,,ด้าม,ขุขันธ์การสุรา,9 June 2025
,6931747142668,Permanent marker M16 ดำ,,, 10.00 , 18.00 ,,ด้าม,ขุขันธ์การสุรา,9 June 2025
,6937168848653,Permanent marker M05 APMY1801 น้ำเงิน,,, 10.00 , 10.00 ,,ด้าม,ขุขันธ์การสุรา,9 June 2025
,6937168848240,Permanent marker M05 APMY1801 ดำ,,, 10.00 , 10.00 ,,ด้าม,ขุขันธ์การสุรา,9 June 2025
,6933631547047,Whiteboard MG AWMY2201 แดง,,, 7.00 , 15.00 ,,ด้าม,ขุขันธ์การสุรา,9 June 2025
,6941255184036,Metalic marker เงิน AWBY0108,,, 11.00 , 22.00 ,,ด้าม,ขุขันธ์การสุรา,9 June 2025
,6953787351244,Snoopy SPM21302 ดำ,,, 12.00 , 12.00 ,,ด้าม,ขุขันธ์การสุรา,9 June 2025
,6941458399091,ปากกา APM29301 น้ำเงิน,,, 12.00 , 12.00 ,,ด้าม,ขุขันธ์การสุรา,9 June 2025
,6941458399107,ปากกา APM29301 แดง,,, 12.00 , 12.00 ,,ด้าม,ขุขันธ์การสุรา,9 June 2025
,6941458399084,ปากกา APM29301 ดำ,,, 12.00 , 12.00 ,,ด้าม,ขุขันธ์การสุรา,9 June 2025
,6953787376407,ปากกาวาดแบบ MG QB/T2777 Dark grey,,, 9.00 , 9.00 ,,ด้าม,ขุขันธ์การสุรา,9 June 2025
,6953787376384,ปากกาวาดแบบ MG QB/T2777 แดง,,, 9.00 , 9.00 ,,ด้าม,ขุขันธ์การสุรา,9 June 2025
,6947503714741,MG ASP21801 น้ำเงิน,,, 10.00 , 10.00 ,,ด้าม,ขุขันธ์การสุรา,9 June 2025
,6941458306808,Highlighter AHM25407 เหลือง,,, 10.00 , 10.00 ,,ด้าม,ขุขันธ์การสุรา,9 June 2025
,6941458306778,Highlighter AHM25407 ส้ม,,, 10.00 , 10.00 ,,ด้าม,ขุขันธ์การสุรา,9 June 2025
,6941458365799,Highlighter Fluo AHM28301 น้ำเงิน,,, 10.00 , 10.00 ,,ด้าม,ขุขันธ์การสุรา,9 June 2025
,6941458365768,Highlighter Fluo AHM28301 เขียว,,, 10.00 , 10.00 ,,ด้าม,ขุขันธ์การสุรา,9 June 2025
,6941458365577,Highlighter Fluo AHM28301 แดง,,, 10.00 , 10.00 ,,ด้าม,ขุขันธ์การสุรา,9 June 2025
,6941458365638,Highlighter Fluo AHM28301 ส้ม,,, 10.00 , 10.00 ,,ด้าม,ขุขันธ์การสุรา,9 June 2025
,6941458365836,Highlighter Fluo AHM28301 ม่วง,,, 10.00 , 10.00 ,,ด้าม,ขุขันธ์การสุรา,9 June 2025
,6941458365683,Highlighter Fluo AHM28301 เขียวมะนาว,,, 10.00 , 10.00 ,,ด้าม,ขุขันธ์การสุรา,9 June 2025
,6941458323645,MG Sketcher Fineliner 0.2,,, 18.00 , 18.00 ,,ด้าม,ขุขันธ์การสุรา,9 June 2025
,6941458323584,MG Sketcher Fineliner 0.05,,, 16.36 , 18.00 ,,ด้าม,ขุขันธ์การสุรา,9 June 2025
,6941458323829,MG Sketcher Fineliner 0.4,,, 18.00 , 18.00 ,,ด้าม,ขุขันธ์การสุรา,9 June 2025
,6941458323911,MG Sketcher Fineliner 0.8,,, 18.00 , 18.00 ,,ด้าม,ขุขันธ์การสุรา,9 June 2025
,6941458323850,MG Sketcher Fineliner 0.5,,, 18.00 , 18.00 ,,ด้าม,ขุขันธ์การสุรา,9 June 2025
,6941458323881,MG Sketcher Fineliner 0.6,,, 18.00 , 18.00 ,,ด้าม,ขุขันธ์การสุรา,9 June 2025
,6941025141924,MG Sketcher Fineliner Brush ZCPN0266,,, 18.00 , 18.00 ,,ด้าม,ขุขันธ์การสุรา,9 June 2025
,6941458368721,Fluorescent MG AHMV5001 เขียว,,, 13.00 , 13.00 ,,ด้าม,ขุขันธ์การสุรา,9 June 2025
,6941458368660,Fluorescent MG AHMV5001 เหลือง,,, 13.00 , 13.00 ,,ด้าม,ขุขันธ์การสุรา,9 June 2025
,6941458368691,Fluorescent MG AHMV5001 ส้ม,,, 13.00 , 13.00 ,,ด้าม,ขุขันธ์การสุรา,9 June 2025
,6941458368608,Fluorescent MG AHMV5001 น้ำเงิน,,, 13.00 , 13.00 ,,ด้าม,ขุขันธ์การสุรา,9 June 2025
,6941458368776,Fluorescent MG AHMV5001 ม่วง,,, 13.00 , 13.00 ,,ด้าม,ขุขันธ์การสุรา,9 June 2025
,6941458368639,Fluorescent MG AHMV5001 ชมพู,,, 13.00 , 13.00 ,,ด้าม,ขุขันธ์การสุรา,9 June 2025
,6941600104931,Highligth 2 หัว AHMT2604 ส้ม,,, 16.00 , 16.00 ,,ด้าม,ขุขันธ์การสุรา,9 June 2025
,6941600105099,Highligth 2 หัว AHMT2604 เขียว,,, 16.00 , 16.00 ,,ด้าม,ขุขันธ์การสุรา,9 June 2025
,6941600105051,Highligth 2 หัว AHMT2604 ชมพู,,, 16.00 , 16.00 ,,ด้าม,ขุขันธ์การสุรา,9 June 2025
,6941600104900,Highligth 2 หัว AHMT2604 เหลือง,,, 16.00 , 16.00 ,,ด้าม,ขุขันธ์การสุรา,9 June 2025
,6941600104962,Highligth 2 หัว AHMT2604 น้ำเงิน,,, 16.00 , 16.00 ,,ด้าม,ขุขันธ์การสุรา,9 June 2025
,6941025147148,Marker P01 AOMY8501 เขียวมะนาว,,, 19.00 , 19.00 ,,ด้าม,ขุขันธ์การสุรา,9 June 2025
,6941025147193,Marker P01 AOMY8501 เทา,,, 19.00 , 19.00 ,,ด้าม,ขุขันธ์การสุรา,9 June 2025
,6941025147179,Marker P01 AOMY8501 ขาว,,, 19.00 , 19.00 ,,ด้าม,ขุขันธ์การสุรา,9 June 2025
,6941025147186,Marker P01 AOMY8501 ทอง,,, 19.00 , 19.00 ,,ด้าม,ขุขันธ์การสุรา,9 June 2025
,6941025147131,Marker P01 AOMY8501 แดง,,, 19.00 , 19.00 ,,ด้าม,ขุขันธ์การสุรา,9 June 2025
,6941025146158,Marker P01 AOMY8501 น้ำเงิน,,, 19.00 , 19.00 ,,ด้าม,ขุขันธ์การสุรา,9 June 2025
,6941025147162,Marker P01 AOMY8501 ดำ,,, 19.00 , 19.00 ,,ด้าม,ขุขันธ์การสุรา,9 June 2025
,6941600133474,Fluorescent MG AHM28401 เหลือง,,, 12.00 , 12.00 ,,ด้าม,ขุขันธ์การสุรา,9 June 2025
,6941255192499,Fluorescent MG AHM28401 เขียว,,, 12.00 , 12.00 ,,ด้าม,ขุขันธ์การสุรา,9 June 2025
,6941600133467,Fluorescent MG AHM28401 แดง,,, 12.00 , 12.00 ,,ด้าม,ขุขันธ์การสุรา,9 June 2025
,6941600133481,Fluorescent MG AHM28401 ส้ม,,, 12.00 , 12.00 ,,ด้าม,ขุขันธ์การสุรา,9 June 2025
,6941600133450,Fluorescent MG AHM28401 ฟ้า,,, 12.00 , 12.00 ,,ด้าม,ขุขันธ์การสุรา,9 June 2025
,6941255192505,Fluorescent MG AHM28401 ม่วง,,, 12.00 , 12.00 ,,ด้าม,ขุขันธ์การสุรา,9 June 2025
,6925282281791,Piont liner AHM26001 ม่วง,,, 11.00 , 11.00 ,,ด้าม,ขุขันธ์การสุรา,9 June 2025
,6925282281760,Piont liner AHM26001 ส้ม,,, 11.00 , 11.00 ,,ด้าม,ขุขันธ์การสุรา,9 June 2025
,6925282281777,Piont liner AHM26001 เขียว,,, 11.00 , 11.00 ,,ด้าม,ขุขันธ์การสุรา,9 June 2025
,6925282281784,Piont liner AHM26001 น้ำเงิน,,, 11.00 , 11.00 ,,ด้าม,ขุขันธ์การสุรา,9 June 2025
,6941255125251,Hilighter MG AHMV7603 ฟ้า,,, 9.00 , 9.00 ,,ด้าม,ขุขันธ์การสุรา,9 June 2025
,6941255125121,Hilighter MG AHMV7603 เขียว,,, 9.00 , 9.00 ,,ด้าม,ขุขันธ์การสุรา,9 June 2025
,6941458365232,Highlighter AHM29203 เหลือง,,, 20.00 , 20.00 ,,ด้าม,ขุขันธ์การสุรา,9 June 2025
,6941458367373,Highlighter AHM29203 เขียว,,, 20.00 , 20.00 ,,ด้าม,ขุขันธ์การสุรา,9 June 2025
,6941255124780,Highlighter AHM29203 ชมพู,,, 20.00 , 20.00 ,,ด้าม,ขุขันธ์การสุรา,9 June 2025
,6941458383472,Highlighter AHM29203 ม่วง,,, 20.00 , 20.00 ,,ด้าม,ขุขันธ์การสุรา,9 June 2025
,6941255166315,Highlighter AHM29203 ส้ม,,, 20.00 , 20.00 ,,ด้าม,ขุขันธ์การสุรา,9 June 2025
,6941458383441,Highlighter AHM29203 ฟ้า,,, 20.00 , 20.00 ,,ด้าม,ขุขันธ์การสุรา,9 June 2025
,6632146018232,ปากกาไวท์บอร์ดแบบกด AWM29202 น้ำเงิน,,,#DIV/0!, 25.00 ,,ด้าม,ขุขันธ์การสุรา,9 June 2025
,6941255122755,ปากกาไวท์บอร์ดแบบกด AWM29202 แดง,,,#DIV/0!, 25.00 ,,ด้าม,ขุขันธ์การสุรา,9 June 2025
,6931747141180,Double Permanent marker APYM1871 ดำ,,, 10.00 , 10.00 ,,ด้าม,ขุขันธ์การสุรา,9 June 2025
,6931747142750,ไวท์บอร์ด S16 AWMTT8702 ดำ,,, 18.00 , 18.00 ,,ด้าม,ขุขันธ์การสุรา,9 June 2025
,6933631547061,ไวท์บอร์ด S01 AWMY2201 ดำ,,, 7.00 , 7.00 ,,ด้าม,ขุขันธ์การสุรา,9 June 2025
,6933631547047,ไวท์บอร์ด S01 AWMY2201 แดง,,, 7.00 , 7.00 ,,ด้าม,ขุขันธ์การสุรา,9 June 2025
,6933631547740,ไวท์บอร์ด D10 AWMY2202 ดำ,,, 7.00 , 7.00 ,,ด้าม,ขุขันธ์การสุรา,9 June 2025
,6941600153632,ไวท์บอร์ด 2 หัว S15 น้ำเงิน AWMT5101,,, 12.00 , 12.00 ,,ด้าม,ขุขันธ์การสุรา,9 June 2025
,6937168818847,ไวท์บอร์ด 501 AWMY2271 ดำ,,, 7.00 , 7.00 ,,ด้าม,ขุขันธ์การสุรา,9 June 2025
,6933631547054,ไวท์บอร์ด S01 AWMY2201 น้ำเงิน,,, 7.00 , 7.00 ,,ด้าม,ขุขันธ์การสุรา,9 June 2025
,6933631547757,ไวท์บอร์ด D10 AWMY2202 น้ำเงิน,,, 7.00 , 7.00 ,,ด้าม,ขุขันธ์การสุรา,9 June 2025
,6933631547764,ไวท์บอร์ด D10 AWMY2202 แดง,,, 7.00 , 7.00 ,,ด้าม,ขุขันธ์การสุรา,9 June 2025
,6937168818854,ไวท์บอร์ด 501 AWMY2271 น้ำเงิน,,, 7.00 , 7.00 ,,ด้าม,ขุขันธ์การสุรา,9 June 2025
,6941600153649,ไวท์บอร์ด 2 หัว S15 แดง AWMT5101,,, 12.00 , 12.00 ,,ด้าม,ขุขันธ์การสุรา,9 June 2025
,6931747142774,ไวท์บอร์ด S16 AWMTT8702 แดง,,, 18.00 , 18.00 ,,ด้าม,ขุขันธ์การสุรา,9 June 2025
,6931747142767,ไวท์บอร์ด S16 AWMTT8702 น้ำเงิน,,, 18.00 , 18.00 ,,ด้าม,ขุขันธ์การสุรา,9 June 2025
,6925282243935,ไวท์บอร์ด AWM26301 น้ำเงิน,,, 12.00 , 12.00 ,,ด้าม,ขุขันธ์การสุรา,9 June 2025
,6925282243928,ไวท์บอร์ด AWM26301 แดง,,, 12.00 , 12.00 ,,ด้าม,ขุขันธ์การสุรา,9 June 2025
,6931747141241,Double Permanent marker APYM1871 แดง,,, 10.00 , 10.00 ,,ด้าม,ขุขันธ์การสุรา,9 June 2025
,6941025100129,ไวท์บอร์ด S06 AWMY6302 น้ำเงิน,,, -   , 14.00 ,,ด้าม,ขุขันธ์การสุรา,9 June 2025
,6947503737252,ARP41801B ปากกาโรลเลอร์บอลดำ0.5mm,,,, 21.00 ,,ด้าม,ขุขันธ์การสุรา,9 June 2025
,6941600155131,M&G ปากกาเจลJ4213 #11,,, 20.00 , 20.00 ,,ด้าม,ขุขันธ์การสุรา,9 June 2025
,6941600155070,M&G ปากกาเจลJ4213 #4,,, 20.00 , 20.00 ,,ด้าม,ขุขันธ์การสุรา,9 June 2025
,6941600155193,M&G ปากกาเจลJ4213 #9,,, 20.00 , 20.00 ,,ด้าม,ขุขันธ์การสุรา,9 June 2025
,6941600155049,M&G ปากกาเจลJ4213 #5,,, 20.00 , 20.00 ,,ด้าม,ขุขันธ์การสุรา,9 June 2025
,6941458358173,KINO 0.5mm ฟ้า,,, 23.00 , 23.00 ,,ด้าม,ขุขันธ์การสุรา,9 June 2025
,6941458358203,KINO 0.5mm ชมพู,,, 23.00 , 23.00 ,,ด้าม,ขุขันธ์การสุรา,9 June 2025
,6941458358142,KINO 0.5mm เทา,,, 23.00 , 23.00 ,,ด้าม,ขุขันธ์การสุรา,9 June 2025
,6941458328763,KINO 0.5mm น้ำเงิน,,, 23.00 , 23.00 ,,ด้าม,ขุขันธ์การสุรา,9 June 2025
,6931418528794,KINO 0.5mm แดง,,, 23.00 , 23.00 ,,ด้าม,ขุขันธ์การสุรา,9 June 2025
,6941458328732,KINO 0.5mm ดำ,,, 23.00 , 23.00 ,,ด้าม,ขุขันธ์การสุรา,9 June 2025
,6941600155018,M&G ปากกาเจลJ4213 #3,,,#DIV/0!,,,ด้าม,ขุขันธ์การสุรา,9 June 2025
,6941458382376,M&G ปากกาเจลน้ำเงิน0.5,,, 18.00 , 20.00 ,,ด้าม,ขุขันธ์การสุรา,9 June 2025
,6947503700225,ปากกาหมึกเจลน้ำเงิน,,, 13.00 , 13.00 ,,ด้าม,ขุขันธ์การสุรา,9 June 2025
,6941458382406,M&G ปากกาเจลแดง0.5,,, 18.00 , 18.00 ,,ด้าม,ขุขันธ์การสุรา,9 June 2025
,6947503718619,M&G Xgood แดง,,, 13.00 , 13.00 ,,ด้าม,ขุขันธ์การสุรา,9 June 2025
,6947503700218,M&G Xgood ดำ,,, 13.00 , 13.00 ,,ด้าม,ขุขันธ์การสุรา,9 June 2025
,6947503700232,ปากกาเจล K-35,,, 13.00 , 13.00 ,,ด้าม,ขุขันธ์การสุรา,9 June 2025
,6941600158835,ARPM1706,,, 24.00 , 10.00 ,,ด้าม,ขุขันธ์การสุรา,9 June 2025
,6936965416201,M&G AGPH6110,,, 25.00 , 25.00 ,,ด้าม,ขุขันธ์การสุรา,9 June 2025
,6937168833451,ปากกาลกลื่นแดง0.5,,, 18.00 , 13.00 ,,ด้าม,ขุขันธ์การสุรา,9 June 2025
,6937168833420,ปากกาลกลื่นน้ำเงิน0.5,,, 18.00 , 18.00 ,,ด้าม,ขุขันธ์การสุรา,9 June 2025
,6953787355464,ปากกา K-35,,, 13.00 , 13.00 ,,ด้าม,ขุขันธ์การสุรา,9 June 2025
,6953787330836,M&G ปากกาเจลดำ0.7,,, 13.00 , 13.00 ,,ด้าม,ขุขันธ์การสุรา,9 June 2025
,6953787330799,ปากกาK-35,,, 13.00 , 13.00 ,,ด้าม,ขุขันธ์การสุรา,9 June 2025
,6941025177084,M&G ปากกาเจลดำ0.5,,, 18.00 , 18.00 ,,ด้าม,ขุขันธ์การสุรา,9 June 2025
,6941025177145,AGPH8501C เจลกดสีแดง 0.5mm,,, 18.00 , 18.00 ,,ด้าม,ขุขันธ์การสุรา,9 June 2025
,6947503732714,เจลปลอกม่วง0.38,,, 9.00 , 9.00 ,,ด้าม,ขุขันธ์การสุรา,9 June 2025
,6947503732660,เจลปลอกเขียวอ่อน0.38มม.,,, 9.00 , 9.00 ,,ด้าม,ขุขันธ์การสุรา,9 June 2025
,6947503732677,เจลปลอกเขียว0.38มม.,,, 9.00 , 9.00 ,,ด้าม,ขุขันธ์การสุรา,9 June 2025
,6947503732622,เจลปลอกน้ำตาล0.38มม.,,, 9.00 , 9.00 ,,ด้าม,ขุขันธ์การสุรา,9 June 2025
,6947503732615,เจลปลอกดำ0.38มม.,,, 9.00 , 9.00 ,,ด้าม,ขุขันธ์การสุรา,9 June 2025
,6947503732707,เจลปลอกแดง0.38มม.,,, 9.00 , 9.00 ,,ด้าม,ขุขันธ์การสุรา,9 June 2025
,6947503732646,เจลปลอกน้ำเงิน0.38มม.,,, 9.00 , 9.00 ,,ด้าม,ขุขันธ์การสุรา,9 June 2025
,6941458314988,COCOON ดำ,,, 18.00 , 18.00 ,,ด้าม,ขุขันธ์การสุรา,9 June 2025
,6941458314957,COCOON น้ำเงิน,,, 18.00 , 18.00 ,,ด้าม,ขุขันธ์การสุรา,9 June 2025
,6941458314926,COCOON แดง,,, 18.00 , 18.00 ,,ด้าม,ขุขันธ์การสุรา,9 June 2025
,3931418580945,AGPH9104,,,#DIV/0!,,,ด้าม,ขุขันธ์การสุรา,9 June 2025
,6937168841524,เจลปลอกสีดำ0.5มม แห้งไว,,, 14.00 , 14.00 ,,ด้าม,ขุขันธ์การสุรา,9 June 2025
,6937168841593,เจลปลอกสีแดง0.5มม แห้งไว,,, 14.00 , 14.00 ,,ด้าม,ขุขันธ์การสุรา,9 June 2025
,6937168841562,เจลปลอกสีน้ำเงิน0.5มม แห้งไว,,, 14.00 , 14.00 ,,ด้าม,ขุขันธ์การสุรา,9 June 2025
,6947503702502,เจลปลอกแดง.5mm,,, 10.00 , 10.00 ,,ด้าม,ขุขันธ์การสุรา,9 June 2025
,6947503702526,เจลปลอกดำ0.5mm,,, 10.00 , 10.00 ,,ด้าม,ขุขันธ์การสุรา,9 June 2025
,6942543402519,เจลปลอกสีน้ำเงิน0.5mm,,, 11.00 , 10.00 ,,ด้าม,ขุขันธ์การสุรา,9 June 2025
,6947503703059,GP1280Cเจลปลอกสีแดง0.5mm,,, 6.00 , 6.00 ,,ด้าม,ขุขันธ์การสุรา,9 June 2025
,6947503703080,GP1280Bเจลปลอกสีดำ 0.5,,, 6.00 , 6.00 ,,ด้าม,ขุขันธ์การสุรา,9 June 2025
,6937168877066,AGPB6901A เจลปลอก สีน้ำเงิน 0.5mm,,, 7.00 , 7.00 ,,ด้าม,ขุขันธ์การสุรา,9 June 2025
,6931747120383,ARPM2302 PEACH,,, 15.00 , 15.00 ,,ด้าม,ขุขันธ์การสุรา,9 June 2025
,6931747174522,AGPK35X8,,, -   , 15.00 ,,ด้าม,ขุขันธ์การสุรา,9 June 2025
,6936965410056,AGPK35Y7,,, 15.00 , 15.00 ,,ด้าม,ขุขันธ์การสุรา,9 June 2025
,6941458389634,SIMPLE AGPJ3401 ดำ,,, 20.00 , 20.00 ,,ด้าม,ขุขันธ์การสุรา,9 June 2025
,6941458389702,SIMPLE AGPJ3401 แดง,,, 20.00 , 20.00 ,,ด้าม,ขุขันธ์การสุรา,9 June 2025
,6941600102180,AGPH9503 Watermelon,,, 13.00 , 13.00 ,,ด้าม,ขุขันธ์การสุรา,9 June 2025
,6941600102241,AGPH9503 White Litchi,,, 13.00 , 13.00 ,,ด้าม,ขุขันธ์การสุรา,9 June 2025
,6941600102128,AGPH9503 Yellow Papaya,,, 13.00 , 13.00 ,,ด้าม,ขุขันธ์การสุรา,9 June 2025
,6941600102067,AGPH9503 Blueberry,,, 13.00 , 13.00 ,,ด้าม,ขุขันธ์การสุรา,9 June 2025
,6941255190181,HIGH CAPACITY แดง,,, 15.00 , 15.00 ,,ด้าม,ขุขันธ์การสุรา,9 June 2025
,6941255190150,HIGH CAPACITY น้ำเงิน,,, 15.00 , 15.00 ,,ด้าม,ขุขันธ์การสุรา,9 June 2025
,6941255190129,HIGH CAPACITY ดำ,,, -   , 15.00 ,,ด้าม,ขุขันธ์การสุรา,9 June 2025
,6925282203717,EASYTONE ชมพู,,, 21.00 , 21.00 ,,ด้าม,ขุขันธ์การสุรา,9 June 2025
,6953787375509,ARP50102,,, 21.00 , 21.00 ,,ด้าม,ขุขันธ์การสุรา,9 June 2025
,6937168878223,ARP58101,,, 20.00 , 20.00 ,,ด้าม,ขุขันธ์การสุรา,9 June 2025
,6947503737245,ARP41801A ปากกาโรลเลอร์บอลน้ำเงิน0.5mm,,, 21.00 , 21.00 ,,ด้าม,ขุขันธ์การสุรา,9 June 2025
,6947503737238,ARP41801C ปากกาโรลเลอร์บอลแดง0.5mm,,, 21.00 , 21.00 ,,ด้าม,ขุขันธ์การสุรา,9 June 2025
,6937168898665,WaveGel Blue,,, 10.00 , 10.00 ,,ด้าม,ขุขันธ์การสุรา,9 June 2025
,6941600139889,AGPH3809,,, 18.00 , 18.00 ,,ด้าม,ขุขันธ์การสุรา,9 June 2025
,6941600161323,AGPC0303 Sweetberry,,, 22.00 ,,,ด้าม,ขุขันธ์การสุรา,9 June 2025
,6936965465476,FGPJ5411 Miffy,,, 21.00 , 21.00 ,,ด้าม,ขุขันธ์การสุรา,9 June 2025
,6931747172399,AGPB9710,,, 15.00 , 15.00 ,,ด้าม,ขุขันธ์การสุรา,9 June 2025
,6937168879657,ปากกาเจลปลอกดำ0.5มม,,, 12.00 , 14.00 ,,ด้าม,ขุขันธ์การสุรา,9 June 2025
,6937168879688,ปากกาเจลปลอกน้ำเงิน0.5มม.,,, 12.00 , 14.00 ,,ด้าม,ขุขันธ์การสุรา,9 June 2025
,6931747175383,AGPC4013,,, 15.00 , 15.00 ,,ด้าม,ขุขันธ์การสุรา,9 June 2025
,6925282203755,EASYTONE เขียว,,, -   , 21.00 ,,ด้าม,ขุขันธ์การสุรา,9 June 2025
,6925282203724,EASYTONE ม่วง,,,#DIV/0!,,,ด้าม,ขุขันธ์การสุรา,9 June 2025
,6931747120260,AGPC5804 Prach Ginger,,,#DIV/0!,,,ด้าม,ขุขันธ์การสุรา,9 June 2025
,6941458399046,ARPM2002 แดง,,, 10.00 , 14.00 ,,ด้าม,ขุขันธ์การสุรา,9 June 2025
,6941600104573,ARPM2002 ม่วง,,, 10.00 , 10.00 ,,ด้าม,ขุขันธ์การสุรา,9 June 2025
,6947503705879,POWER GEL ปากกาเจลแดง 0.7mm,,, 20.00 , 20.00 ,,ด้าม,ขุขันธ์การสุรา,9 June 2025
,6947503705893,POWER GEL ปากกาเจลดำ 0.7mm,,, 20.00 , 20.00 ,,ด้าม,ขุขันธ์การสุรา,9 June 2025
,6947503709662,K-39 ปากกาเจลแดง 0.7mm,,, 9.00 , 9.00 ,,ด้าม,ขุขันธ์การสุรา,9 June 2025
,6947503718008,Q7C ปากกาหมึกเจลสีแดง,,, 20.00 , 20.00 ,,ด้าม,ขุขันธ์การสุรา,9 June 2025
,6947503718022,Q7B ปากกาหมึกเจลสีดำ,,, 20.00 , 20.00 ,,ด้าม,ขุขันธ์การสุรา,9 June 2025
,6947503704315,ปากกา AGP-63201,,, 9.00 , 9.00 ,,ด้าม,ขุขันธ์การสุรา,9 June 2025
,6947503709686,GEL-UP ปากกาหมึกเจลสีดำ,,, 9.00 , 9.00 ,,ด้าม,ขุขันธ์การสุรา,9 June 2025
,6937168808664,ARP50804C U โรลเลอร์บอลสีแดง0.5mm,,, 21.00 , 21.00 ,,ด้าม,ขุขันธ์การสุรา,9 June 2025
,6941600167042,ปากกาโรลเลอร์บอลน้ำเงิน0.7มม.,,, 21.00 , 21.00 ,,ด้าม,ขุขันธ์การสุรา,9 June 2025
,6937168879718,AGPB7101 เจลปลอกสีแดง0.5มม,,, 12.00 , 14.00 ,,ด้าม,ขุขันธ์การสุรา,9 June 2025
,6941458342691,MG-666 แดง,,, 12.00 , 12.00 ,,ด้าม,ขุขันธ์การสุรา,9 June 2025
,6947503712907,M&G ปากกาลกลื่นน้ำเงิน0.5,,, 8.00 , 8.00 ,,ด้าม,ขุขันธ์การสุรา,9 June 2025
,6941600154981,M&G ปากกาเจลJ4213 #2,,, 20.00 , 20.00 ,,ด้าม,ขุขันธ์การสุรา,9 June 2025
,6947503726638,BP-8109 BLUE,,, 8.00 , 8.00 ,,ด้าม,ขุขันธ์การสุรา,9 June 2025
,6947503726621,BP-8109 RED,,, 8.00 , 8.00 ,,ด้าม,ขุขันธ์การสุรา,9 June 2025
,6947503710477,ปากกาเจล BP-8106 BLACK,,, 8.00 , 8.00 ,,ด้าม,ขุขันธ์การสุรา,9 June 2025
,6947503710460,ปากกาเจล BP-8106 BLUE,,, 8.00 , 8.00 ,,ด้าม,ขุขันธ์การสุรา,9 June 2025
,,CO-OPEN ABP64107 0.7mm RED,,, 16.00 , 7.00 ,,ด้าม,ขุขันธ์การสุรา,9 June 2025
,,CO-OPEN ABP64107 0.7mm BLUE,,, 16.00 , 7.00 ,,ด้าม,ขุขันธ์การสุรา,9 June 2025
,,CO-OPEN ABP64107 0.7mm BLACK,,, 16.00 , 7.00 ,,ด้าม,ขุขันธ์การสุรา,9 June 2025
,,M&G BP834 0.5,,,#DIV/0!,,,ด้าม,ขุขันธ์การสุรา,9 June 2025
,6941025158236,SEMI-GEL BALL ABPX5471 0.5mm,,, 5.00 , 5.00 ,,ด้าม,ขุขันธ์การสุรา,9 June 2025
,6941025118070,ปากกาซุปเปอร์ออยบอลA9แดง0.7มม.,,, 7.00 , 7.00 ,,ด้าม,ขุขันธ์การสุรา,9 June 2025
,6941025118056,ปากกาซุปเปอร์ออยบอลA9น้ำเงิน0.7มม.,,, 7.00 , 7.00 ,,ด้าม,ขุขันธ์การสุรา,9 June 2025
,6941458303821,TR1 SEMI-GEL RED,,, 1.00 ,,,ด้าม,ขุขันธ์การสุรา,9 June 2025
,6941458303784,TR1 SEMI-GEL BLUE,,, 7.00 , 7.00 ,,ด้าม,ขุขันธ์การสุรา,9 June 2025
,6941458303753,TR1 SEMI-GEL BLACK,,, 7.00 , 7.00 ,,ด้าม,ขุขันธ์การสุรา,9 June 2025
,6947503709082,ปากกา BP-8100 BLACK,,, 8.00 , 8.00 ,,ด้าม,ขุขันธ์การสุรา,9 June 2025
,6947503755331,ปากกาลกลื่นด้ามเหล็ก01771,,, 22.00 , 22.00 ,,ด้าม,ขุขันธ์การสุรา,9 June 2025
,6947503709105,ปากกา BP-8100 BLUE,,, 8.00 , 8.00 ,,ด้าม,ขุขันธ์การสุรา,9 June 2025
,6941458357435,A3 SUPER OILBALL ABPW30R3,,, 7.00 , 7.00 ,,ด้าม,ขุขันธ์การสุรา,9 June 2025
,6941458361203,A3 SUPER OILBALL ABPW30R4,,, 10.00 , 7.00 ,,ด้าม,ขุขันธ์การสุรา,9 June 2025
,8859683100949,ปากกาลูกลื่นน้ำเงิน0.7มม.,,, 7.00 , 7.00 ,,ด้าม,ขุขันธ์การสุรา,9 June 2025
,8859683101809,ปากกาลกลื่นน้ำเงิน0.7mm,,, 7.00 , 7.00 ,,ด้าม,ขุขันธ์การสุรา,9 June 2025
,8859683102059,0.7MMBLUE,,, 7.00 , 7.00 ,,ด้าม,ขุขันธ์การสุรา,9 June 2025
,6933631504385,ปากกา 3030,,, 7.00 , 7.00 ,,ด้าม,ขุขันธ์การสุรา,9 June 2025
,6941458357107,GELPEN 0.6mm purple,,, 12.00 , 12.00 ,,ด้าม,ขุขันธ์การสุรา,9 June 2025
,6941458357077,GELPEN 0.6mm yellow,,, 12.00 , 12.00 ,,ด้าม,ขุขันธ์การสุรา,9 June 2025
,6941458310980,GELPEN 0.6mm pink,,, 12.00 , 12.00 ,,ด้าม,ขุขันธ์การสุรา,9 June 2025
,6941458357138,GELPEN 0.6mm green,,, 12.00 , 12.00 ,,ด้าม,ขุขันธ์การสุรา,9 June 2025
,6941458356551,GELPEN 0.6mm blue,,, 13.00 , 13.00 ,,ด้าม,ขุขันธ์การสุรา,9 June 2025
,6941458310959,GELPEN 0.6mm orange,,, 12.00 , 12.00 ,,ด้าม,ขุขันธ์การสุรา,9 June 2025
,6941458307713,GELPEN 0.6mm tangerine,,,#DIV/0!,,,ด้าม,ขุขันธ์การสุรา,9 June 2025
,6941458303982,GELPEN 0.6mm coral,,, 13.00 , 13.00 ,,ด้าม,ขุขันธ์การสุรา,9 June 2025
,6941600155285,M&G ปากกาเจลJ4213 #6,,, 20.00 , 20.00 ,,ด้าม,ขุขันธ์การสุรา,9 June 2025
,6941600155254,M&G ปากกาเจลJ4213 #7,,, 20.00 , 20.00 ,,ด้าม,ขุขันธ์การสุรา,9 June 2025
,6941600155223,M&G ปากกาเจลJ4213 #8,,, 20.00 , 20.00 ,,ด้าม,ขุขันธ์การสุรา,9 June 2025
,6941600155162,M&G ปากกาเจลJ4213 #10,,, 20.00 , 20.00 ,,ด้าม,ขุขันธ์การสุรา,9 June 2025
,6941458307317,M&G ปากกาเจลแดง0.38,,, 13.00 , 13.00 ,,ด้าม,ขุขันธ์การสุรา,9 June 2025
,6941458307256,AGP02310B เจลสีดำ 0.38mm,,, 13.00 , 13.00 ,,ด้าม,ขุขันธ์การสุรา,9 June 2025
,6941458361227,AGPH6602 ปากกาเจลดำ 0.5mm,,, 13.00 , 16.00 ,,ด้าม,ขุขันธ์การสุรา,9 June 2025
,6941458361258,AGPH6602 ปากกาเจลน้ำเงิน 0.5mm,,, 13.00 , 18.00 ,,ด้าม,ขุขันธ์การสุรา,9 June 2025
,6941458329487,M&G ปากกาเจลน้ำเงิน0.38,,, 18.00 , 18.00 ,,ด้าม,ขุขันธ์การสุรา,9 June 2025
,6941458329456,M&G ปากกาเจลดำ0.38,,, 18.00 , 18.00 ,,ด้าม,ขุขันธ์การสุรา,9 June 2025
,6936965426385,QGPH7608,,, 16.00 , 19.00 ,,ด้าม,ขุขันธ์การสุรา,9 June 2025
,6947503732622,เจลปลอกน้ำตาล 0.38มม.,,,#DIV/0!,,,ด้าม,ขุขันธ์การสุรา,9 June 2025
,6947503732653,เจลปลอกฟ้า 0.38มม.,,, 9.00 , 9.00 ,,ด้าม,ขุขันธ์การสุรา,9 June 2025
,6947503732684,เจลปลอกส้ม 0.38มม.,,, 9.00 , 9.00 ,,ด้าม,ขุขันธ์การสุรา,9 June 2025
,6947503732639,เจลอปลอกกรม 0.38มม.,,, 9.00 , 9.00 ,,ด้าม,ขุขันธ์การสุรา,9 June 2025
,6947503732721,เจลปลอกชมพู 0.38มม.,,, 9.00 , 9.00 ,,ด้าม,ขุขันธ์การสุรา,9 June 2025
,6947503745189,เจลปลอกน้ำเงิน 0.38มม.,,, 9.00 , 9.00 ,,ด้าม,ขุขันธ์การสุรา,9 June 2025
,6947503702786,GP1163Bเจลกดสีดำ0.5mm,,, 14.00 , 14.00 ,,ด้าม,ขุขันธ์การสุรา,9 June 2025
,6947503730215,ปากกาเจลกด 0.7 GP1008 red,,, 14.00 , 14.00 ,,ด้าม,ขุขันธ์การสุรา,9 June 2025
,6947503730239,ปากกาเจลกด 0.7 GP1008 black,,, 14.00 , 14.00 ,,ด้าม,ขุขันธ์การสุรา,9 June 2025
,6941600179199,ARPM2301Aปากกาโรลเลอร์บอลสีน้ำเงิน Mini 0.5mm,,, 10.00 , 10.00 ,,ด้าม,ขุขันธ์การสุรา,9 June 2025
,6941600164690,ARPM2301Aปากกาโรลเลอร์บอลสีกรม Mini 0.5mm,,, 10.00 , 10.00 ,,ด้าม,ขุขันธ์การสุรา,9 June 2025
,6941600179472,ARPM2301Aปากกาโรลเลอร์บอลสีแดง Mini 0.5mm,,, 10.00 , 10.00 ,,ด้าม,ขุขันธ์การสุรา,9 June 2025
,6941600179250,ARPM2301Aปากกาโรลเลอร์บอลสีฟ้า Mini 0.5mm,,, 10.00 , 10.00 ,,ด้าม,ขุขันธ์การสุรา,9 June 2025
,6941600179229,ARPM2301Aปากกาโรลเลอร์บอลสีม่วง Mini 0.5mm,,, 10.00 , 10.00 ,,ด้าม,ขุขันธ์การสุรา,9 June 2025
,6941600179410,ARPM2301Aปากกาโรลเลอร์บอลสีชมพู Mini 0.5mm,,, 10.00 , 10.00 ,,ด้าม,ขุขันธ์การสุรา,9 June 2025
,6941600179373,ARPM2301Aปากกาโรลเลอร์บอลสีส้ม Mini 0.5mm,,, 10.00 , 10.00 ,,ด้าม,ขุขันธ์การสุรา,9 June 2025
,6941600179342,ARPM2301Aปากกาโรลเลอร์บอลสีเหลือง Mini 0.5mm,,, 10.00 , 10.00 ,,ด้าม,ขุขันธ์การสุรา,9 June 2025
,6941600179311,ARPM2301Aปากกาโรลเลอร์บอลสีเขียวอ่อน Mini 0.5mm,,, 10.00 , 10.00 ,,ด้าม,ขุขันธ์การสุรา,9 June 2025
,6941600179281,ARPM2301Aปากกาโรลเลอร์บอลสีขียว Mini 0.5mm,,, 10.00 , 10.00 ,,ด้าม,ขุขันธ์การสุรา,9 June 2025
,6931747134571,AGPJ3101 0.5mm,,, 6.00 , 13.00 ,,ด้าม,ขุขันธ์การสุรา,9 June 2025
,6941600159146,AGPJ5602 0.5mm,,, 6.00 , 19.00 ,,ด้าม,ขุขันธ์การสุรา,9 June 2025
,6941458316715,K1 AGPK0101 0.5mm,,, 6.00 , 22.00 ,,ด้าม,ขุขันธ์การสุรา,9 June 2025
,6941025174854,AGPH7401,,, 14.00 , 14.00 ,,ด้าม,ขุขันธ์การสุรา,9 June 2025
,6937168833390,AGPH5701,,,#DIV/0!, 18.00 ,,ด้าม,ขุขันธ์การสุรา,9 June 2025
,6947503782276,AGP85873 Safety clip 0.7,,, 14.00 , 14.00 ,,ด้าม,ขุขันธ์การสุรา,9 June 2025
,6941600152956,ปากกาโรลเลอร์บอลสีดำ0.5mm,,, 24.00 , 25.00 ,,ด้าม,ขุขันธ์การสุรา,9 June 2025
,6941458381003,AGPH9104 RED 0.5mm,,, 18.00 , 18.00 ,,ด้าม,ขุขันธ์การสุรา,9 June 2025
,6937168831907,AGPH5601 RED 0.5mm,,, 16.00 , 16.00 ,,ด้าม,ขุขันธ์การสุรา,9 June 2025
,6947503702762,GP-1163 0.5mm RED,,, 14.00 , 14.00 ,,ด้าม,ขุขันธ์การสุรา,9 June 2025
,6941255163284,ARPM1608 0.5mm,,, 24.00 , 24.00 ,,ด้าม,ขุขันธ์การสุรา,9 June 2025
,6937168842903,ARPB1804 0.38mm,,, 20.00 , 20.00 ,,ด้าม,ขุขันธ์การสุรา,9 June 2025
,6937168842460,AGPB4801 0.3mm,,, 9.00 , 9.00 ,,ด้าม,ขุขันธ์การสุรา,9 June 2025
,6941025175004,SBP40934 ลูกลื่นกดสีน้ำเงิน 0.5mm,,, 14.00 , 14.00 ,,ด้าม,ขุขันธ์การสุรา,9 June 2025
,6941600102098,AGPH9503 Muskmelo,,, 13.00 , 13.00 ,,ด้าม,ขุขันธ์การสุรา,9 June 2025
,6941600102159,AGPH9503 Pink Peach,,, 13.00 , 13.00 ,,ด้าม,ขุขันธ์การสุรา,9 June 2025
,6941600102210,AGPH9503 Black brin,,, 13.00 , 13.00 ,,ด้าม,ขุขันธ์การสุรา,9 June 2025
,6925282282538,ปากา A2,,, 13.00 , 7.00 ,,ด้าม,ขุขันธ์การสุรา,9 June 2025
,6931747122196,AGPH2810 Peach 0.5mm,,, 14.00 , 14.00 ,,ด้าม,ขุขันธ์การสุรา,9 June 2025
,6937168877097,AGPB6901C เจลปลอก สีแดง 0.5mm,,, 7.00 , 7.00 ,,ด้าม,ขุขันธ์การสุรา,9 June 2025
,6937168877035,AGPB6901B เจลปลอก สีดำ 0.5mm,,, 7.00 , 7.00 ,,ด้าม,ขุขันธ์การสุรา,9 June 2025
,6937168840503,AGP17205B เจลปลอกสีดำ0.5mm,,, 8.00 , 10.00 ,,ด้าม,ขุขันธ์การสุรา,9 June 2025
,6937168829928,QGPH3802,,, 18.00 , 18.00 ,,ด้าม,ขุขันธ์การสุรา,9 June 2025
,6953787375493,ARP50102 RIDGELN,,, 21.00 , 21.00 ,,ด้าม,ขุขันธ์การสุรา,9 June 2025
,6933631502176,AKPH3301,,, 22.00 , 22.00 ,,ด้าม,ขุขันธ์การสุรา,9 June 2025
,6937168808695,ARP50804A U โรลเลอร์บอลสีน้ำเงิน0.5mm,,, 21.00 , 21.00 ,,ด้าม,ขุขันธ์การสุรา,9 June 2025
,6941600103668,APR50812,,, 21.00 , 21.00 ,,ด้าม,ขุขันธ์การสุรา,9 June 2025
,6941458310706,AGP18221 0.3mm RED,,, 8.00 , 8.00 ,,ด้าม,ขุขันธ์การสุรา,9 June 2025
,6941458310737,AGP18221 0.3mm BLUE,,, 8.00 , 8.00 ,,ด้าม,ขุขันธ์การสุรา,9 June 2025
,6931747141418,APR50606,,, 25.00 , 25.00 ,,ด้าม,ขุขันธ์การสุรา,9 June 2025
,6947503716165,SUPER GEL GP-1212 BLUE,,, 9.00 , 9.00 ,,ด้าม,ขุขันธ์การสุรา,9 June 2025
,6947503716172,SUPER GEL GP-1212 BLACK,,, 9.00 , 9.00 ,,ด้าม,ขุขันธ์การสุรา,9 June 2025
,6947503716158,SUPER GEL GP-1212 RED,,, 9.00 , 9.00 ,,ด้าม,ขุขันธ์การสุรา,9 June 2025
,6941600151591,M&G ปากกาเจลเทา0.5,,, 8.00 , 8.00 ,,ด้าม,ขุขันธ์การสุรา,9 June 2025
,6925282203731,EASYTONE BLUE,,, 21.00 , 21.00 ,,ด้าม,ขุขันธ์การสุรา,9 June 2025
,6937168898696,WAVE GEL RED,,, 10.00 , 10.00 ,,ด้าม,ขุขันธ์การสุรา,9 June 2025
,6937168898634,WAVE GEL BLACK,,, 10.00 , 10.00 ,,ด้าม,ขุขันธ์การสุรา,9 June 2025
,6936965401672,ARPB1822 DURIAN,,, 22.00 , 22.00 ,,ด้าม,ขุขันธ์การสุรา,9 June 2025
,6933631516074,AKPH3271A เจลกดสีน้ำเงินลบได้ 0.7mm,,, 24.00 , 24.00 ,,ด้าม,ขุขันธ์การสุรา,9 June 2025
,6933631521740,ปากกาโรลเลอร์บอลแดง0.5มม.,,, 21.00 , 21.00 ,,ด้าม,ขุขันธ์การสุรา,9 June 2025
,6931747197736,ARPM1610,,, 23.00 , 23.00 ,,ด้าม,ขุขันธ์การสุรา,9 June 2025
,6941255152042,ARP41809 AVOCADO,,, 19.00 , 19.00 ,,ด้าม,ขุขันธ์การสุรา,9 June 2025
,6941600104344,ARPM2002Dปากกาโรลเลอร์บอลสีเขียว 0.5mm,,, 10.00 , 12.00 ,,ด้าม,ขุขันธ์การสุรา,9 June 2025
,6941600166335,A7 ปากกาโรลเลอร์บอลดำ0.7มม.,,, 21.00 , 21.00 ,,ด้าม,ขุขันธ์การสุรา,9 June 2025
,6941600104382,ARPM2002A1ปากกาโรลเลอร์บอลสีฟ้า 0.5mm,,, 10.00 , 10.00 ,,ด้าม,ขุขันธ์การสุรา,9 June 2025
,6947503759230,M&G ปากกาเจลน้ำเงิน0.7,,, 14.00 , 14.00 ,,ด้าม,ขุขันธ์การสุรา,9 June 2025
,6947503733667,ปากกาเจล GP-1112,,, 9.00 , 9.00 ,,ด้าม,ขุขันธ์การสุรา,9 June 2025
,6947503710934,GP1111C ปากกาหมึกเจลสีแดง,,, 9.00 , 9.00 ,,ด้าม,ขุขันธ์การสุรา,9 June 2025
,6947503710958,GP1111B ปากกาหมึกเจลสีดำ,,, 9.00 , 9.00 ,,ด้าม,ขุขันธ์การสุรา,9 June 2025
,6953787333653,UNIT ROLL 0.5mm,,, 21.00 , 21.00 ,,ด้าม,ขุขันธ์การสุรา,9 June 2025
,6947503787226,MG EXPERT GEL BROAD BLUE,,, 12.00 , 12.00 ,,ด้าม,ขุขันธ์การสุรา,9 June 2025
,6931747188291,HIGH-CAPACITY 05mm RED,,, 12.00 , 12.00 ,,ด้าม,ขุขันธ์การสุรา,9 June 2025
,6931747110926,HIGH-CAPACITY 05mm WHITE,,,#DIV/0!,,,ด้าม,ขุขันธ์การสุรา,9 June 2025
,6933631558319,ARP50803 SILKY SMOOTH,,, 21.00 , 21.00 ,,ด้าม,ขุขันธ์การสุรา,9 June 2025
,6941025156034,M&G ปากกาลกลื่นน้ำเงิน 0.5,,, 21.00 , 21.00 ,,ด้าม,ขุขันธ์การสุรา,9 June 2025
,6941255138879,AGPJ4601 แดง,,, 12.00 , 12.00 ,,ด้าม,ขุขันธ์การสุรา,9 June 2025
,6941255138848,AGPJ4601 ดำ,,, 12.00 , 12.00 ,,ด้าม,ขุขันธ์การสุรา,9 June 2025
,6941255138930,AGPJ4601 เหลือง,,, 12.00 , 12.00 ,,ด้าม,ขุขันธ์การสุรา,9 June 2025
,6941255139029,AGPJ4601 น้ำตาล,,, 12.00 , 12.00 ,,ด้าม,ขุขันธ์การสุรา,9 June 2025
,6941255138961,AGPJ4601 เขียว,,, 12.00 , 12.00 ,,ด้าม,ขุขันธ์การสุรา,9 June 2025
,6941025134230,AGPH8201,,, 15.00 , 15.00 ,,ด้าม,ขุขันธ์การสุรา,9 June 2025
,6941600154844,AGPH5904,,, 12.00 , 12.00 ,,ด้าม,ขุขันธ์การสุรา,9 June 2025
,6941600139841,AGPH5212 แพนกวิน,,, 20.00 , 20.00 ,,ด้าม,ขุขันธ์การสุรา,9 June 2025
,6941600139889,AGPH3809 แพนกวิน,,, 9.00 , 9.00 ,,ด้าม,ขุขันธ์การสุรา,9 June 2025
,6936965462253,AGPJ9707 0.5mm DARK GRAY,,, 18.00 , 18.00 ,,ด้าม,ขุขันธ์การสุรา,9 June 2025
,6936965462376,AGPJ9707 0.5mm RED BLACK,,, 18.00 , 18.00 ,,ด้าม,ขุขันธ์การสุรา,9 June 2025
,6936965462345,AGPJ9707 0.5mm CAMEL YELLOW,,, 18.00 , 12.00 ,,ด้าม,ขุขันธ์การสุรา,9 June 2025
,6936965462284,AGPJ9707 0.5mm BLUE GRAY,,, 18.00 , 18.00 ,,ด้าม,ขุขันธ์การสุรา,9 June 2025
,6936965462314,AGPJ9707 0.5mm BROWN GRAY,,, 18.00 , 18.00 ,,ด้าม,ขุขันธ์การสุรา,9 June 2025
,6936965462406,AGPJ9707 0.5mm GREEN BLACK,,, 18.00 , 18.00 ,,ด้าม,ขุขันธ์การสุรา,9 June 2025
,6941458352546,เจลปลอกลบได้น้ำเงินสด 0.5ม,,, 15.00 , 15.00 ,,ด้าม,ขุขันธ์การสุรา,9 June 2025
,6933631574463,AKPS0110 0.5mm,,, 14.00 , 14.00 ,,ด้าม,ขุขันธ์การสุรา,9 June 2025
,6931747126712,AGPJ4218 0.5mm,,, 24.00 , 15.00 ,,ด้าม,ขุขันธ์การสุรา,9 June 2025
,6936965421892,AGPH2812 0.5mm,,, 13.00 , 14.00 ,,ด้าม,ขุขันธ์การสุรา,9 June 2025
,6941025140965,AGPH6502 0.5mm,,,#DIV/0!, 11.00 ,,ด้าม,ขุขันธ์การสุรา,9 June 2025
,6941600175368,AGPJ5407 0.5mm,,, 20.00 , 20.00 ,,ด้าม,ขุขันธ์การสุรา,9 June 2025
,6931747122592,AGPJ5503 0.5mm,,, 18.00 , 15.00 ,,ด้าม,ขุขันธ์การสุรา,9 June 2025
,6941600113513,AGPH8403 0.5mm,,, 16.00 , 16.00 ,,ด้าม,ขุขันธ์การสุรา,9 June 2025
,6931747172887,AGPJ71X4 0.5mm,,, 15.00 , 15.00 ,,ด้าม,ขุขันธ์การสุรา,9 June 2025
,6936965415051,AGPJ6505 0.5mm,,, 18.00 , 18.00 ,,ด้าม,ขุขันธ์การสุรา,9 June 2025
,6906968415129,AGPJ9705 0.5mm,,, 18.00 , 18.00 ,,ด้าม,ขุขันธ์การสุรา,9 June 2025
,6931747197347,AGPH8203 0.5mm,,, 18.00 , 18.00 ,,ด้าม,ขุขันธ์การสุรา,9 June 2025
,6931747118267,ABPT9801 ปากกาสองหัว 0.7mm,,, 12.00 , 12.00 ,,ด้าม,ขุขันธ์การสุรา,9 June 2025
,8941458315701,AGBP2006 0.5 mm ดำ,,, 16.00 , 16.00 ,,ด้าม,ขุขันธ์การสุรา,9 June 2025
,6941458315640,AGBP2006 0.5 mm แดง,,, 16.00 , 16.00 ,,ด้าม,ขุขันธ์การสุรา,9 June 2025
,6941458315671,AGBP2006 0.5 mm ม่วง,,, 16.00 , 16.00 ,,ด้าม,ขุขันธ์การสุรา,9 June 2025
,6931747115495,Paris QGPJ2307 0.5 mm,,, 19.00 , 19.00 ,,ด้าม,ขุขันธ์การสุรา,9 June 2025
,1759013300094,กระดาษบวกเลขปอนด์ 2-1/4นิ้ว (1x10) ,,, 100.00 , 130.00 , 100.00 ,ห่อ,ไพศาลวิทยา,16 July 2568
,8850774150072,กระดาษความร้อน 80*80 มม. 1x3 ม้วน,,, 60.00 , 80.00 , 180.00 ,แพ็ค,ไพศาลวิทยา,16 July 2568
,8851773043129,กระดาษ FAX เดลต้า 80x80x1ซม. ,,, 180.00 , 180.00 , 180.00 ,แพ็ค,ไพศาลวิทยา,16 July 2568
,1901270000013,ป้ายตีราคา SAMARK (ขอบแดง),,, 15.00 , 20.00 , 15.00 ,ม้วน,ไพศาลวิทยา,16 July 2568
,1901270000044,ป้ายตีราคา PB2-230 ขาวล้วน,,, 22.00 , 30.00 , 22.00 ,ม้วน,ไพศาลวิทยา,16 July 2568
,8850774150065,กระดาษความร้อน 57*38 มม 1x5 ม้วน,,, 14.00 , 25.00 , 70.00 ,แพ็ค,ไพศาลวิทยา,16 July 2568
,8851773032703,กระดาษ FAX เดลต้า 57x50x1ซม. ,,, 95.00 , 95.00 , 95.00 ,แพ็ค,ไพศาลวิทยา,16 July 2568
,8851773041316,กระดาษ FAX เดลต้า 57x38x1ซม. ,,, 50.00 , 50.00 , 50.00 ,แพ็ค,ไพศาลวิทยา,16 July 2568
,,แผ่นรองเมาส์ 80x40 cm,,, 71.00 , 129.00 , 150.00 ,แผ่น,shopee,16 July 2568
,8851907264901,คลิปดำ 40mm ตราช้าง 1x12 (E109),,, 3.33 , 5.00 , 5.00 ,อัน,สมศรี,16 July 2568
,8851907264918,คลิปดำตราช้าง no.e108,,, 4.17 , 6.00 , 6.00 ,อัน,สมศรี,16 July 2568
,8850039711895,ทิชชูกล่องคลีเน็กซ์,,, 30.00 , 45.00 , 45.00 ,กล่อง,สมศรี,16 July 2568
,8887549622762,ถ่าน Panasonic 2A Gold (แพค 4),,, 15.83 , 45.00 , 45.00 ,ก้อน,สมศรี,16 July 2568
,2000130,กระดาษชาร์ท ขาวเทา 270G,,, 7.08 , 15.00 , 15.00 ,แผ่น,สมศรี,16 July 2568
,88851932392266,ชันไลต์เลมอน 750 มล.,,, 61.67 , 80.00 , 105.00 ,ถุง,สมศรี,16 July 2568
,8850175046134,น้ำยาล้างห้องน้ำ เป็ดม่วง 900มล.,,, 38.33 , 50.00 , 60.00 ,ขวด,สมศรี,16 July 2568
,8850175069072,ไบกอน สเปรย์กำจัดแมลง เขียว 250 ml,,, 56.67 , 69.00 , 72.00 ,ขวด,สมศรี,16 July 2568
,2369,เสียมกลางด้ามเหล็ก,,, 95.00 , 180.00 , 180.00 ,อัน,สมศรี,16 July 2568
,8850175069232,ไบกอน สเปรย์กำจัดแมลง ยูคาลิปตัส 250 ml,,, 56.67 , 69.00 , 72.00 ,กระป๋อง,สมศรี,16 July 2568
,8850456101200,กระดาษชำระม้วนใหญ่เฟสต้า 2 ชั้น,,, 155.00 , 70.00 , 85.00 ,อัน,แมคโคร,16 July 2568
,8850046060351,เช็ดหน้าเชลล็อกซ์ฟลาว 135ผx6ก,,, 26.88 , 45.00 , 50.00 ,กล่อง,แมคโคร,16 July 2568
,8850002029675,โปร สวีท ฟลอรัล ชมพู 2700 g,,, 99.00 , 139.00 , 159.00 ,ถุง,แมคโคร,16 July 2568
,8850175069232,ไบกอน สเปรย์กำจัดแมลง ยูคาลิปตัส 250 ml,,, 49.67 , 69.00 , 75.00 ,กระป๋อง,แมคโคร,16 July 2568
,8850175069676,ไบกอน สเปรย์กำจัดแมลง เขียว 250 ml (5+1),,, 49.67 , 69.00 , 75.00 ,กระป๋อง,แมคโคร,16 July 2568
,8850086169908,โอวัลติน ช็อคโกแลต 3 อิน 1 30 g x 33 ซอง,,, 219.00 , 269.00 , 298.00 ,ห่อ,แมคโคร,16 July 2568
,8850127059090,เนสกาแฟ Blend&Brew ริชอโรมา 17ก x40,,, 165.00 , 215.00 , 225.00 ,ห่อ,แมคโคร,16 July 2568
,,ถุงแยกขยะติดเชื้อ (แดง) 18x20 0.08 1Kg,,, 63.00 , 72.00 , 80.00 ,ห่อ,Inter Phamacy,16 July 2568
,6973079823693,เครื่องวัดอุณหภูมิ R1D1 Sinocare IFRD Digital,,, 480.00 , 650.00 , 690.00 ,เครื่อง,Inter Phamacy,16 July 2568
,8854278016537,กระดาษการ์ดสี เหลือง 120 แกรม 180 แผ่น,,, 112.00 , 125.00 , 125.00 ,ห่อ,ไทยรุ่ง,16 July 2568
,8854278016537,กระดาษการ์ดสี เขียว 120 แกรม 180 แผ่น,,, 112.00 , 125.00 , 125.00 ,รีม,ไทยรุ่ง,16 July 2568
,,แปรงทาสี 3 นิ้ว,,, 25.00 , 30.00 , 30.00 ,ด้าม,ไทยรุ่ง,16 July 2568
,,แปรงทาสี 5 นิ้ว,,, 29.00 , 35.00 , 35.00 ,ด้าม,ไทยรุ่ง,16 July 2568
,200602421089,ถังบีบน้ำไม้ถูพื้น BMU 02 BE 27x44x46 20L,,," 1,280.00 "," 1,380.00 "," 1,780.00 ",อัน,ไทวัสดุ,16 July 2568
,200603292237,กรรไกรตัดกิ่ง 8 นิ้ว P024112,,, 93.00 , 130.00 , 250.00 ,อัน,ไทวัสดุ,16 July 2568
,2000603292251,กรรไกรตัดกิ่งปากตรง 8 นิ้ว P452121,,, 93.00 , 130.00 , 250.00 ,อัน,ไทวัสดุ,16 July 2568
,8853038015544,รางปลั๊กไฟ 5 ช่อง 1 สวิตซ์ M3 ,,, 228.00 , 259.00 , 359.00 ,อัน,ไทวัสดุ,16 July 2568
,2000603267044,ไฟฉายแบบชาร์จได้ LED KN-L8130LA ขาว-เทา,,, 98.00 , 140.00 , 175.00 ,กระบอก,ไทวัสดุ,16 July 2568
,8855421075050,สีน้ำภายนอกกึ่งเงา BEN-Tone 5GL SG-300,,," 1,880.00 ", 140.00 ," 1,990.00 ",ถัง,ไทวัสดุ,16 July 2568
,8850106009290,แลคเกอร์ด้าน TOA 1/4GL #T5500 ใส,,, 218.00 , 265.00 , 275.00 ,ถัง,ไทวัสดุ,16 July 2568
,8855365152213,สีน้ำมันอะคริลิคเคลือบใสเงา GOLD PIANT #AL33 1/4GL,,, 263.00 , 400.00 , 415.00 ,ถัง,ไทวัสดุ,16 July 2568
,D0578224,Webcam MWB-11,,, 550.00 , 650.00 , 890.00 ,ตัว,คิงคอม,17 July 2568
,,คราดมือเสือ พลาสติก,,, 120.00 , 130.00 , 170.00 ,อัน,ส.เจริญการค้า,17 July 2568
,,ที่ตักขยะ พลาสติก/โลหะ,,, 25.00 , 35.00 , 50.00 ,อัน,ส.เจริญการค้า,17 July 2568
,,มีดพร้า,,, 250.00 , 289.00 , 350.00 ,ด้าม,ส.เจริญการค้า,17 July 2568
,,จอบ ด้ามเหล็ก ใหญ่,,, 180.00 , 200.00 , 250.00 ,ด้าม,ส.เจริญการค้า,17 July 2568
,,จอบ ด้ามเหล็ก เล็ก,,, 230.00 , 250.00 , 300.00 ,ด้าม,ส.เจริญการค้า,17 July 2568
,,แจกันดอกไม้ประดิษฐ์ - S,,, 300.00 , 400.00 , 450.00 ,อัน,ต๋อยดอกไม้,23 June 2568
,,แจกันดอกไม้ประดิษฐ์ - M,,, 350.00 , 450.00 , 550.00 ,อัน,ต๋อยดอกไม้,23 June 2568
,,แจกันดอกไม้ประดิษฐ์ - L,,, 400.00 , 550.00 , 600.00 ,อัน,ต๋อยดอกไม้,23 June 2568
,8855928059126,เครื่องเจียร MAKITA M011-M9513B 4 นิ้ว 850 วัตต์สวิตซ์ท้าย เขียว-ดํา,,," 1,340.00 "," 1,500.00 "," 3,290.00 ",เครื่อง,ไทวัสดุ,18 July 2568
,8995026900224,ลูกลื่นเจล ควิก g'Soft 0.5 น้ำเงิน,,, 3.25 , 8.00 , 8.00 ,ด้าม,ซากุระ,21 July 2568
,8995026900262,ลูกลื่นเจล ควิก g'Soft 0.5 แดง,,, 3.25 , 8.00 , 8.00 ,ด้าม,ซากุระ,21 July 2568
,8995026900026,ลูกลื่นเจล gSoft Flick 0.5 น้ำเงิน,,, 3.60 , 10.00 , 8.00 ,ด้าม,ซากุระ,21 July 2568
,8995026900064,ลูกลื่นเจล gSoft Flick 0.5 แดง,,, 3.60 , 10.00 , 8.00 ,ด้าม,ซากุระ,21 July 2568
,8995026900101,ปากกาเจล โบลต์ไลน์เนอร์ R g'Soft 0.7 ดำ,,, 17.00 , 25.00 , 25.00 ,ด้าม,ซากุระ,21 July 2568
,8995026900118,ปากกาเจล โบลต์ไลน์เนอร์ R g'Soft 0.7 น้ำเงิน,,, 17.00 , 25.00 , 25.00 ,ด้าม,ซากุระ,21 July 2568
,8995026900125,ปากกาเจล โบลต์ไลน์เนอร์ R g'Soft 0.7 แดง,,, 17.00 , 25.00 , 25.00 ,ด้าม,ซากุระ,21 July 2568
,,ตู้โชว์ปากกา Boldliner,,, -   ,,,ใบ,ซากุระ,21 July 2568
,8851023056862,ตู้โชว์ปากกา Flick gSoft,,, -   ,,,ใบ,ซากุระ,21 July 2568
,8851023056862,ตู้โชว์ปากกา Quick gSoft,,, -   ,,,ใบ,ซากุระ,21 July 2568
,8858741714272,กระดาษ A4 Quality purple,,, 99.00 , 110.00 , 110.00 ,รีม,ยูบีบ็อกซ์,20 July 2568
,885874714258,กระดาษ A4 Quality Orange,,, 89.80 , 100.00 , 100.00 ,รีม,ยูบีบ็อกซ์,20 July 2568
,8852413476390,กระดาษ A4 Idea Max,,, 91.80 , 115.00 , 115.00 ,รีม,ยูบีบ็อกซ์,20 July 2568
,8851538357751,กระดาษ A4 Penquin,,, 79.80 , 90.00 , 90.00 ,รีม,ยูบีบ็อกซ์,20 July 2568
,,ลวดเสียบกระดาษเหลี่ยม ตราม้า,,, 88.00 , 95.00 , 95.00 ,กล่อง,ยูบีบ็อกซ์,20 July 2568
,8858729222287,คลิปหนีบดำ ตรา Horse 12mm 112,,, 1.42 , 4.00 , 4.00 ,ตัว,ยูบีบ็อกซ์,20 July 2568
,8858729222270,คลิปหนีบดำ ตรา Horse 25mm 111,,, 2.00 , 3.00 , 3.00 ,ตัว,ยูบีบ็อกซ์,20 July 2568
,8858729222263,คลิปหนีบดำ ตรา Horse 32mm 110,,, 2.75 , 3.00 , 3.00 ,ตัว,ยูบีบ็อกซ์,20 July 2568
,8858729222256,คลิปหนีบดำ ตรา Horse 40mm 109,,, 4.00 , 5.00 , 5.00 ,ตัว,ยูบีบ็อกซ์,20 July 2568
,8858729222249,คลิปหนีบดำ ตรา Horse 50mm 108,,, 6.00 , 5.00 , 5.00 ,ตัว,ยูบีบ็อกซ์,20 July 2568
,8858729222294,คลิปหนีบดำ ตรา Horse 15 mm 113,,, 1.25 , 3.00 , 3.00 ,ตัว,ยูบีบ็อกซ์,20 July 2568
,,ถุงขยะสีแดง,,, 68.00 , 80.00 , 80.00 ,แพ็ค,เมืองทอง,18 July 2568
,,บล็อกไม้สี 150 ชิ้น,,," 2,484.00 "," 3,150.00 "," 3,550.00 ",กล่อง,ไทยรุ่ง,21 July 2568
,,บล็อกไม้เสริมทักษะ 102 ชิ้น YTT-0119,,, 520.00 , 890.00 ," 1,190.00 ",ถัง,ไพศาลวิทยา,20 July 2568
,,ถุงขยะสีแดง 18*20,,, 95.00 , 120.00 , 120.00 ,แพ็ค,เมืองทอง,20 July 2568
,,ถุงขยะแดงเปิดปาก 12*20,,, 52.00 , 80.00 , 80.00 ,แพ็ค,นิวเวิลด์,19 July 2568
,,เทปแถบทอง,,, 14.00 , 25.00 , 25.00 ,เมตร,วีระพานิช,20 July 2568
,,เทปทองใหญ่,,, 15.00 , 35.00 , 35.00 ,เมตร,วีระพานิช,20 July 2568
,,Snail หนังสือสัญญาซื้อขาย,,, 20.00 , 22.00 , 22.00 ,เล่ม,ไทยรุ่ง,23 July 2568
,,กรอบแฟ้มพลาสติกใส,,, 43.00 , 45.00 , 45.00 ,อัน,ไทยรุ่ง,23 July 2568
,D0536644,Ink canon pixma G2010 + ink,,," 3,420.00 "," 3,890.00 "," 3,990.00 ",เครื่อง,ซิสเต็ม,24 July 2568
,D0622849,Canon pixma G4010 + ink tank,,," 5,990.00 "," 6,990.00 "," 6,990.00 ",เครื่อง,ซิสเต็ม,24 July 2568
,D0638550,Refill canon GI-790 bk (color fly),,, 80.00 , 120.00 , 150.00 ,ขวด,ซิสเต็ม,24 July 2568
,D0638552,Refill canon GI-790 m (color fly),,, 80.00 , 120.00 , 150.00 ,ขวด,ซิสเต็ม,24 July 2568
,D0638553,Refill canon GI-790 y (color fly),,, 80.00 , 120.00 , 150.00 ,ขวด,ซิสเต็ม,24 July 2568
,D0638557,Refill canon GI-790 c (color fly),,, 80.00 , 120.00 , 150.00 ,ขวด,ซิสเต็ม,24 July 2568
,4974052987052,ตรายาง ลงบัญชีแล้ว หมึกในตัว,,, 165.00 , 165.00 , 165.00 ,อัน,รักไทยแสนทวี,25 July 2025
,,แปรงสีฟัน แพค 10,,, 165.00 , 200.00 , 200.00 ,แพค,สายรุ้ง,26 July 2025
,,แฟ้มกระดุม มีป้ายชื่อ สีพาสเทล (คละ),,, 5.00 , 10.00 , 10.00 ,อัน,สายรุ้ง,26 July 2025
,10713,ดอกมะลิ 4 ดอก (24 ชิ้น),,, 13.33 , 20.00 , 20.00 ,ดอก,สายรุ้ง,26 July 2025
,14678,ดอกมะลิ รักแม่ 1x50,,, 7.00 , 15.00 , 15.00 ,ดอก,สายรุ้ง,26 July 2025
,,ดอกมะลิใหญ่ 24 1x24,,, 13.33 , 25.00 , 25.00 ,ดอก,สายรุ้ง,26 July 2025
,,ดอกมะลิเดี่ยว เล็ก 1x100,,, 2.70 , 5.00 , 5.00 ,ดอก,สายรุ้ง,26 July 2025
,14679,มาลัยรักแม่,,, 16.25 , 30.00 , 30.00 ,พวง,สายรุ้ง,26 July 2025
,200602410111,Scanner Authenticator Card 12026-2 Smart,,, 660.00 , 760.00 , 790.00 ,เครื่อง,คิงคอม,26 July 2025
,8854215005341,ถุงขยะแดงเปิดปาก 12*20 (15 ใบ/แพค),,, 28.25 , 40.00 , 45.00 ,แพค,นิวเวิลด์,21 July 2025
,511340,โปตัสเซียมเปอร์แมงกาเนต 100 กรัม,,, 63.00 , 68.00 , 70.00 ,ขวด,ไทยรุ่ง,27 July 2025
,8853891151557,แว่นขยาย 75mm VCC-139,,, 90.00 , 100.00 , 110.00 ,อัน,ไทยรุ่ง,27 July 2025
,,เทอร์โมมิเตอร์วัดความร้อน (110C),,, 100.00 , 110.00 , 120.00 ,อัน,ไทยรุ่ง,27 July 2025
,8850002002050,"SP ผงซักฟอก 8,000 กรัม",,, 419.00 , 450.00 , 450.00 ,ถัง,แมคโคร,27 July 2025
,8850092213299,"ไฮยีน ซักผ้าสีผ้าขาว 1,000 มล. เขียว",,, 70.00 , 120.00 , 120.00 ,ขวด,แมคโคร,27 July 2025
,8850092262716,"ไฮยีน ปผน. สีชมพู 2,800 มล.",,, 91.00 , 180.00 , 180.00 ,แกลลอน,แมคโคร,27 July 2025
,8850092264710,"ไฮยีน ปผน. สีฟ้า 2,800 มล.",,, 91.00 , 180.00 , 180.00 ,แกลลอน,แมคโคร,27 July 2025
,8851932392266,ซันไลต์ เลมอนเทอร์โบปั้ม 750 มล. X3,,, 61.67 , 78.00 , 78.00 ,ขวด,แมคโคร,27 July 2025
,8850086169908,โอวัลติน ช็อคโกแลต 3 อิน 1 30 g x 33 ซอง,,, 219.00 , 269.00 , 298.00 ,ขวด,แมคโคร,27 July 2025
,8850304017868,"SB ฟองน้ำ 3x4"" 1x12",,, 11.58 , 15.00 , 15.00 ,อัน,แมคโคร,27 July 2025
,8851111419029,มามี่โพโคแฮปปี้แพ้นท์ L3,,, 15.75 , 20.00 , 20.00 ,ชิ้น,แมคโคร,27 July 2025
,8850124083081,เนสกาแฟ Blend&Brew ริชอโรมา 17ก x40,,, 229.00 , 249.00 , 269.00 ,ถุง,แมคโคร,27 July 2025
,8851111601332,ไลฟรี่กางเกงซึมซับมาก XL 16 ชิ้น,,, 539.00 , 589.00 , 650.00 ,แพค,แมคโคร,27 July 2025
,8851111601233,ไลฟรี่กางเกงซึมซับมาก L 20 ชิ้น,,, 539.00 , 589.00 , 650.00 ,แพค,แมคโคร,27 July 2025
,8850871212109,POLY ฝอยสแตนเลส 15g,,, 9.58 , 15.00 , 20.00 ,อัน,แมคโคร,27 July 2025
,8851932379038,ลักส์ สบู่ก้อนซากุระบลูม 70g,,, 10.50 , 15.00 , 15.00 ,ก้อน,แมคโคร,27 July 2025
,8851932422017,โอโม น้ำยางล้างจานเลมอน 400 ml,,, 8.67 , 15.00 , 15.00 ,ถุง,แมคโคร,27 July 2025
,8850006946145,คอลเกตยาสีฟัน เย็นซ่า 100ก.,,, 34.08 , 45.00 , 45.00 ,อัน,แมคโคร,27 July 2025
,8850086169908,โอวัลติน ช็อคโกแลต 3 อิน 1 30 g x 33 ซอง,,, 219.00 , 249.00 , 259.00 ,ถุง,แมคโคร,27 July 2025
,6322007381475,ถังขยะแยกประเภท ฝาสวิงทรงเหลี่ยม 60 ลิตร TG59173-RE เหลือง,,, 439.00 , 660.00 , 880.00 ,ถัง,Global House,28 July 2025
,6322007381352,ถังขยะแยกประเภท ฝาสวิงทรงเหลี่ยม 60 ลิตร TG59173-RE น้ำเงิน,,, 449.00 , 660.00 , 880.00 ,ถัง,Global House,28 July 2025
,6322007381468,ถังขยะแยกประเภท ฝาสวิงทรงเหลี่ยม 60 ลิตร TG59173-RE แดง,,, 439.00 , 660.00 , 880.00 ,ถัง,Global House,28 July 2025
,6322007381369,ถังขยะแยกประเภท ฝาสวิงทรงเหลี่ยม 60 ลิตร TG59173-RE เขียว,,, 490.00 , 660.00 , 880.00 ,ถัง,Global House,28 July 2025
,8858773980416,"Hero ถุงดำแบบหนา เหนียวพิเศษ 28x36""",,, 35.00 , 36.00 , 42.00 ,แพค,Global House,28 July 2025
,,ไม้กวาดดอกหญ้า ด้ามไม้,,, 25.00 , 35.00 , 40.00 ,ด้าม,บ้านภูมิไทย,28 July 2025
,,กรอบเกียรติบัตร พลาสติก,,, -   , 45.00 , 50.00 ,อัน,ธนามัย,30 July 2025
,,ไม้กวาดดอกหญ้า ด้ามไม้ A,,, 25.00 , 40.00 ,,ด้าม,ไม้กวาด,30 July 2025
,885231700992,กระดาษ 100 ปอนด์ A3,,, 235.00 ,,,แพค,สมศรี,31 July 2025
,8859830607611,แฟ้มกระดุม เอกสารA4,,, 95.00 ,,,อัน,สมศรี,30 July 2025
,8859813354181,กรอบรูปA4 15418,,, 40.00 ,,,อัน,สมศรี,30 July 2025
,6891217152989,กรอบรูป A4,,, 40.00 ,,,อัน,สมศรี,30 July 2025
,8859813352699,กรอบรูปA4 15269,,, 40.00 ,,,อัน,สมศรี,30 July 2025
,8851907200923,กระดาษ 100 ปอนด์ A4,,, 120.00 , 145.00 ,,แพค,สมศรี,30 July 2025
,6921734958068,กรอบแฟ้มพลาสติกใส,,, 43.00 , 45.00 , 45.00 ,อัน,ไทยรุ่ง,31 July 2025
,8851467011403,Mymol 500 mg 100's,,, 50.00 , 60.00 , 60.00 ,ขวด,บำรุงฟาร์มาซี,30 July 2025
,8851847000904,ยาธาตุน้ำขาวตรากระต่ายบิน ญ.,,, 60.00 , 65.00 , 65.00 ,ขวด,บำรุงฟาร์มาซี,30 July 2025
,8852197110053,ยาหม่องตราถ้วยทอง ขวดกลาง 22 g หน้ากล่องใหม่,,, 54.00 , 56.00 , 56.00 ,ขวด,บำรุงฟาร์มาซี,30 July 2025
,8850185002571,สำลีก้อนรถพยาบาล 40 g,,, 22.00 , 25.00 , 25.00 ,ห่อ,บำรุงฟาร์มาซี,30 July 2025
,8854060615023,น้ำเกลือคลีนแอนด์แคร์ 500cc (ANB),,, 35.00 , 45.00 , 45.00 ,ขวด,บำรุงฟาร์มาซี,30 July 2025
,8851467043312,SEPTYL 30 ml (Bentadine BPO),,, 25.00 , 35.00 , 35.00 ,ขวด,บำรุงฟาร์มาซี,30 July 2025
,8859095900755,NET Guaze 2x2 ล 1x10 Longmed,,, 37.00 , 40.00 , 40.00 ,กล่อง,บำรุงฟาร์มาซี,30 July 2025
,8850304013198,"Mexcare Transpore 1""x10y",,, 52.00 , 60.00 , 60.00 ,ม้วน,บำรุงฟาร์มาซี,30 July 2025
,8859130618980,Satory Latex Powdered glove ชมพู แป้ง L 1x100,,, 115.00 , 165.00 , 165.00 ,กล่อง,บำรุงฟาร์มาซี,30 July 2025
,8853042000536,แอลกอฮอล์ 450cc Alsoff,,, 37.00 , 65.00 , 65.00 ,ขวด,บำรุงฟาร์มาซี,30 July 2025
,8858704602639,UE cof มะขามป้อม กลิ่นส้มยูสุ 18 g 20x20,,, 29.00 , 35.00 , 35.00 ,ซอง,บำรุงฟาร์มาซี,30 July 2025
,8859774100155,NEOPLAST-S พลาสเตอร์ผ้า 1x100,,, 40.00 , 55.00 , 55.00 ,กล่อง,บำรุงฟาร์มาซี,30 July 2025
,8852914301344,ออริด้า (ญ) ซอง Oreda,,, 8.00 , 10.00 , 12.00 ,ซอง,บำรุงฟาร์มาซี,30 July 2025
,13125050322,เครื่องชั่งน้ำหนัก Digital weight scale medel BY-1312 SK Max,,, 550.00 , 750.00 , 820.00 ,เครื่อง,บำรุงฟาร์มาซี,30 July 2025
,791413161012,Mouse Pad (แบบผ้า) NUBWO NP001 (เล็ก),,, 26.00 , 35.00 , 30.00 ,อัน,คิงคอมพ์,31 July 2025
,3790259873,Mouse Pad (แบบผ้า) NUBWO NP029,,, 35.00 , 45.00 , 45.00 ,อัน,คิงคอมพ์,31 July 2025
,8490259419,Mouse Pad (แบบผ้า) NUBWO NP025,,, 53.00 , 70.00 , 75.00 ,อัน,คิงคอมพ์,31 July 2025
,8850816112044,Mouse Pad (แบบผ้า) OKER PA-203,,, 29.00 , 35.00 , 35.00 ,อัน,คิงคอมพ์,31 July 2025
,8859790007742,Mouse Pad (แบบผ้า) MELON ML-322 มีที่รองข้อมือ,,, 58.00 , 75.00 , 80.00 ,อัน,คิงคอมพ์,31 July 2025
,8858704401348,AS 804 การ์ดซองพลาสติกแข็ง A4,,, 26.41 , 35.00 , 40.00 ,ใบ,ไซเรียง,4 August 2525
,,โอเอซิส,,, 14.00 , 21.00 , 25.00 ,ก้อน,สายรุ้ง,9 August 2525
,8850273111017,อาท เจ็ท โกลด์ 7 กลิ่นลาเวนเดอร์ 300 มล.,,, 45.00 , 50.00 , 55.00 ,กระป๋อง,ทวีกิจ,9 August 2025
,8850273113615,อาท เจ็ท พิงค์ กลิ่นลาเวนเดอร์ 300 มล.,,, 45.00 , 50.00 , 55.00 ,กระป๋อง,ทวีกิจ,9 August 2525
,8851688775566,สเปรย์กำจัดยุง ช้าง Vape 330 มล.,,, 47.08 , 50.00 , 55.00 ,กระป๋อง,สมศรี,9 August 2525
,8858874518396,"ถุงขยะดำ NS 22x30"" 1 KG",,, 51.00 , 60.00 , 80.00 ,ห่อ,แม็กซ์เวล,6 August 2025
,8851552108001,ลูกแม็กซ์ No.10-1M,,, 9.38 , 12.00 , 12.00 ,กล่อง,แม็กซ์เวล,6 August 2025
,8852317200992,กระดาษ 100 ปอนด์ A3,,, 235.00 , 260.00 , 260.00 ,แพค,สมศรี,31 July 2025
,8851907200923,กระดาษ 100 ปอนด์ A4,,, 120.00 , 150.00 , 150.00 ,แพค,สมศรี,31 July 2025
,8859830607611,แฟ้มกระดุมใส่เอกสาร A4 TL-20716,,, 7.92 , 10.00 , 10.00 ,อัน,สมศรี,31 July 2025
,8859813354181,กรอบรูป A4 DS-15418 พลาสติก,,, 40.00 , 50.00 , 50.00 ,อัน,สมศรี,31 July 2025
,6891217152989,กรอบรูป A4 พลาสติก,,, 40.00 , 50.00 , 50.00 ,อัน,สมศรี,31 July 2025
,8859813352699,กรอบรูปพลาสติก,,, 40.00 , 50.00 , 50.00 ,อัน,สมศรี,31 July 2025
,,ขาตั้งเสาธง,,, 279.00 , 295.00 , 295.00 ,อัน,เอป๊อป,15 August 2025
,,เครื่องวัดกระแสไฟฟ้า แอมป์มิเตอร์,,, 161.00 , 161.00 , 220.00 ,เครื่อง,เอป๊อป,15 August 2025
,,บีกเกอร์ทนไฟ 250 ml,,, 58.00 , 70.00 , 75.00 ,อัน,เอป๊อป,15 August 2025
,,แท่นตรายางหมึกในตัว  จ่ายเงินแล้ว,,, 144.00 , 144.00 , 150.00 ,อัน,เอป๊อป,15 August 2025
,,กระจกสไลด์,,, 79.00 , 85.00 , 120.00 ,กล่อง,เอป๊อป,15 August 2025
,,แผ่นทองแดง,,, 87.00 , 90.00 , 90.00 ,ชุด,เอป๊อป,15 August 2025
,,แผ่นอะลูมิเนียม,,, 85.00 , 90.00 , 90.00 ,อัน,เอป๊อป,15 August 2025
,,กระจกปิดสไลด์,,, 32.00 , 40.00 , 60.00 ,กล่อง,เอป๊อป,15 August 2025
,,ลวดนิโครม,,, 21.00 , 25.00 , 40.00 ,อัน,เอป๊อป,15 August 2025
,,กระดาษกรอง เบอร์ 102,,, 138.00 , 145.00 , 160.00 ,กล่อง,เอป๊อป,15 August 2025
,,กระดาษลิตมัส,,, 116.00 , 130.00 , 161.00 ,กล่อง,เอป๊อป,15 August 2025
,,รางถ่าน D 2 ก้อน,,, 36.00 , 40.00 , 45.00 ,อัน,เอป๊อป,15 August 2025
,,รางถ่าน D 4 ก้อน,,, 70.00 , 75.00 , 80.00 ,อัน,เอป๊อป,15 August 2025
,,แท่งแก้วคนสาร 8 นิ้ว,,, 21.50 , 25.00 , 30.00 ,อัน,เอป๊อป,15 August 2025
,,สายไฟ แจ็ค + แจ็ค 50 cm,,, 25.00 , 35.00 , 50.00 ,คู่,เอป๊อป,15 August 2025
,,โปสเตอร์ ตารางธาตุ,,, 25.00 , 25.00 , 30.00 ,แผ่น,เอป๊อป,15 August 2025
,,เสาธง 1 เมตร,,, 37.00 , 40.00 , 50.00 ,อัน,เอป๊อป,15 August 2025
,,เสาธง 1.5 เมตร,,, 51.00 , 60.00 , 65.00 ,อัน,เอป๊อป,15 August 2025
,,บีกเกอร์ทนไฟ 250 ml,,, 59.00 , 70.00 , 75.00 ,อัน,ไทยรุ่ง,15 August 2025
,,เทอร์โมมิเตอร์วัดความร้อน (110C),,, 60.00 , 110.00 , 110.00 ,อัน,ไทยรุ่ง,15 August 2025
,,สายไฟ แจ็ค + แจ็ค 50 cm,,, 23.00 , 35.00 , 50.00 ,คู่,ไทยรุ่ง,15 August 2025
,,แผ่นสังกะสี,,, 36.00 , 40.00 , 45.00 ,ชุด,ไทยรุ่ง,15 August 2025
,,แว่นขยาย 75mm VCC-139,,, 90.00 , 100.00 , 100.00 ,อัน,ไทยรุ่ง,15 August 2025
,,เครื่องวัดความต่างศักย์ไฟฟ้า โวลต์มิเตอร์,,, 168.00 , 220.00 , 220.00 ,เครื่อง,ไทยรุ่ง,15 August 2025
,9075807,Multimeter แบบเข็ม 360 89042,,, 195.00 , 220.00 , 220.00 ,เครื่อง,MR.DIY,15 August 2025
,9025076,Laser 2in1 ZK117-2#,,, 35.00 ,,,เครื่อง,MR.DIY,14 July 2025
,,กระดานต่อคำศัพท์ คำคม ขนาดมาตรฐาน,,, 663.00 , 750.00 , 850.00 ,อัน,ไทยรุ่ง,5 August 2025
,,ฟิวเจอร์บอร์ด A4 3 mm,,, 16.00 , 10.00 ,,แผ่น,ไทยรุ่ง,5 August 2025
,,ตรายาง หมึกในตัว,,, 150.00 , 150.00 ,,อัน,ไทยรุ่ง,5 August 2025
,,ตราช้าง แฟ้ม 3 ห่วง 20 ซอง สเปคตรัม 231 ฟ้า,,, 92.00 , 95.00 , 105.00 ,อัน,ไทยรุ่ง,6 August 2025
,,ตราช้าง แฟ้ม 3 ห่วง 20 ซอง สเปคตรัม 231 ชมพู,,, 92.00 , 95.00 , 105.00 ,อัน,ไทยรุ่ง,6 August 2025
,,พลาสติก 115 Micron ขายเป็นเมตร,,, 18.00 , 25.00 , 25.00 ,เมตร,ไทยรุ่ง,6 August 2025
,8851552104003,ลวดเย็บกระดาษ เบอร์ 8-1M,,, 14.42 , 20.00 , 21.00 ,กล่อง,เอป๊อป,19 August 2025
,,ลวดยิงบอร์ด เบอร์ 53/7 mm,,, 28.30 , 38.00 , 45.00 ,กล่อง,เอป๊อป,19 August 2025
,8853891000442,ตะกร้าใส่เอกสารมีฝาปิด (1 ชั้น) DOMON,,, 103.00 , 119.00 , 129.00 ,อัน,เอป๊อป,19 August 2025
,,ตะกร้าใส่เอกสารมีฝาปิด (2 ชั้น) DOMON,,, 118.00 , 139.00 , 149.00 ,อัน,เอป๊อป,19 August 2025
,8853891004204,ตะกร้าใส่เอกสารมีฝาปิด (3 ชั้น) DOMON SC-003,,, 178.00 , 199.00 , 219.00 ,อัน,เอป๊อป,19 August 2025
,6936078434192,Kanzawa ปืนยิงราคา ML-1508,,, 559.00 , 680.00 , 695.00 ,อัน,เอป๊อป,19 August 2025
,,คลิปหนีบสี 50 mm,,, 106.00 , 140.00 , 145.00 ,กล่อง,เอป๊อป,19 August 2025
,8859153815007,คลิปดำ 60 mm NO.106,,, 11.67 , 18.00 , 20.00 ,กล่อง,เอป๊อป,19 August 2025
,8851552102610,ลวดเย็บกระดาษ เบอร์ 3-1M,,, 19.79 , 25.00 , 25.00 ,กล่อง,เอป๊อป,19 August 2025
,8850862007073,กระดานรองเขียน A2 40x60 cm,,, 22.00 , 35.00 , 35.00 ,แผ่น,เอป๊อป,21 August 2025
,8850862001972,กระดานรองเขียน A3 30x40 cm,,, 18.00 , 25.00 , 25.00 ,แผ่น,เอป๊อป,21 August 2025
,8850273103111,อาท เจ็ท โกลด์ 300 มล.,,,#DIV/0!,,,,ทวีกิจ,
,8851553401309,สีน้ำ ตราม้า Tempera 12 สี,,, 34.00 , 40.00 , 40.00 ,กล่อง,ไทยรุ่ง,21 August 2025
,8851553402450,สีน้ำ ตราม้า Tempera 14 สี,,, 47.00 , 52.00 , 52.00 ,กล่อง,ไทยรุ่ง,21 August 2025
,8851552670454,สีเทียน ตราม้า จัมโบ้ 12 สี,,, 36.00 , 39.00 , 39.00 ,กล่อง,ไทยรุ่ง,21 August 2025
,8851907160050,มาสเตอร์อาร์ต สีน้ำ เทมพาร่า 5 มล.,,, 40.00 , 50.00 , 50.00 ,กล่อง,เอป๊อป,21 August 2025
,8858702034203,กระดาษโฟโต้ A4 120g/100p COMAX,,, 135.00 , 170.00 , 175.00 ,ห่อ,ชัยชนะ,23 August 2025
,8858702092142,กระดาษโฟโต้ A4 150g/100p COMAX,,, 215.00 , 280.00 , 285.00 ,ห่อ,ชัยชนะ,23 August 2025
,,กระดาษชาร์ทสีอ่อนใหญ่ 31x34 นิ้ว,,, 8.00 , 10.00 , 12.00 ,แผ่น,เอป๊อป,24 August 2025
,8854951003342,แป็กทองสองขา TL 10 51 มม.,,, 84.00 , 89.00 , 92.00 ,กล่อง,เอป๊อป,24 August 2025
,8854951003328,แป็กทองสองขา TL 6 31 มม.,,, 61.00 , 65.00 , 67.00 ,กล่อง,เอป๊อป,24 August 2025
,8854951003335,แป็กทองสองขา TL 8 41 มม.,,, 77.00 , 82.00 , 85.00 ,กล่อง,เอป๊อป,24 August 2025
,8853104985382,กระดาษการ์ดขาว 180 แกรม,,, 51.00 , 56.00 , 58.00 ,ห่อ,เอป๊อป,24 August 2025
,8853104985320,กระดาษการ์ดขาว 150 แกรม,,, 47.00 , 52.00 , 55.00 ,ห่อ,เอป๊อป,24 August 2025
,8853104985381,กระดาษการ์ดขาว 120 แกรม,,, 43.00 , 48.00 , 50.00 ,ห่อ,เอป๊อป,24 August 2025
,,กระดาษชาร์ทสีอ่อนใหญ่ 31x34 นิ้ว,,, 6.50 , 10.00 , 12.00 ,แผ่น,ชัยชนะ,25 August 2025
,8858702001496,สติกเกอร์ A4 ขาวมัน COMAX 80g 1x50p,,, 77.00 , 120.00 , 125.00 ,ห่อ,ชัยชนะ,25 August 2025
,,กระดาษอาร์ตมันสองหน้า A4 230g 50p IKPP,,, 70.00 , 100.00 , 105.00 ,ห่อ,ชัยชนะ,25 August 2025
,,กระดาษอาร์ตมันสองหน้า A4 210g 50p IKPP,,, 65.00 , 95.00 , 95.00 ,ห่อ,ชัยชนะ,25 August 2025
,,กระดาษอาร์ตมันสองหน้า A4 120g 50p CJD,,, 30.00 , 45.00 , 52.00 ,ห่อ,ชัยชนะ,25 August 2025
,8851907089771,กระดาษไข MASTERART A3 ไม่มีกรอบ 50 แผ่น,,, 7.00 , 10.00 , 10.00 ,แผ่น,รักไทยแสนทวี,26 August 2025
,8851907089788,กระดาษไข MASTERART A2 ไม่มีกรอบ 25 แผ่น,,, 10.00 , 15.00 , 15.00 ,แผ่น,รักไทยแสนทวี,26 August 2025
,8851907089764,กระดาษไข MASTERART A4 ไม่มีกรอบ 50 แผ่น,,, 5.00 , 7.00 , 7.00 ,แผ่น,รักไทยแสนทวี,26 August 2025
,6949029951372,ปากกาสีอะคริลิค KUROMI 28mm. 12 ด้าม,,, 169.00 , 175.00 , 185.00 ,กล่อง,รักไทยแสนทวี,26 August 2025
,A0163990,AIO LenovoCentre AIO 24IRH9 (F0HN00EMTA),,," 17,810.00 "," 20,499.00 "," 24,000.00 ",ชุด,Advice,26 August 2025
,4904785815544,TANITA เครื่องชั่งมวลแบบสปริง HA-801 ดำ,,,#DIV/0!,,,,CentralTrading,25 August 2025
,,เสาธง 2 เมตร,,, 70.00 ,,,อัน,รักไทยแสนทวี,27 August 2025
,,ธงตราสัญลักษ์ จภ 60*90 ,,, 25.00 ,,,ผืน,ชัยชนะ,27 August 2025
,8851773041316,กระดาษ FAX เดลต้า 57x38x1ซม. ,,, 36.00 , 65.00 ,,แพ็ค,ชัยชนะ,30 August 2025
,8851433003326,พลาสติกเคลือบบัตร 65x95 mm ORCA,,, 40.00 , 60.00 ,,กล่อง,ชัยชนะ,30 August 2025
,8850000112120,ป้ายชื่อ I.D Stand อะคริลิคหนา A4 แนวตั้ง,,, 220.00 , 250.00 ,,อัน,ชัยชนะ,30 August 2025
,8850000112010,ป้ายชื่อ I.D stand หน้าเดียว,,, 65.00 , 90.00 ,,อัน,ชัยชนะ,30 August 2025
,8850000112080,ป้ายชื่อ I.D stand A4 สองด้าน,,, 75.00 , 100.00 ,,อัน,ชัยชนะ,30 August 2025
,,ธงตราสัญลักษ์ จภ 60*90 ,,, 35.00 ,,,ผืน,ไทยรุ่ง,30 August 2025
,SCX1Q94569,Lenovo LOQ 83LK002NTA,,," 21,780.00 ",,,เครื่อง,ท็อปมาร์เก็ตติ้ง,26 August 2025
,4570031013554,ฟุตบอลหนังเย็บ TPU MOLTEN เบอร์ 4 F4N1000-BL,,, 369.00 , 490.00 , 550.00 ,ลูก,วีว่า,30 August 2025
,4975479495878,เครื่องวัดความดันโลหิต ชนิดกระเป๋า OMRON HEM-7124,,, 970.20 ," 1,490.00 "," 1,790.00 ",เครื่อง,ศิริ54,30 August 2025
,,ฟิวเจอร์บอร์ดใหญ่ 65 x 122 cm,,, 35.00 , 40.00 , 40.00 ,แผ่น,ไทยรุ่ง,2 September 2025
,,ตรายางข้อความ หมึกในตัว S-63,,, 150.00 , 150.00 , 150.00 ,อัน,ไทยรุ่ง,2 September 2025
,8851105400088,ตรายางข้อความ,,, 26.00 , 30.00 , 30.00 ,อัน,ไทยรุ่ง,2 September 2025
,9555000251484,ตรายาง วันที่ / เลข 6 หลัก,,, 29.00 , 35.00 , 35.00 ,อัน,ไทยรุ่ง,2 September 2025
,9555000251507,ตรายาง วันที่ / เลข 10 หลัก,,, 35.00 , 40.00 , 40.00 ,อัน,ไทยรุ่ง,2 September 2025
,6921734901149,Deli ที่เจาะกระดาษ 1 รู,,, 40.00 , 45.00 , 45.00 ,อัน,ไทยรุ่ง,2 September 2025
,8856602012659,สติกเกอร์ข้อความ เล็ก PUSH,,, 35.00 , 45.00 , 45.00 ,อัน,ไทยรุ่ง,2 September 2025
,8856602012932,สติกเกอร์ข้อความ เล็ก ผลัก,,, 35.00 , 45.00 , 45.00 ,อัน,ไทยรุ่ง,2 September 2025
,8856602012758,สติกเกอร์ข้อความ เล็ก เลื่อนซ้าย,,, 35.00 , 45.00 , 45.00 ,อัน,ไทยรุ่ง,2 September 2025
,8856602012734,สติกเกอร์ข้อความ เล็ก เลื่อนขวา,,, 35.00 , 45.00 , 45.00 ,อัน,ไทยรุ่ง,2 September 2025
,8856602012895,สติกเกอร์ข้อความ เล็ก ห้ามสูบบุหรี่,,, 35.00 , 45.00 , 45.00 ,อัน,ไทยรุ่ง,2 September 2025
,8856602012710,สติกเกอร์ข้อความ เล็ก Toilet,,, 35.00 , 45.00 , 45.00 ,อัน,ไทยรุ่ง,2 September 2025
,8856602012970,สติกเกอร์ข้อความ เล็ก สุขา,,, 35.00 , 45.00 , 45.00 ,อัน,ไทยรุ่ง,2 September 2025
,8856602012673,สติกเกอร์ข้อความ เล็ก PULL,,, 35.00 , 45.00 , 45.00 ,อัน,ไทยรุ่ง,2 September 2025
,8856602012239,สติกเกอร์ข้อความ ใหญ่ ห้ามเข้า,,, 45.00 , 50.00 , 50.00 ,อัน,ไทยรุ่ง,2 September 2025
,8856602012376,สติกเกอร์ข้อความ ใหญ่ กรุณาถอดรองเท้า,,, 45.00 , 50.00 , 50.00 ,อัน,ไทยรุ่ง,2 September 2025
,8856602012512,สติกเกอร์ข้อความ ใหญ่ อย่าทิ้งผ้าอนามัย,,, 45.00 , 50.00 , 50.00 ,อัน,ไทยรุ่ง,2 September 2025
,8856602012154,สติกเกอร์ข้อความ ใหญ่ welcome,,, 45.00 , 50.00 , 50.00 ,อัน,ไทยรุ่ง,2 September 2025
,8856602012291,สติกเกอร์ข้อความ ใหญ่ ยินดีต้อนรับ,,, 45.00 , 50.00 , 50.00 ,อัน,ไทยรุ่ง,2 September 2025
,,สติกเกอร์ข้อความ ใหญ่ อย่าจอดรถขวาง,,, 45.00 , 50.00 , 50.00 ,อัน,ไทยรุ่ง,2 September 2025
,8856602012536,สติกเกอร์ข้อความ ใหญ่ โปรดรักษาความสะอาด,,, 45.00 , 50.00 , 50.00 ,อัน,ไทยรุ่ง,2 September 2025
,,จานสี My paint NO.MP-3,,, 25.00 , 35.00 , 35.00 ,อัน,ไทยรุ่ง,2 September 2025
,10343605527,Cartridge Ribbon EPSON-LQ 2090,,, 725.00 , 770.00 , 770.00 ,อัน,คิงคอม,1 September 2025
,4582373750318,Refill EPSON 100 ml 003 BK,,, 65.00 , 120.00 , 150.00 ,ขวด,คิงคอม,1 September 2025
,4582373750325,Refill EPSON 100 ml 003 C,,, 65.00 , 120.00 , 150.00 ,ขวด,คิงคอม,1 September 2025
,4582373750332,Refill EPSON 100 ml 003 M,,, 65.00 , 120.00 , 150.00 ,ขวด,คิงคอม,1 September 2025
,4582373750349,Refill EPSON 100 ml 003 Y,,, 65.00 , 120.00 , 150.00 ,ขวด,คิงคอม,1 September 2025
,8885007027890,EPSON 003 C 65 ml,,, 215.00 , 275.00 , 295.00 ,ขวด,คิงคอม,1 September 2025
,8885007027937,EPSON 003 Y 65 ml,,, 215.00 , 275.00 , 315.00 ,ขวด,คิงคอม,1 September 2025
,4549292041880,CANON GI-790 BK,,, 235.00 , 295.00 , 315.00 ,ขวด,คิงคอม,1 September 2025
,4549292041903,CANON GI-790 C,,, 235.00 , 295.00 , 315.00 ,ขวด,คิงคอม,1 September 2025
,4549292041927,CANON GI-790 M,,, 235.00 , 295.00 , 315.00 ,ขวด,คิงคอม,1 September 2025
,4549292041941,CANON GI-790 Y,,, 235.00 , 295.00 , 315.00 ,ขวด,คิงคอม,1 September 2025
,8885007027876,EPSON 003 BK 65 ml,,, 215.00 , 275.00 , 295.00 ,ขวด,คิงคอม,1 September 2025
,8885007027913,EPSON 003 M 65 ml,,, 215.00 , 275.00 , 295.00 ,ขวด,คิงคอม,1 September 2025
,4977766748124,BROTHER BT-6000 BK,,, 225.00 , 295.00 , 315.00 ,ขวด,คิงคอม,1 September 2025
,4977766748131,BROTHER BT-5000 C,,, 185.00 , 275.00 , 295.00 ,ขวด,คิงคอม,1 September 2025
,4977766748148,BROTHER BT-5000 M,,, 185.00 , 275.00 , 295.00 ,ขวด,คิงคอม,1 September 2025
,4977766748155,BROTHER BT-5000 Y,,, 185.00 , 275.00 , 295.00 ,ขวด,คิงคอม,1 September 2025
,192545527569,HP GT-53 BK,,, 210.00 , 275.00 , 295.00 ,ขวด,คิงคอม,1 September 2025
,4582373750011,Refill canon GI-790 BK (color fly),,, 65.00 , 120.00 , 150.00 ,ขวด,คิงคอม,1 September 2025
,4582373750028,Refill canon GI-790 C (color fly),,, 65.00 , 120.00 , 150.00 ,ขวด,คิงคอม,1 September 2025
,4582373750035,Refill canon GI-790 M (color fly),,, 65.00 , 120.00 , 150.00 ,ขวด,คิงคอม,1 September 2025
,4582373750042,Refill canon GI-790 Y (color fly),,, 65.00 , 120.00 , 150.00 ,ขวด,คิงคอม,1 September 2025
,4549292169584,CANON GI-71 BK,,, 294.00 , 389.00 , 399.00 ,ขวด,คิงคอม,1 September 2025
,4549292169942,CANON GI-71 C,,, 294.00 , 389.00 , 399.00 ,ขวด,คิงคอม,1 September 2025
,4549292169966,CANON GI-71 M,,, 294.00 , 389.00 , 399.00 ,ขวด,คิงคอม,1 September 2025
,4549292169980,CANON GI-71 Y,,, 294.00 , 389.00 , 399.00 ,ขวด,คิงคอม,1 September 2025
,889296713111,HP GT-52 C,,, 220.00 , 275.00 , 295.00 ,ขวด,คิงคอม,1 September 2025
,889296713128,HP GT-52 M,,, 220.00 , 275.00 , 295.00 ,ขวด,คิงคอม,1 September 2025
,889296713135,HP GT-52 Y,,, 220.00 , 275.00 , 295.00 ,ขวด,คิงคอม,1 September 2025
,4582373750325,Refill EPSON 100 ml 003 C (ColorFly),,, 80.00 , 140.00 , 160.00 ,ขวด,คิงคอม,1 September 2025
,2498754592,HP GT-52 M ColorFly,,, 60.00 , 120.00 , 150.00 ,ขวด,คิงคอม,1 September 2025
,2498754601,HP GT-52 C ColorFly,,, 60.00 , 120.00 , 150.00 ,ขวด,คิงคอม,1 September 2025
,2498754610,HP GT-52 Y ColorFly,,, 60.00 , 120.00 , 150.00 ,ขวด,คิงคอม,1 September 2025
,2598767746,HP GT-52 BK ColorFly,,, 60.00 , 120.00 , 150.00 ,ขวด,คิงคอม,1 September 2025
,4582373750011,CANON 170 ml GI-71 BK ColorFly,,, 80.00 , 140.00 , 160.00 ,ขวด,คิงคอม,1 September 2025
,4582373750028,CANON 70 ml GI-71 C ColorFly,,, 65.00 , 120.00 , 150.00 ,ขวด,คิงคอม,1 September 2025
,4582373750035,CANON 70 ml GI-71 M ColorFly,,, 65.00 , 120.00 , 150.00 ,ขวด,คิงคอม,1 September 2025
,4582373750042,CANON 70 ml GI-71 Y ColorFly,,, 65.00 , 120.00 , 150.00 ,ขวด,คิงคอม,1 September 2025
,4582373750318,Refill EPSON 100 ml 001 BK ColorFly,,, 65.00 , 120.00 , 150.00 ,ขวด,คิงคอม,1 September 2025
,4582373750332,Refill EPSON 100 ml 001 M ColorFly,,, 65.00 , 120.00 , 150.00 ,ขวด,คิงคอม,1 September 2025
,4582373750349,Refill EPSON 100 ml 001 Y ColorFly,,, 65.00 , 120.00 , 150.00 ,ขวด,คิงคอม,1 September 2025
,,กิ๊บแฟชั่น,,, 15.00 , 20.00 ,,อัน,อัมรินทร์,3 September 2025
,,กิ๊บ P-82016,,, 10.00 , 15.00 ,,อัน,อัมรินทร์,3 September 2025
,,กิ๊บหนีบผม,,, 10.00 , 15.00 ,,อัน,อัมรินทร์,3 September 2025
,,เทปดำ,,, 15.42 , 25.00 ,,ชิ้น,แสงเพรช,5 September 2025
,8859830612950,กระดาษก๊อปปี้ 21*33 ซม. ตรากวาง,,, 15.00 , 20.00 ,,ห่อ,สมศรี,3 September 2025
,8850913003405,กระดาษคาร์บอนสีน้ำเงิน,,, 130.00 , 150.00 ,,กล่อง,สมศรี,3 September 2025
,084511382169,ยางลบ FOAM SAKURA 1*60,,, 9.00 , 15.00 ,,ก้อน,ซากุระ,3 September 2025
,084511305199,ยางลบ FOAM SAKURA 1*40,,, 13.00 , 18.00 ,,ก้อน,ซากุระ,3 September 2025
,084511382176,ยางลบ FOAM SAKURA 1*20,,, 14.00 , 20.00 ,,ก้อน,ซากุระ,3 September 2025
,084511305205,ยางลบ FOAM SAKURA 1*10,,, 29.50 , 38.00 ,,ก้อน,ซากุระ,3 September 2025
,084511305212,ยางลบ foam SAKURA 1*10,,, 53.50 , 70.00 ,,ก้อน,ซากุระ,3 September 2025
,4901881834509,สีน้ำ 12 สี 5ml.SAKURA,,, 110.00 , 140.00 ,,ชุด,ซากุระ,3 September 2025
,4901881834523,สีน้ำ 15 สี 5ml.SAKURA,,, 137.00 , 165.00 ,,ชุด,ซากุระ,3 September 2025
,4901881834530,สีน้ำ 15 สี 5ml.SAKURA (GS),,, 225.00 , 247.00 ,,ชุด,ซากุระ,3 September 2025
,4901881834547,สีน้ำ 18 สี 5ml.SAKURA,,, 170.00 , 195.00 ,,ชุด,ซากุระ,3 September 2025
,4901881834554,สีน้ำ 24 สี 5ml.SAKURA,,, 310.00 , 345.00 ,,ชุด,ซากุระ,3 September 2025
,084511374003,สีชอล์ค SAKURA 1*24,,, 28.00 , 35.00 ,,กล่อง,ซากุระ,3 September 2025
,084511374010,สีชอล์ค SAKURA (16A),,, 36.00 , 48.00 ,,กล่อง,ซากุระ,3 September 2025
,084511374027,สีชอล์ค SAKURA (25A),,, 55.00 , 70.00 ,,กล่อง,ซากุระ,3 September 2025
,084511374034,สีชอล์ค SAKURA (50A),,, 136.00 , 189.00 ,,กล่อง,ซากุระ,3 September 2025
,8851023000049,สีโปสเตอร์ SAKURA น้ำตาล,,, 18.00 , 30.00 ,,ขวด,ซากุระ,3 September 2025
,8851023000117,สีโปสเตอร์ SAKURA ชมพู,,, 18.00 , 30.00 ,,ขวด,ซากุระ,3 September 2025
,8851023000162,สีโปสเตอร์ SAKURA ม่วงอ่อน,,, 18.00 , 30.00 ,,ขวด,ซากุระ,3 September 2025
,8851023000087,สีโปสเตอร์ SAKURA น้ำตาลอ่อน,,, 18.00 , 30.00 ,,ขวด,ซากุระ,3 September 2025
,8851023000063,สีโปสเตอร์ SAKURA แดงอ่อน,,, 18.00 , 30.00 ,,ขวด,ซากุระ,3 September 2025
,8851023000070,สีโปสเตอร์ SAKURA แดง,,, 18.00 , 30.00 ,,ขวด,ซากุระ,3 September 2025
,8851023000025,สีโปสเตอร์ SAKURA เหลืองอ่อน,,, 18.00 , 30.00 ,,ขวด,ซากุระ,3 September 2025
,8851023000094,สีโปสเตอร์ SAKURA ม่วง,,, 18.00 , 30.00 ,,ขวด,ซากุระ,3 September 2025
,8851023000100,สีโปสเตอร์ SAKURA ฟ้า,,, 18.00 , 30.00 ,,ขวด,ซากุระ,3 September 2025
,8851023000124,สีโปสเตอร์ SAKURA เขียวอ่อน,,, 18.00 , 30.00 ,,ขวด,ซากุระ,3 September 2025
,8851023000131,สีโปสเตอร์ SAKURA เขียว,,, 18.00 , 30.00 ,,ขวด,ซากุระ,3 September 2025
,8851023000001,สีโปสเตอร์ SAKURA เหลือง,,, 18.00 , 30.00 ,,ขวด,ซากุระ,3 September 2025
,8851203000148,สีโปสเตอร์ SAKURA เขียวแก่,,, 18.00 , 30.00 ,,ขวด,ซากุระ,3 September 2025
,8851023000155,สีโปสเตอร์ SAKURA เขียวเข้ม,,, 18.00 , 30.00 ,,ขวด,ซากุระ,3 September 2025
,8851023000179,สีโปสเตอร์ SAKURA น้ำเงินอ่อน,,, 18.00 , 30.00 ,,ขวด,ซากุระ,3 September 2025
,8851023000186,สีโปสเตอร์ SAKURA น้ำเงิน,,, 18.00 , 30.00 ,,ขวด,ซากุระ,3 September 2025
,8851023000018,สีโปสเตอร์ SAKURA เหลืองแก่,,, 18.00 , 30.00 ,,ขวด,ซากุระ,3 September 2025
,8851023000193,สีโปสเตอร์ SAKURA น้ำเงินเข้ม,,, 18.00 , 30.00 ,,ขวด,ซากุระ,3 September 2025
,8851023000216,สีโปสเตอร์ SAKURA ดำ,,, 18.00 , 30.00 ,,ขวด,ซากุระ,3 September 2025
,8851023000056,สีโปสเตอร์ SAKURA ส้ม,,, 18.00 , 30.00 ,,ขวด,ซากุระ,3 September 2025
,8851023000223,สีโปสเตอร์ SAKURA ขาว,,, 18.00 , 30.00 ,,ขวด,ซากุระ,3 September 2025
,8851023000032,สีโปสเตอร์ SAKURA โอรส,,, 18.00 , 30.00 ,,ขวด,ซากุระ,3 September 2025
,8851203000612,โปสเตอร์สะท้อนแสงSAKURA เหลือง,,, 21.50 , 32.00 ,,กล่อง,ซากุระ,3 September 2025
,8851023000650,โปสเตอร์สะท้อนแสงSAKURA ส้ม,,, 21.50 , 32.00 ,,กล่อง,ซากุระ,3 September 2025
,8851023000636,โปสเตอร์สะท้อนแสงSAKURA แดง,,, 21.50 , 32.00 ,,กล่อง,ซากุระ,3 September 2025
,8851023000667,โปสเตอร์สะท้อนแสงSAKURA ชมพู,,, 21.50 , 32.00 ,,กล่อง,ซากุระ,3 September 2025
,8851023000629,โปสเตอร์สะท้อนแสงSAKURA เขียว,,, 21.50 , 32.00 ,,กล่อง,ซากุระ,3 September 2025
,8851023000643,โปสเตอร์สะท้อนแสงSAKURA ฟ้า,,, 21.50 , 32.00 ,,กล่อง,ซากุระ,3 September 2025
,8851023000681,โปสเตอร์สะท้อนแสงSAKURA ทอง,,, 21.50 , 32.00 ,,กล่อง,ซากุระ,3 September 2025
,8851023000674,โปสเตอร์สะท้อนแสงSAKURA เงิน,,, 21.50 , 32.00 ,,กล่อง,ซากุระ,3 September 2025
,8851938800062,แปรงขัดรองเท้า,,, 18.00 , 25.00 ,,อัน,ชัยชนะ,6 September 2025
,8852104985212,สติ๊กเกอร์ขาวด้าน A4,,, 75.00 , 120.00 ,,แผ่น,ชัยชนะ,6 September 2025
,8888153100202,กีวี่สีดำ,,, 75.00 , 100.00 ,,อัน,ชัยชนะ,6 September 2025
,8851552650005,กาวน้ำตราม้า H-150,,, 11.25 , 18.00 ,,ขวด,ชัยชนะ,6 September 2025
,8851552651002,กาวน้ำตราม้า H-560,,, 22.50 , 35.00 ,,ขวด,ชัยชนะ,6 September 2025
,,กล่องพลาสติก 3 ลิ้นชัก ,,, 140.00 , 195.00 ,,กล่อง,ชัยชนะ,6 September 2025
,8851773041316,กระดาษความร้อน 57*38 มม.,,, 36.00 , 50.00 ,,อัน,ชัยชนะ,6 September 2025
,8851773026344,กระดาษความร้อน 80*80 มม.,,, 40.00 , 60.00 ,,อัน,ชัยชนะ,6 September 2025
,8858702001496,สติ๊กเกอร์ขาวมัน A4 comax,,, 77.00 , 120.00 ,,แพ็ค,ชัยชนะ,6 September 2025
,8859633300245,สีชอล์คเขียนกระดาน,,, 30.00 , 34.00 ,,กล่อง,ชัยชนะ,6 September 2025
,,ลูกฟุตบอล V187 เบอร์ 4,,, 180.00 , 280.00 ,,ลูก,victory,6 September 2025
,100135100001,ถุงแก้ว 3.5*10,,, 110.00 , 130.00 ,,แพ็ค,พงษ์ปภา,7 September 2025
,8859405456842,ถุงแก้ว 4*9,,, 110.00 , 130.00 ,,แพ็ค,พงษ์ปภา,7 September 2025
,8859405458594,ถุงแก้ว 8*12,,, 110.00 , 130.00 ,,แพ็ค,พงษ์ปภา,7 September 2025
,8859405458976,ถุงแก้ว 9*14,,, 110.00 , 130.00 ,,แพ็ค,พงษ์ปภา,7 September 2025
,8857128327364,จานกระดาษ ดีดี 7 นิ้ว,,, 35.00 , 45.00 ,,แพ็ค,พงษ์ปภา,7 September 2025
,8857128327371,จานกระดาษ ดีดี 6 นิ้ว,,, 30.00 , 40.00 ,,แพ็ค,พงษ์ปภา,7 September 2025
,8858805299721,จานกระดาษ ดีดี 9 นิ้ว,,, 45.00 , 55.00 ,,แพ็ค,พงษ์ปภา,7 September 2025
,8850900004132,ถุงมือพลาสติก ,,, 15.00 , 15.00 ,,แพ็ค,พงษ์ปภา,7 September 2025
,8858667405124,ถุงแก้ว 7*10 ครึ่งกิโล,,, 39.00 , 49.00 ,,แพ็ค,พงษ์ปภา,7 September 2025
,8858667400792,ถุงแก้ว 5*8 ครึ่งกิโล,,, 39.00 , 49.00 ,,แพ็ค,พงษ์ปภา,7 September 2025
,8858667400785,ถุงแก้ว 4*7 ครึ่งกิโล,,, 39.00 , 49.00 ,,แพ็ค,พงษ์ปภา,7 September 2025
,8859405458211,ถุงแก้ว 7*11,,, 110.00 , 130.00 ,,แพ็ค,พงษ์ปภา,7 September 2025
,,Hisense UHD 4K E6 series 55 นิ้ว,,," 7,987.50 "," 9,000.00 ",,เครื่อง,Hisense,
,,โต๊ะปิงปอง HDF 5006 มีล้อ ขนาดมาตรฐาน,,," 5,089.00 "," 6,100.00 ",,ตัว,BG,
,8858702092142,กระดาษโฟโต้ A4 150g/100p COMAX,,, 210.00 , 280.00 ,,ห่อ,ชัยชนะ,14 September 2025
,8851773023589,กระดาษร้อยปอนด์ A4 Delta 50 p,,, 110.00 , 120.00 ,,กล่อง,ชัยชนะ,14 September 2025
,12340031,กล่องใส่เอกสาร 3 ช่อง สีด้านคละสี,,, 150.00 , 250.00 ,,กล่อง,ชัยชนะ,14 September 2025
,,กล่องใส่เอกสาร 1 ช่อง ลายการ์ตูน,,, 55.00 , 80.00 ,,กล่อง,ชัยชนะ,14 September 2025
,,ฟิวเจอร์บอร์ด 2 mm ขนาดกลาง,,, 14.00 , 30.00 ,,แผ่น,เอป๊อป,14 September 2025
,,ก้านพร้อมธง,,, 15.00 , 25.00 ,,อัน,,14 September 2025
,,สติ๊กเกอร์เลขสะท้อน,,, 5.00 , 10.00 ,,อัน,,14 September 2025
,,สติ๊กเกอร์ธงชาติ,,, 7.00 , 20.00 ,,อัน,,14 September 2025
,,สติ๊กเกอร์คำเตือน,,, 7.00 , 20.00 ,,อัน,,14 September 2025
,,สติ๊กเกอร์ห้ามสูบบุหรี่เล็ก,,, 7.00 , 20.00 ,,อัน,,14 September 2025
,,สติ๊กเกอร์คำเตือนเหลี่ยมขาว,,, 5.00 , 10.00 ,,อัน,,14 September 2025
,,ถุงรุ่นวันเกิด สีชมพู S,,, 15.00 , 25.00 ,,ชิ้น,อานิสงส์,17 September 2025
,,ถุงรุ่นวันเกิด สีม่วง S,,, 15.00 , 25.00 ,,ชิ้น,อานิสงส์,17 September 2025
,,ถุงรุ่นเบสิค สีขาว S,,, 15.00 , 25.00 ,,ชิ้น,อานิสงส์,17 September 2025
,,ถุงรุ่นวันเกิด สีม่วง M,,, 20.00 , 35.00 ,,ชิ้น,อานิสงส์,17 September 2025
,,ถุงรุ่นเบสิค สีขาว M,,, 20.00 , 35.00 ,,ชิ้น,อานิสงส์,17 September 2025
,,ถุงรุ่นวันเกิด สีชมพู M,,, 20.00 , 35.00 ,,ชิ้น,อานิสงส์,17 September 2025
,8850508057936,Lancer 825-2001 ดำ,,, 5.70 , 7.00 , 7.00 ,ด้าม,ไทยรุ่ง,10 September 2025
,MC9X4TH/A,Apple Ipad Air M3 G7 128GB Wifi (Blue),,," 17,907.00 ",,,เครื่อง,Copper,9 September 2025
,MX2D3ZA/A,Apple Pencil Pro,,," 3,583.00 ",,,ด้าม,Copper,9 September 2025
,5600422220166,Case Ipad Air11,,, 788.00 , 890.00 , 990.00 ,อัน,เคพลัส,9 September 2025
,691732844134,TCL Mini LED TV 65Q6C,,," 17,390.00 "," 21,590.00 "," 22,900.00 ",เครื่อง,SMT,10 September 2025
,,กระดาษบรู๊ฟ (500 แผ่น),,, 1.80 , 5.00 , 10.00 ,แผ่น,ชัยชนะ,20 September 2025
,,สีผง 10 กรัม,,, 11.00 , 15.00 , 25.00 ,ขวด,ชัยชนะ,20 September 2025
,4895151555730,กาวกากเพชร,,, 50.00 , 75.00 , 85.00 ,ขวด,ชัยชนะ,20 September 2025
,8851907104610,สมุดวาดเขียน R202,,, 82.00 , 150.00 , 165.00 ,เล่ม,ชัยชนะ,20 September 2025
,8855805014828,กาว 2 หน้าบาง 2 นิ้ว,,, 45.00 , 60.00 , 75.00 ,ม้วน,ชัยชนะ,20 September 2025
,8855805014811,กาว 2 หน้าบาง 1.5 นิ้ว,,, 33.00 , 45.00 , 55.00 ,ม้วน,ชัยชนะ,20 September 2025
,,หญ้าเทียม,,, 18.00 , 25.00 , 35.00 ,ห่อ,ชัยชนะ,20 September 2025
,6935205383693,กรรไกร 9 นิ้ว deli,,, 43.33 , 65.00 , 75.00 ,อัน,ชัยชนะ,20 September 2025
,8851773215045,กรรไกร 7 นิ้ว KTV,,, 32.00 , 50.00 , 60.00 ,อัน,ชัยชนะ,20 September 2025
,8851773044010,กรรไกร 6 นิ้ว Delva,,, 36.00 , 55.00 , 65.00 ,อัน,ชัยชนะ,20 September 2025
,,กระดาษมันปู,,, 2.80 , 5.00 , 5.00 ,แผ่น,ชัยชนะ,20 September 2025
,,ผีเสื้อ,,, 10.00 , 20.00 , 25.00 ,อัน,ชัยชนะ,20 September 2025
,8858859517062,ใบไม้ No.1,,, 9.00 , 20.00 , 25.00 ,ห่อ,ชัยชนะ,20 September 2025
,,ใบไม้ ,,, 6.00 , 10.00 , 20.00 ,ห่อ,ชัยชนะ,20 September 2025
,,ลวดขูดดินน้ำมัน,,, 8.00 , 8.00 , 15.00 ,อัน,ไทยรุ่ง,20 September 2025
,,ที่เขี่ยดินน้ำมัน,,, 17.00 , 18.00 , 30.00 ,อัน,ไทยรุ่ง,20 September 2025
,6972919468698,อุปกรณ์ปั้น,,, 63.00 , 65.00 , 83.00 ,ชุด,ไทยรุ่ง,20 September 2025
,6972919468681,อุปกรณ์ปั้น,,, 59.00 , 60.00 , 69.00 ,ชุด,ไทยรุ่ง,20 September 2025
,8859633300207,ดินน้ำมันแบบกิโล,,, 46.00 , 55.00 , 66.00 ,ก้อน,ไทยรุ่ง,20 September 2025
,,กระดาษมันปู,,, 5.00 , 5.00 , 5.00 ,แผ่น,ไทยรุ่ง,20 September 2025
,,กล่องของขวัญกลาง,,, 44.00 , 44.00 , 44.00 ,ใบ,ไทยรุ่ง,20 September 2025
,,กล่องของขวัญ กลาง,,, 52.00 , 52.00 , 52.00 ,ใบ,ไทยรุ่ง,20 September 2025
,,โบว์สำเร็จ,,, 40.00 , 40.00 , 40.00 ,ใบ,ไทยรุ่ง,20 September 2025
,,ผ้าแพรบรรจุกล่องพร้อมถุง,,, 120.00 , 180.00 , 200.00 ,กล่อง,มีคุณของชำร่วย,20 September 2025
,,ผ้าขนหนูเช็ดตัวนาโนบรรจุกล่องพร้อมถุง,,, 65.00 , 129.00 , 139.00 ,กล่อง,มีคุณของชำร่วย,20 September 2025
,,กระติกน้ำ + ผ้านาโนเช็ดตัวบรรจุกล่องพร้อมถุง,,, 80.00 , 169.00 , 169.00 ,กล่อง,มีคุณของชำร่วย,20 September 2025
,,ผ้าเช็ดผมขนเป็ด 2 ผืนบรรจุกล่องพร้อมถุง,,, 65.00 , 129.00 , 129.00 ,กล่อง,มีคุณของชำร่วย,20 September 2025
,,น้ำชาแบบ 6 ถ้วย,,, 155.00 , 280.00 , 155.00 ,กล่อง,มีคุณของชำร่วย,20 September 2025
,,กระบอกแก้วน้ำ340มล.,,, 15.00 , 25.00 ,,ขวด,สมศรี,16 September 2025
,,กระบอกแก้วน้ำ300มล.,,, 190.00 , 230.00 ,,ขวด,สมศรี,16 September 2025
,,กล่องของขวัญสี่เหลี่ยม,,, 4.17 , 7.00 ,,กล่อง,สมศรี,16 September 2025
,,ถุงกระดาษของขวัญ,,, 7.50 , 15.00 ,,ถุง,สมศรี,16 September 2025
,,ไม้ปิงปองกล่องเขียว,,, 45.00 , 65.00 ,,อัน,สมศรี,16 September 2025
,,กระดาษแก้วห่อสังฆทาน,,, 2.63 , 5.00 ,,ถุง,สมศรี,16 September 2025
,,ถุงสังฆทานใหญ่,,, 30.83 , 45.00 ,,ถุง,สมศรี,16 September 2025
,,ถุงสังฆทานแบบผูก,,, 15.83 , 20.00 ,,ถุง,สมศรี,16 September 2025
,,ไม้เสียบแบงค์,,, 55.00 , 65.00 ,,ไม้,สมศรี,16 September 2025
,,ลูกปิงปองสีขาว,,, 2.92 , 5.00 ,,ลูก,สมศรี,16 September 2025
,TN0010919,ลูกเทนนิส VRK แพค 3,,, 60.00 , 60.00 , 60.00 ,ห่อ,เอป๊อป,24 September 2025
,65008010,เสื่อน้ำมัน,,, 99.00 , 150.00 , 15.00 ,ผืน,แม็กกี้,26 September 2025
,,กระดาษชาร์ทเทา - ขาว 270 g,,, 4.50 , 5.00 , 5.00 ,แผ่น,ชัยชนะ,24 September 2025
,8851907075057,สีเทียน 12 สี จัมโบ้ มาสเตอร์อาร์ต,,, 16.50 , 25.00 , 25.00 ,กล่อง,ชัยชนะ,24 September 2025
,,ดินน้ำมัน 1 กิโล,,, 46.00 , 55.00 , 55.00 ,ก้อน,เอป๊อป,28 September 2025
,,กระดาษคำตอบ 60 ข้อ,,, 18.00 , 18.00 , 18.00 ,ห่อ,ไทยรุ่ง,28 September 2025
,,กระดาษคำตอบ 80 ข้อ,,, 14.00 , 18.00 , 18.00 ,ห่อ,เอป๊อป,28 September 2025
,8858784833848,ดินน้ำมัน 150 กรัม,,, 12.00 , 15.00 , 15.00 ,ก้อน,เอป๊อป,28 September 2025
,8858784833831,ดินน้ำมัน 100 กรัม,,, 5.00 , 5.00 , 5.00 ,ก้อน,เอป๊อป,28 September 2025
,,ไม้อัด 30*40,,, 16.00 , 20.00 , 20.00 ,แผ่น,เอป๊อป,28 September 2025
,8851907075057,สีเทียน 12 สี ,,, 23.00 , 25.00 , 25.00 ,กล่อง,เอป๊อป,25 September 2025
,8851907109868,สีเทียนมาสเตอร์อาร์ต 12 สี,,, 25.00 , 25.00 , 25.00 ,กล่อง,ไพศาล,25 September 2025
,,สติ๊กเกอร์หัวใจวาเลนไทน์,,, 8.00 , 10.00 , 10.00 ,แผ่น,ไพศาล,25 September 2025
,,ฟิวเจอร์บอร์ด 3 มิลกลาง 65*61,,, 12.92 , 30.00 , 30.00 ,แผ่น,สมศรี,24 September 2025
,8850106095040,กาวทีโอเอ 16 ออน,,, 35.00 , 58.00 , 58.00 ,ขวด,สมศรี,24 September 2025
,,สำลีก้อน,,, 7.92 , 10.00 , 10.00 ,ขวด,สมศรี,24 September 2025
,,สติ๊กเกอร์หัวใจแดง,,, 50.00 , 10.00 , 10.00 ,แผ่น,สมศรี,24 September 2025
,,ถ่านพานา2A,,, 25.33 , 45.00 , 45.00 ,แผง,สมศรี,24 September 2025
,,ถ่าน2A ตราโกลด์ อีเกิ้ล,,, 13.33 , 45.00 , 45.00 ,แผง,สมศรี,24 September 2025
,,Patch cord cat6 UTP cable 20m.,,, 455.00 , 455.00 , 455.00 ,เส้น,คิงคอมพ์,28 September 2025
,6930258214567,Refill canon 1000ml. BK (color fly),,, 295.00 , 385.00 , 385.00 ,ขวด,คิงคอมพ์,28 September 2025
,6930258214536,Refill canon 1000ml. C (color fly),,, 295.00 , 385.00 , 385.00 ,ขวด,คิงคอมพ์,28 September 2025
,6930258214543,Refill canon 1000ml. M (color fly),,, 295.00 , 385.00 , 385.00 ,ขวด,คิงคอมพ์,28 September 2025
,6930258214567,Refill canon 1000ml. Y (color fly),,, 295.00 , 385.00 , 385.00 ,ขวด,คิงคอมพ์,28 September 2025
,3012885,Dominoe wd-0153_m,,, 42.00 , 75.00 ,,ชุด,ดีไอวาย,29 September 2025
,9075934,Hacksaw 12in 89081,,, 59.00 , 89.00 ,,ชุด,ดีไอวาย,29 September 2025
,,ไม้พอง,,, 30.00 , 50.00 ,,อัน,สามพี่น้องเสาธง,29 September 2025
,,เสาธง,,, 32.00 , 50.00 ,,อัน,สามพี่น้องเสาธง,29 September 2025
,,ไม้ง่าม,,, 18.00 , 38.00 ,,อัน,สามพี่น้องเสาธง,29 September 2025
,65012225072907365D,Scanner SCR-N3300 Smart Card,,, 780.00 , 990.00 ," 1,275.00 ",เครื่อง,คิงคอมพ์,4 October 2025
,8855506250136,เครื่องตัดหญ้าสะพายบ่า GBC350 4 จังหวะ 35.8 cc. GBC350E,,," 5,290.00 "," 6,990.00 "," 7,990.00 ",เครื่อง,ไทยวัสดุ,4 October 2025
,8853228024943,ชั้นวางของพลาสติกอเนกประสงค์ 3 ชั้น API-1030L 51x41x91 cm,,, 198.00 , 198.00 , 299.00 ,อัน,ไทยวัสดุ,4 October 2025
,8851673285339,แฟ้ม 13 ช่อง A4 FQB คละสี,,, 147.00 ,,,อัน,ไทยรุ่ง,15 May 2568
,8851673307291,แฟ้มกระเป๋า 8 ช่อง กระต่าย 55354,,, 96.00 ,,,อัน,ไทยรุ่ง,15 May 2568
,8851673307284,แฟ้มกระเป๋า 8 ช่อง เต่า 55354,,, 96.00 ,,,อัน,ไทยรุ่ง,15 May 2568
,8851673296205,แฟ้มกล่อง 13 ช่อง FBQ-4069 การ์ตูน,,, 118.00 ,,,อัน,ไทยรุ่ง,15 May 2568
,501070012031,แฟ้มการ์ด TH03 3 นิ้ว 40 ช่อง คละลาย,,, 55.00 , 75.00 , 85.00 ,อัน,Beautiful Life,30 May 2568
,1984020247487,คลิปบอร์ด A4 PL-4748-1,,, 18.00 , 25.00 , 30.00 ,อัน,stroll,4 June 2568
,6923355032806,คลิปบอร์ดเล็ก TJ-3280-3,,, 10.00 , 15.00 , 20.00 ,อัน,Stroll,4 June 2568
,8851907077938,ตราช้าง แฟ้มสันกว้าง 2100F เขียวเข้ม,,, 82.00 , 85.00 , 120.00 ,อัน,ไทยรุ่ง,18 June 2568
,,เฟรมผ้าใบสีดำ 40x60 ซม.,,, 170.00 , 177.00 ,,อัน,เอป๊อป,15 October 2025
,851907146757,เฟรมผ้าใบสีขาว 40x50 ซม.,,, 115.00 , 122.00 ,,อัน,เอป๊อป,15 October 2025
,8851907146733,เฟรมผ้าใบสีขาว 30x40 ซม.,,, 73.00 , 80.00 ,,อัน,เอป๊อป,15 October 2025
,8851907146726,เฟรมผ้าใบสีขาว 30x30 ซม.,,, 65.00 , 72.00 ,,อัน,เอป๊อป,15 October 2025
,8851907146791,เฟรมผ้าใบสีขาว 24x30 ซม.,,, 57.00 , 64.00 ,,อัน,เอป๊อป,15 October 2025
,8851907146702,เฟรมผ้าใบสีขาว 20x20 ซม.,,, 48.00 , 55.00 ,,อัน,เอป๊อป,15 October 2025
,8851907305864,เฟรมผ้าใบสีขาว 15x15 ซม.,,, 34.00 , 41.00 ,,อัน,เอป๊อป,15 October 2025
,8851907330088,เฟรมผ้าใบสามเหลี่ยม 30 ซม.,,, 65.00 , 72.00 ,,อัน,เอป๊อป,15 October 2025
,8851907330071,เฟรมผ้าใบสามเหลี่ยม 20 ซม.,,, 43.00 , 50.00 ,,อัน,เอป๊อป,15 October 2025
,885130730587,เฟรมผ้าใบสี่เหลี่ยม 10x10 ซม.,,, 27.00 , 32.00 ,,อัน,เอป๊อป,15 October 2025
,,เฟรมมีขาตั้ง,,, 35.00 , 42.00 ,,อัน,เอป๊อป,15 October 2025
,8850950031799,ซองขาวไม่มีครุฑ 9/100 ,,, 290.00 , 380.00 ,,กล่อง,ชัยชนะ,30 September 2025
,,ซองขาวมีครุฑ 9/100,,, 290.00 , 375.00 ,,กล่อง,ชัยชนะ,30 September 2025
,,เทปโฟมกาว 3m,,, 105.00 , 135.00 ,,ม้วน,ชัยชนะ,30 September 2025
,,กระดาษการ์ดขาว a4 180g,,, 85.00 , 145.00 ,,ห่อ,ชัยชนะ,30 September 2025
,,สมุด Dp 101 5/100,,, 85.00 , 125.00 ,,เล่ม,ชัยชนะ,30 September 2025
,,กระดาษร้อยปอนด์ a3 เรนาซองค์,,, 230.00 , 265.00 ,,ห่อ,ชัยชนะ,30 September 2025
,,ทรายเอเธนส์ ซองชา,,," 1,450.00 "," 1,650.00 ",,ถัง,โฟกัสต้า,1 September 2025
,,แจกันดอกไม้ประดิษฐ์ l,,, 400.00 , 550.00 ,,อัน,ต๋อยร้านดอกไม้,1 September 2025
,,แจกันดอกไม้ประดิษฐ์ m,,, 300.00 , 450.00 ,,อัน,ต๋อยร้านดอกไม้,1 September 2025
,,แจกันดอกไม้ประดิษฐ์ s,,, 350.00 , 400.00 ,,อัน,ต๋อยร้านดอกไม้,1 September 2025
,,สกรูไม้ผ่าแปเหล็ก ,,, 70.00 , 100.00 ,,เครื่อง,รุ่งเรืองหลังคาเหล็ก,6 September 2025
,,โครงซีไลน์,,, 27.00 , 50.00 ,,อัน,รุ่งเรืองหลังคาเหล็ก,6 September 2025
,,เครื่องเชื่อม ,,, 265.00 , 335.00 ,,เครื่อง,รุ่งเรืองหลังคาเหล็ก,6 September 2025
,,แผ่นยิปซั่ม,,, 120.00 , 165.00 ,,แผ่น,รุ่งเรืองหลังคาเหล็ก,6 September 2025
,, ปากกาตรวจแบงค์ปลอม ,,, 50.00 , 65.00 , 65.00 ,แท่ง,เจ้าสัว,15 October 2025
,,หลอดตรงหุ้มพลาสติก 6 มม,,, 25.00 , 30.00 , 30.00 ,ห่อ,พงษ์ปภา,15 October 2025
,,หลอดตรงหุ้มกระดาษ 6 มม,,, 25.00 , 30.00 , 30.00 ,ห่อ,พงษ์ปภา,15 October 2025
,4549526701382,เครื่องคิดเลข Casio DM-1200FM,,, 760.00 ," 1,090.00 "," 1,190.00 ",เครื่อง,ชัยชนะ,15 October 2025
,7610100022302,เนสกาแฟ Gold Deluxe 200 g,,, 739.00 , 815.00 , 825.00 ,ชวด,BigC,15 October 2025
,,ซองขาวตราครุฑ,,, 288.00 , 375.00 ,,กล่อง,เอป๊อป,11 September 2025
,,ซองขาวไม่มีครุฑ,,, 330.00 , 375.00 ,,กล่อง,เอป๊อป,11 September 2025
,,เทปใสแกนเล็ก,,, 205.00 , 255.00 ,,กล่อง,เอป๊อป,11 September 2025
,,เทปใสแกนใหญ่,,, 130.00 , 170.00 ,,กล่อง,เอป๊อป,11 September 2025
,,ดินน้ำมัน 150 g,,, 12.00 , 25.00 ,,ก้อน,ไทยรุ่ง,29 September 2025
,,ดินน้ำมัน 500g,,, 32.00 , 45.00 ,,ก้อน,ไทยรุ่ง,29 September 2025
,,ใบอนุโมทนาบัตรใหญ่,,, 57.00 , 75.00 ,,เล่ม,ไทยรุ่ง,29 September 2025
,,ใบอนุโมทนาบัตรเล็ก,,, 109.00 , 135.00 ,,เล่ม,ไทยรุ่ง,29 September 2025
,,สมุดวาดภาพ,,, 117.00 , 145.00 ,,เล่ม,ไทยรุ่ง,29 September 2025
,8850276020118,ลูกตะกร้อ Marathon MT-201 ลูกแข่งขัน ชาย,,, 240.00 , 398.00 ,,ลูก,ชัยชนะ,20 October 2025
,8850276101695,ลูกตะกร้อ Marathon MT-908 ลูกแข่งขัน ชาย,,, 295.00 , 498.00 ,,ลูก,ชัยชนะ,20 October 2025
,8850276101701,ลูกตะกร้อ Marathon MT-909 ลูกแข่งขัน หญิง,,, 290.00 , 478.00 ,,ลูก,ชัยชนะ,20 October 2025
,8850276020217,ลูกตะกร้อ Marathon MT-201J ลูกแข่งขันยุวชน,,, 230.00 , 380.00 ,,ลูก,ชัยชนะ,20 October 2025
,,ไม้แบดมินตัน VRK + ซอง,,, 85.00 , 110.00 ,,ไม้,ชัยชนะ,20 October 2025
,,ไม้แบดมินตัน VRK Super Infinite,,, 70.00 , 90.00 ,,ไม้,ชัยชนะ,20 October 2025
,8850276070113,ตาข่ายตะกร้อ Marathon MN.701 รุ่นฝึกซ้อม,,, 260.00 , 370.00 ,,ชุด,ชัยชนะ,20 October 2025
,TN0010919,ลูกเทนนิส VRK แพค 3,,, 18.00 , 25.00 ,,แพค,ชัยชนะ,20 October 2025
,6922031235104,ลูกแบดมินตัน R-350,,, 6.00 , 15.00 ,,ลูก,ชัยชนะ,20 October 2025
,8850276104689,ตาข่ายวอลเลย์บอล MV-111X,,, 530.00 , 750.00 ,,ชุด,ชัยชนะ,20 October 2025
,8851552201023,Horse เคมี 2 หัว ดำ,,, 9.58 , 15.00 ,,แท่ง,ชัยชนะ,20 October 2025
,8851552201030,Horse เคมี 2 หัว แดง,,, 9.58 , 15.00 ,,แท่ง,ชัยชนะ,20 October 2025
,8851552201016,Horse เคมี 2 หัว น้ำเงิน,,, 9.58 , 15.00 ,,แท่ง,ชัยชนะ,20 October 2025
,8851552201108,Horse เคมี 2 หัว ชมพู,,, 9.58 , 15.00 ,,แท่ง,ชัยชนะ,20 October 2025
,8851552201054,Horse เคมี 2 หัว น้ำตาล,,, 9.58 , 15.00 ,,แท่ง,ชัยชนะ,20 October 2025
,8851552201078,Horse เคมี 2 หัว ม่วง,,, 9.58 , 15.00 ,,แท่ง,ชัยชนะ,20 October 2025
,8851552201061,Horse เคมี 2 หัว ส้ม,,, 9.58 , 15.00 ,,แท่ง,ชัยชนะ,20 October 2025
,8850276106614,ลูกตะกร้อ แรมโบ้ เหลือง-น้ำตาล,,, 55.00 , 110.00 ,,ลูก,ชัยชนะ,20 October 2025
,3474377922086,น้ำยาลบคำผิด Pentel 4.2 ml,,, 45.00 , 55.00 ,,อัน,ชัยชนะ,20 October 2025
,8854556000333,น้ำยาลบคำผิด Papermate 3.5 ml,,, 33.00 , 48.00 ,,อัน,ชัยชนะ,20 October 2025
,8858361039014,กระดิ่งงานประดิษฐ์ FM-023 (24 ชิ้น),,, 15.00 , 20.00 ,,ห่อ,ชัยชนะ,20 October 2025
,8858361039021,กระดิ่งงานประดิษฐ์ FM-024 (26 ชิ้น),,, 15.00 , 20.00 ,,ห่อ,ชัยชนะ,20 October 2025
,8858361038222,ตาตุ๊กตา FM-875,,, 12.00 , 15.00 ,,ห่อ,ชัยชนะ,20 October 2025
,8858361038215,ตาตุ๊กตา FM-874,,, 12.00 , 15.00 ,,ห่อ,ชัยชนะ,20 October 2025
,8851934835525,ปากกาสีอะคริลิค 12 สี KIDART,,, 52.00 , 75.00 ,,กล่อง,ชัยชนะ,20 October 2025
,S800012,สายวัด,,, 3.75 , 10.00 ,,เส้น,ชัยชนะ,20 October 2025
,8850909785087,Grand Sport ตาข่ายเทเบิลเทนนิสพร้อมเสา,,, 230.00 , 350.00 ,,ชุด,ชัยชนะ,20 October 2025
,,กระดิ่ง (144 ชิ้น) กลาง,,, 1.50 , 2.50 ,,อัน,ชัยชนะ,20 October 2025
,,กระดิ่ง (144 ชิ้น) เล็ก,,, 1.00 , 3.30 ,,อัน,ชัยชนะ,20 October 2025
,,กระดาษคำตอบ 60 ข้อ,,, 15.00 , 18.00 ,,ห่อ,ชัยชนะ,20 October 2025
,,กระดาษคำตอบ 80 ข้อ,,, 15.00 , 18.00 ,,ห่อ,ชัยชนะ,20 October 2025
,8851907278120,แฟ้ม 2 ห่วง 221VB พีช วิวบายเดอร์,,, 38.33 , 63.00 ,,อัน,ชัยชนะ,20 October 2025
,8851907276898,แฟ้ม 2 ห่วง 221VB แอปริคอต วิวบายเดอร์,,, 38.33 , 63.00 ,,อัน,ชัยชนะ,20 October 2025
,8851907276997,แฟ้ม 2 ห่วง 221VB เบบี้บลู วิวบายเดอร์,,, 38.33 , 63.00 ,,อัน,ชัยชนะ,20 October 2025
,8851907150075,แฟ้มสันกว้าง 3 นิ้ว 2100A4 เขียว,,, 60.00 , 82.00 ,,อัน,ชัยชนะ,20 October 2025
,8851907150099,แฟ้มสันกว้าง 3 นิ้ว 2100A4 ชมพู,,, 60.00 , 82.00 ,,อัน,ชัยชนะ,20 October 2025
,8851907153779,แฟ้มสันกว้าง 3 นิ้ว 2100A4 ฟ้า,,, 60.00 , 82.00 ,,อัน,ชัยชนะ,20 October 2025
,8851907122164,แฟ้มสันแคบ 2 นิ้ว 2101F ชมพู,,, 60.00 , 80.00 ,,อัน,ชัยชนะ,20 October 2025
,8851907150129,แฟ้มสันแคบ 2 นิ้ว 2101F ส้ม,,, 60.00 , 80.00 ,,อัน,ชัยชนะ,20 October 2025
,8851907150136,แฟ้มสันแคบ 2 นิ้ว 2101F แดง,,, 60.00 , 80.00 ,,อัน,ชัยชนะ,20 October 2025
,8858873407974,ปากกาเน้นข้อความ US เขียว,,, 9.58 , 15.00 ,,แท่ง,ชัยชนะ,20 October 2025
,8858873407967,ปากกาเน้นข้อความ US เหลือง,,, 9.58 , 15.00 ,,แท่ง,ชัยชนะ,20 October 2025
,8858873407981,ปากกาเน้นข้อความ US ชมพู,,, 9.58 , 15.00 ,,แท่ง,ชัยชนะ,20 October 2025
,8858873407998,ปากกาเน้นข้อความ US ส้ม,,, 9.58 , 15.00 ,,แท่ง,ชัยชนะ,20 October 2025
,BT0090014,ลูกแบดมินตัน VR 750,,, 16.50 , 25.00 ,,ลูก,ชัยชนะ,20 October 2025
,,แผ่นรองตัด A2 AROMA,,, 350.00 , 475.00 ,,แผ่น,ชัยชนะ,20 October 2025
,8859153824115,เครื่องยิงบอร์ด TG4-14,,, 190.00 , 280.00 ,,อัน,ชัยชนะ,20 October 2025
,8851673236836,เครื่องยิงบอร์ด HAWK HK-3801D,,, 135.00 , 250.00 ,,อัน,ชัยชนะ,20 October 2025
,9556781103610,เครื่องเย็บกระดาษ MAX HD-50 เบอร์ 35,,, 290.00 , 420.00 ,,อัน,ชัยชนะ,20 October 2025
,4974052986956,ตรายาง หมึกในตัว เงินสด,,, 105.00 , 130.00 ,,อัน,ชัยชนะ,20 October 2025
,8851105400088,ตรายาง จ่ายแล้ว ธรรมดา,,, 18.00 , 30.00 ,,อัน,ชัยชนะ,20 October 2025
,,ชุดใบเหลืองแดงกีฬาฟุตบอล,,, 90.00 , 120.00 ,,ชุด,ชัยชนะ,20 October 2025
,8859153823194,ลวดเย็บกระดาษ E'SY เบอร์ 8 4-14,,, 24.00 , 35.00 ,,กล่อง,ชัยชนะ,20 October 2025
,8859153823200,ลวดเย็บกระดาษ E'SY เบอร์ 10 4-14,,, 27.00 , 40.00 ,,กล่อง,ชัยชนะ,20 October 2025
,8859153800720,ที่ถอนลวด E'SY E-904A,,, 48.00 , 65.00 ,,อัน,ชัยชนะ,20 October 2025
,4902870826499,ลวดเย็บ MAX T3-10MB,,, 39.00 , 55.00 ,,กล่อง,ชัยชนะ,20 October 2025
,,โปสเตอร์ประกอบการสอน,,, 12.00 , 15.00 ,,แผ่น,เอป๊อป,21 October 2025
,,แผนที่จังหวัดศรีสะเกษ,,, 66.00 , 70.00 ,,แผ่น,เอป๊อป,21 October 2025
,8858361004739,กระดาษปอนด์ A3 สีดำ 110 แกรม,,, 3.26 , 6.00 ,,แผ่น,เอป๊อป,21 October 2025
,8858361003282,กระดาษคราฟต์น้ำตาล A3 150 แกรม LL1350,,, 2.64 , 4.00 ,,แผ่น,เอป๊อป,21 October 2025
,,ทะเบียนคุมเงินฝากธนาคาร,,, 20.00 , 23.00 ,,เล่ม,เอป๊อป,21 October 2025
,,ทะเบียนคุมเงินนอกงบประมาณ,,, 25.00 , 28.00 ,,เล่ม,เอป๊อป,21 October 2025
,,ทะเบียนคุมเงินงบประมาณ,,, 25.00 , 28.00 ,,เล่ม,เอป๊อป,21 October 2025
,,รายงานเงินคงเหลือประจำวัน,,, 26.00 , 29.00 ,,เล่ม,เอป๊อป,21 October 2025
,,ทะเบียนคุมเอกสารแทนตัวเงิน,,, 26.00 , 29.00 ,,เล่ม,เอป๊อป,21 October 2025
,,รายงานประเภทเงินคงเหลือ,,, 25.00 , 28.00 ,,เล่ม,เอป๊อป,21 October 2025
,,ทะเบียนคุมหลักฐานขอเบิก,,, 26.00 , 29.00 ,,เล่ม,เอป๊อป,21 October 2025
,,สมุดเงินสด,,, 26.00 , 29.00 ,,เล่ม,เอป๊อป,21 October 2025
,7701250807531,สายรุ้งฮาโลวีน,,, 12.50 , 25.00 ,,เล่ม,กบกิ๊ฟช็อป,9 October 2025
,7000004608441,ชุดผ้าคลุมแม่มด,,, 100.00 , 145.00 ,,ชิ้น,กบกิ๊ฟช็อป,9 October 2025
,6986062933019,ธงไดคัทฮาโลวีน,,, 40.00 , 55.00 ,,ชิ้น,กบกิ๊ฟช็อป,9 October 2025
,6953812530859,คฑามีไฟ ฮาโลวีน,,, 15.00 , 25.00 ,,ชิ้น,กบกิ๊ฟช็อป,9 October 2025
,1988321415309,หมวกแม่มดฮาโลวีน,,, 12.50 , 20.00 ,,ชิ้น,กบกิ๊ฟช็อป,9 October 2025
,6920249876348,สายข้อมือฮาโลวีน,,, 10.00 , 15.00 ,,ชิ้น,กบกิ๊ฟช็อป,9 October 2025
,7000004602807,โคมไฟฮาโลวีนคละแบบ,,, 14.17 , 25.00 ,,ชิ้น,กบกิ๊ฟช็อป,9 October 2025
,7000004608373,ชุดผ้าคลุมแม่มด,,, 110.00 , 165.00 ,,ชิ้น,กบกิ๊ฟช็อป,9 October 2025
,7000004608403,ชุดฟักทอง,,, 90.00 , 120.00 ,,ชิ้น,กบกิ๊ฟช็อป,9 October 2025
,7000004608458,โมบายแมงมุม,,, 25.00 , 55.00 ,,ชิ้น,กบกิ๊ฟช็อป,9 October 2025
,695252314575,ธงราวสามเหลี่ยมฮาโลวีน,,, 15.00 , 25.00 ,,ชิ้น,กบกิ๊ฟช็อป,9 October 2025
,7000004420777,ป้ายพลาสติกฮาโลวีน,,, 29.00 , 35.00 ,,ชิ้น,กบกิ๊ฟช็อป,9 October 2025
,7000004489934,ป้ายฮาโลวีน W29,,, 15.00 , 25.00 ,,ชิ้น,กบกิ๊ฟช็อป,9 October 2025
,7000004608496,โมบายฮาโลวีน,,, 39.00 , 45.00 ,,ชิ้น,กบกิ๊ฟช็อป,9 October 2025
,7000004494556,ป้ายฮาโลวีน LB,,, 15.00 , 25.00 ,,ชิ้น,กบกิ๊ฟช็อป,9 October 2025
,6948978793743,โมบายตุ๊กตาฮาโลวีน,,, 30.00 , 45.00 ,,ชิ้น,กบกิ๊ฟช็อป,9 October 2025
,,แฟ้มตราช้าง,,, 55.00 , 63.00 ,,เล่ม,เอป๊อป,9 October 2025
,,ภาพร.9 20*30 หลุย,,," 1,460.00 ",,,ชน้น,แก่นนรสิงห์,9 October 2025
,,ภาพร.9 20*30 สองชั้น,,," 1,050.00 ",,,ชน้น,แก่นนรสิงห์,9 October 2025
,,ภาพร.9 16*24 สองชั้น,,, 800.00 ,,,ชน้น,แก่นนรสิงห์,9 October 2025
,,ภาพร.9 15*20 1ชั้น,,, 550.00 ,,,ชน้น,แก่นนรสิงห์,9 October 2025
,,สติ๊กเกอร์รวม,,, 15.00 , 20.00 ,,อัน,บอยสติ๊กเกอร์,12 October 2025
,8851907086930,ไส้แฟ้ม elfen 11 รู A4,,, 14.00 , 25.00 ,,ห่อ,กบกิ๊ฟช็อป,22 October 2025
,8859498300466,"ผ้าถูพื้น Mop clean 10""",,, 20.00 , 40.00 ,,ห่อ,กบกิ๊ฟช็อป,22 October 2025
,7000004322194,"ผ้าถูพื้น Mop clean 12""",,, 25.00 , 45.00 ,,ห่อ,กบกิ๊ฟช็อป,22 October 2025
,8857125038256,แปรงล้างห้องน้ำตราเสือ,,, 7.92 , 20.00 ,,อัน,กบกิ๊ฟช็อป,22 October 2025
,5000000158829,"ลวดต้น 16"" ",,, 13.00 , 20.00 ,,ต้น,กบกิ๊ฟช็อป,22 October 2025
,7000004513349,ที่เสียบการ์ด หัวใจ 33cm 271-5,,, 3.00 , 6.00 ,,ห่อ,กบกิ๊ฟช็อป,22 October 2025
,7000004513363,ที่เสียบการ์ด ดาว 33cm 271-6,,, 3.00 , 6.00 ,,ห่อ,กบกิ๊ฟช็อป,22 October 2025
,7000004513448,ที่เสียบการ์ด ส้อมใส 34cm 271-7,,, 115.00 , 189.00 ,,ห่อ,กบกิ๊ฟช็อป,22 October 2025
,8852317200992,กระดาษวาดเขียน 100 ปอนด์ MN 50 แผ่น A3,,, 230.00 , 265.00 ,,ห่อ,กบกิ๊ฟช็อป,22 October 2025
,8851907297466,กระดาษ 100 ปอนด์ RNS A3 50/200g,,, 180.00 , 240.00 ,,ห่อ,กบกิ๊ฟช็อป,22 October 2025
,8852317030278,ฟิวเจอร์บอร์ด A4 (คละสี),,, 38.00 , 80.00 ,,ห่อ,กบกิ๊ฟช็อป,22 October 2025
,8852104985211,สติกเกอร์ PVC ใสหลังเหลือง A4 Elfen,,, 115.00 , 155.00 ,,ห่อ,กบกิ๊ฟช็อป,22 October 2025
,8851907235567,สติกเกอร์ ขาวด้าน A4 Elfen,,, 72.00 , 120.00 ,,ห่อ,กบกิ๊ฟช็อป,22 October 2025
,8852104985211,สติกเกอร์ PVC ใสหลังเหลือง A4 SSB,,, 110.00 , 150.00 ,,ห่อ,กบกิ๊ฟช็อป,22 October 2025
,7000004303469,กระดาษคราฟต์น้ำตาล A4 KA 150g 50P,,, 34.00 , 50.00 ,,ห่อ,กบกิ๊ฟช็อป,22 October 2025
,5000000204908,สันรูด 17 มม.,,, 7.50 , 10.00 ,,อัน,กบกิ๊ฟช็อป,22 October 2025
,5000000121670,สันรูด 3 มม.,,, 2.25 , 4.00 ,,อัน,กบกิ๊ฟช็อป,22 October 2025
,8851907076030,ขี้ผึ้งนับแบงค์และกระดาษ Elfen,,, 21.67 , 35.00 ,,อัน,กบกิ๊ฟช็อป,22 October 2025
,8851673302593,กบเหลาดินสอ MF-832,,, 13.75 , 20.00 ,,อัน,กบกิ๊ฟช็อป,22 October 2025
,8851907322151,เทปลบคำผิด เดี่ยว Elfen 6M เพื่อนตัวจ้อย,,, 7.92 , 15.00 ,,อัน,กบกิ๊ฟช็อป,22 October 2025
,6970202309048,เทปลบคำผิดเดี่ยว THA-C3220,,, 7.92 , 15.00 ,,อัน,กบกิ๊ฟช็อป,22 October 2025
,6972530242295,ที่เสียบปากกา 3 ช่อง 465-12,,, 60.00 , 80.00 ,,อัน,กบกิ๊ฟช็อป,22 October 2025
,8851673291804,กระเป๋าดินสอคางหมู PN-B002,,, 48.00 , 69.00 ,,อัน,กบกิ๊ฟช็อป,22 October 2025
,8859739632578,กระเป๋าดินสอ 22x9 cm Doraemon,,, 82.00 , 115.00 ,,อัน,กบกิ๊ฟช็อป,22 October 2025
,8851673312080,กระเป๋าดินสอ PVC TS-003,,, 35.00 , 55.00 ,,อัน,กบกิ๊ฟช็อป,22 October 2025
,8851673139434,กระเป๋าดินสอคางหมู FRN-B002,,, 48.00 , 69.00 ,,อัน,กบกิ๊ฟช็อป,22 October 2025
,8859739635333,กระเป๋าดินสอ 22x9 cm Minnie,,, 82.00 , 115.00 ,,อัน,กบกิ๊ฟช็อป,22 October 2025
,8851673195386,กระเป๋าดินสอคางหมู SFA-B002,,, 48.00 , 69.00 ,,อัน,กบกิ๊ฟช็อป,22 October 2025
,8859739622128,กระเป๋าดินสอ 22x9 cm Mickey,,, 82.00 , 115.00 ,,อัน,กบกิ๊ฟช็อป,22 October 2025
,8852122098043,กระเป๋าดินสอ 22x9 cm Pooh,,, 82.00 , 115.00 ,,อัน,กบกิ๊ฟช็อป,22 October 2025
,7000004498189,ที่เสียบปากกา 3 ช่อง S1274/1275,,, 70.00 , 110.00 ,,อัน,กบกิ๊ฟช็อป,22 October 2025
,8851673291781,กระเป๋าดินสอคางหมู CN-B002,,, 48.00 , 69.00 ,,อัน,กบกิ๊ฟช็อป,22 October 2025
,8851673112468,กระเป๋าดินสอคางหมู PRC-B08-1,,, 48.00 , 69.00 ,,อัน,กบกิ๊ฟช็อป,22 October 2025
,6941683691632,กบเหลาคาปิบาร่า NO.163(383-6),,, 4.06 , 8.00 ,,อัน,กบกิ๊ฟช็อป,22 October 2025
,6920190081044,กากเพชรขวด (คละสี) Y8103/8104,,, 4.00 , 10.00 ,,ขวด,กบกิ๊ฟช็อป,22 October 2025
,8856602087886,BR กบเหลาดินสอ 2 รู MMKU862,,, 12.92 , 20.00 ,,อัน,กบกิ๊ฟช็อป,22 October 2025
,6931241510048,ผงกากเพชรแผง 6 ชิ้น 131-4,,, 15.00 , 25.00 ,,ขวด,กบกิ๊ฟช็อป,22 October 2025
,70000042909121,ฟลอร่าเทป 20Y,,, 12.08 , 20.00 ,,ม้วน,กบกิ๊ฟช็อป,22 October 2025
,8852122560649,ตะกร้าเหลี่ยมใส่ดินสอ 009 Mickey,,, 18.00 , 35.00 ,,อัน,กบกิ๊ฟช็อป,22 October 2025
,8852122974163,ตะกร้าเหลี่ยมใส่ดินสอ 009 Marie,,, 18.00 , 35.00 ,,อัน,กบกิ๊ฟช็อป,22 October 2025
,5000000158812,"ลวดต้น 14"" ",,, 12.00 , 20.00 ,,อัน,กบกิ๊ฟช็อป,22 October 2025
,7010204863175,แฟ้มกระดุม F4 C3072,,, 7.08 , 10.00 ,,อัน,กบกิ๊ฟช็อป,22 October 2025
,6010204863114,แฟ้มซิปลายการ์ตูน A4 C3064,,, 7.92 , 12.00 ,,อัน,กบกิ๊ฟช็อป,22 October 2025
,5000000205462,แฟ้มเติมไส้ A4 สอดปกได้ SSB,,, 18.75 , 30.00 ,,อัน,กบกิ๊ฟช็อป,22 October 2025
,8851907278205,แฟ้มโชว์เอกสารตราช้าง,,, 17.50 , 30.00 ,,อัน,กบกิ๊ฟช็อป,22 October 2025
,6010204863169,แฟ้มกระดุมลายการ์ตูน A4 C3069,,, 6.25 , 10.00 ,,อัน,กบกิ๊ฟช็อป,22 October 2025
,7000004337426,นกหวีด FOX40 THAF40,,, 15.00 , 80.00 ,,อัน,กบกิ๊ฟช็อป,22 October 2025
,8851907265694,แฟ้มพลาสติกตราช้าง 405A4,,, 2.33 , 10.00 ,,อัน,กบกิ๊ฟช็อป,22 October 2025
,8551907266868,Elfen แฟ้มซองพลาสติก 116A4,,, 1.83 , 10.00 ,,อัน,กบกิ๊ฟช็อป,22 October 2025
,7000004364194,แฟ้มขยายข้าง F4 No.119,,, 8.33 , 20.00 ,,อัน,กบกิ๊ฟช็อป,22 October 2025
,7000004401530,แฟ้มสี ใส A4 บาง THA140-2,,, 6.67 , 10.00 ,,อัน,กบกิ๊ฟช็อป,22 October 2025
,7000004401592,แฟ้มสี ใส FC บาง THA140-4,,, 7.50 , 10.00 ,,อัน,กบกิ๊ฟช็อป,22 October 2025
,6010204863190,แฟ้มกระดุมสี A4 C3067,,, 5.83 , 10.00 ,,อัน,กบกิ๊ฟช็อป,22 October 2025
,7010204863199,แฟ้มซิปลายการ์ตูน A4 C3075,,, 7.92 , 12.00 ,,อัน,กบกิ๊ฟช็อป,22 October 2025
,662011695812,แฟ้มพลาสติกสอด A4,,, 3.33 , 6.00 ,,อัน,กบกิ๊ฟช็อป,22 October 2025
,8853252000968,คลิปบอร์ด A4 QF-S96,,, 15.00 , 25.00 ,,อัน,กบกิ๊ฟช็อป,22 October 2025
,6972530242202,กระดานไวท์บอร์ดใส 465-8,,, 30.00 , 55.00 ,,อัน,กบกิ๊ฟช็อป,22 October 2025
,8855805023882,เทปกาวย่น 48mm x 20Y Stick,,, 25.00 , 35.00 ,,ม้วน,กบกิ๊ฟช็อป,22 October 2025
,8855805047802,เทปกาวย่น 48mm x 18Y MAX,,, 19.17 , 40.00 ,,ม้วน,กบกิ๊ฟช็อป,22 October 2025
,18851907273153,สีไม้ยาวมาสเตอร์อาร์ต 12 แท่ง 12 สี,,, 37.92 , 49.00 ,,กล่อง,กบกิ๊ฟช็อป,22 October 2025
,8856682001086,"เทปหลุยส์ 1/2""x10Y",,, 5.21 , 12.00 ,,ม้วน,กบกิ๊ฟช็อป,22 October 2025
,8856682001406,"เทปหลุยส์ 1""x36Y",,, 27.00 , 35.00 ,,ม้วน,กบกิ๊ฟช็อป,22 October 2025
,8856682001079,"เทปหลุยส์ 1/2""x3Y",,, 2.42 , 8.00 ,,ม้วน,กบกิ๊ฟช็อป,22 October 2025
,8851552307480,ปากกาเมจิก H-110 แดง ตราม้า,,, 5.42 , 10.00 ,,แท่ง,กบกิ๊ฟช็อป,22 October 2025
,8851552307466,ปากกาเมจิก H-110 น้ำเงิน ตราม้า,,, 5.42 , 10.00 ,,แท่ง,กบกิ๊ฟช็อป,22 October 2025
,8851552307473,ปากกาเมจิก H-110 ดำ ตราม้า,,, 5.42 , 10.00 ,,แท่ง,กบกิ๊ฟช็อป,22 October 2025
,8801456103268,ปากกา Mycolor 2 หัว สีม่วง,,, 8.75 , 12.00 ,,แท่ง,กบกิ๊ฟช็อป,22 October 2025
,8802203036891,ปากกา HEXASLIM DONG-A ฟ้า,,, 5.42 , 10.00 ,,แท่ง,กบกิ๊ฟช็อป,22 October 2025
,8802203036884,ปากกา HEXASLIM DONG-A เขียว,,, 5.42 , 10.00 ,,แท่ง,กบกิ๊ฟช็อป,22 October 2025
,8802203036853,ปากกา HEXASLIM DONG-A 05 เหลือง,,, 5.42 , 10.00 ,,แท่ง,กบกิ๊ฟช็อป,22 October 2025
,8802203005095,ปากกา HEXAPLUS DONG-A น้ำเงิน,,, 8.75 , 10.00 ,,แท่ง,กบกิ๊ฟช็อป,22 October 2025
,8802203005002,ปากกา HEXAPLUS DONG-A 31 ดำ,,, 8.75 , 10.00 ,,แท่ง,กบกิ๊ฟช็อป,22 October 2025
,8801456103244,ปากกา Mycolor 2 หัว สีชมพู,,, 8.75 , 12.00 ,,แท่ง,กบกิ๊ฟช็อป,22 October 2025
,8801456103459,ปากกา Mycolor 2 หัว สีเหลือง,,, 8.75 , 12.00 ,,แท่ง,กบกิ๊ฟช็อป,22 October 2025
,8851023055704,ปากกาน้ำเงิน g'Sfot Hi-grip 0.38,,, 8.33 , 14.00 ,,แท่ง,กบกิ๊ฟช็อป,22 October 2025
,8851023055711,ปากกาแดง g'Sfot Hi-grip 0.38,,, 8.33 , 14.00 ,,แท่ง,กบกิ๊ฟช็อป,22 October 2025
,4970129041016,ปากกาหัวเข็ม Lee Pen ดำ NO.8500,,, 15.83 , 25.00 ,,แท่ง,กบกิ๊ฟช็อป,22 October 2025
,8851552225272,ปากกาหัวเข็ม Lee Pen น้ำเงิน NO.8500,,, 18.75 , 25.00 ,,แท่ง,กบกิ๊ฟช็อป,22 October 2025
,802203036990,ปากกาไฮไลท์ Slim liner,,, 5.42 , 10.00 ,,แท่ง,กบกิ๊ฟช็อป,22 October 2025
,8851907230418,Elfen สีเทียนขนาดจัมโบ้ 12 สี,,, 13.75 , 22.00 ,,กล่อง,กบกิ๊ฟช็อป,22 October 2025
,8858201011187,Sepia ดินสอ HB NO.2015MC,,, 1.90 , 4.00 ,,แท่ง,กบกิ๊ฟช็อป,22 October 2025
,8851907161491,Elfen ดินสอ HB2002,,, 1.60 , 4.00 ,,แท่ง,กบกิ๊ฟช็อป,22 October 2025
,8851907237080,ควอนตัม ดินสอ 2B QP910+920,,, 2.20 , 5.00 ,,แท่ง,กบกิ๊ฟช็อป,22 October 2025
,8851552225173,ปากกาเขียนแผ่น CD ตราม้า H-52,,, 18.75 , 30.00 ,,แท่ง,กบกิ๊ฟช็อป,22 October 2025
,8858201011385,Sepia ดินสอ HB NO.2014C,,, 1.90 , 4.00 ,,แท่ง,กบกิ๊ฟช็อป,22 October 2025
,8851907326432,มาสเตอร์อาร์ตดินสอแฟนซี 2B,,, 2.50 , 5.00 ,,แท่ง,กบกิ๊ฟช็อป,22 October 2025
,8851907302900,ปากกาช้าง ดริฟต์ TORIO 0.5 ดำ,,, 3.00 , 6.00 ,,แท่ง,กบกิ๊ฟช็อป,22 October 2025
,8851907161019,ปากกาควอนตัม Skate 050 น้ำเงิน,,, 2.90 , 5.00 ,,แท่ง,กบกิ๊ฟช็อป,22 October 2025
,8851907123741,ปากกาเจลควอนตัม X5 น้ำเงิน,,, 3.36 , 6.00 ,,แท่ง,กบกิ๊ฟช็อป,22 October 2025
,8851907302917,ปากกาช้าง ดริฟต์ TORIO 0.7 ดำ,,, 3.00 , 6.00 ,,แท่ง,กบกิ๊ฟช็อป,22 October 2025
,8851907300036,ปากกาช้าง ดริฟต์ TORIO 0.7 แดง,,, 3.00 , 6.00 ,,แท่ง,กบกิ๊ฟช็อป,22 October 2025
,8851907275280,ปากกาช้าง ดริฟต์ TORIO 0.5 น้ำเงิน,,, 3.00 , 6.00 ,,แท่ง,กบกิ๊ฟช็อป,22 October 2025
,8851907299798,ปากกาช้าง ดริฟต์ TORIO 0.5 แดง,,, 3.00 , 6.00 ,,แท่ง,กบกิ๊ฟช็อป,22 October 2025
,8851907275280,ปากกาช้าง ดริฟต์ TORIO 0.7 น้ำเงิน,,, 3.00 , 6.00 ,,แท่ง,กบกิ๊ฟช็อป,22 October 2025
,8850508057882,Lancer 825-2001 น้ำเงิน,,, 4.10 , 6.00 ,,แท่ง,กบกิ๊ฟช็อป,22 October 2025
,8851907222840,ปากกาเจลควอนตัม 007 แม็กซ์ ดำ,,, 3.36 , 6.00 ,,แท่ง,กบกิ๊ฟช็อป,22 October 2025
,8851907222765,ปากกาควอนตัมแฟนซี เทียร์ 0.5 น้ำเงิน,,, 2.10 , 5.00 ,,แท่ง,กบกิ๊ฟช็อป,22 October 2025
,6928114181214,Rencai ยางลบ 3in1 RC-8121,,, 6.25 , 10.00 ,,อัน,กบกิ๊ฟช็อป,22 October 2025
,7000004568738,ปลอกปากกา 365-17,,, 7.08 , 12.00 ,,ห่อ,กบกิ๊ฟช็อป,22 October 2025
,8857123720351,จานกระดาษ 9 นิ้ว,,, 38.00 , 48.00 ,,ห่อ,กบกิ๊ฟช็อป,22 October 2025
,8857123720344,จานกระดาษ 7 นิ้ว,,, 28.00 , 38.00 ,,ห่อ,กบกิ๊ฟช็อป,22 October 2025
,8852289000262,สำลีชุด CHABA/Green tea,,, 13.33 , 18.00 ,,ห่อ,กบกิ๊ฟช็อป,22 October 2025
,8852289000149,สำลี Snowball 40g,,, 11.25 , 18.00 ,,ห่อ,กบกิ๊ฟช็อป,22 October 2025
,8852289000255,สำลีแผ่น 35g snow white,,, 16.67 , 25.00 ,,ห่อ,กบกิ๊ฟช็อป,22 October 2025
,8855805039333,เทปผ้าคละสี NUVO 24mmx8Y เหลือง,,, 15.00 , 25.00 ,,ม้วน,กบกิ๊ฟช็อป,22 October 2025
,8855805044009,เทปผ้าคละสี NUVO 24mmx8Y ชมพู,,, 15.00 , 25.00 ,,ม้วน,กบกิ๊ฟช็อป,22 October 2025
,8855805038480,เทปผ้าคละสี NUVO 24mmx8Y แดง,,, 15.00 , 25.00 ,,ม้วน,กบกิ๊ฟช็อป,22 October 2025
,8855805044016,เทปผ้าคละสี NUVO 24mmx8Y ฟ้า,,, 15.00 , 25.00 ,,ม้วน,กบกิ๊ฟช็อป,22 October 2025
,8855805038466,เทปผ้าคละสี NUVO 24mmx8Y น้ำเงิน,,, 15.00 , 25.00 ,,ม้วน,กบกิ๊ฟช็อป,22 October 2025
,8858805044093,เทปผ้าคละสี NUVO 24mmx8Y เขียวอ่อน,,, 15.00 , 25.00 ,,ม้วน,กบกิ๊ฟช็อป,22 October 2025
,8855805000265,กาวสองหน้าบาง Nuvo 12mmx20Y,,, 10.42 , 15.00 ,,ม้วน,กบกิ๊ฟช็อป,22 October 2025
,8855805000272,กาวสองหน้าบาง Nuvo 18mmx20Y,,, 15.63 , 18.00 ,,ม้วน,กบกิ๊ฟช็อป,22 October 2025
,8858870258357,แปรงสีฟันเด็ก เฟรชลี่ NO.835,,, 5.83 , 10.00 ,,อัน,กบกิ๊ฟช็อป,22 October 2025
,8858870258500,แปรงสีฟัน JAGA 650,,, 6.25 , 12.00 ,,อัน,กบกิ๊ฟช็อป,22 October 2025
,8855805048113,สก็อตเทปใส 12mmx30y (MAX),,, 4.17 , 8.00 ,,ม้วน,กบกิ๊ฟช็อป,22 October 2025
,8850304077756,3M เทปกาวสองหน้า 12mmx10Y,,, 30.83 , 50.00 ,,ม้วน,กบกิ๊ฟช็อป,22 October 2025
,8522123490268,กระดาษกาวย่นเล็ก 1.5 นิ้ว,,, 5.00 , 9.00 ,,ม้วน,กบกิ๊ฟช็อป,22 October 2025
,8851938900496,แปรงล้างสุขภัณฑ์ + แสตนตราอีสท์แมน,,, 55.00 , 109.00 ,,ชุด,กบกิ๊ฟช็อป,22 October 2025
,8850106095057,กาว TOA 32 ออนซ์,,, 65.00 , 90.00 ,,กระปุก,กบกิ๊ฟช็อป,22 October 2025
,8857126897098,ถุงมือยางส้ม ตราเสือ เบอร์ L,,, 16.67 , 25.00 ,,คู่,กบกิ๊ฟช็อป,22 October 2025
,8857126897074,ถุงมือยางส้ม ตราเสือ เบอร์ M,,, 16.67 , 25.00 ,,คู่,กบกิ๊ฟช็อป,22 October 2025
,7000004574944,ตีนตุ๊กแก 2 cmx25m/9381-19/20,,, 2.60 , 10.00 ,,เมตร,กบกิ๊ฟช็อป,22 October 2025
,7000004575156,เข็มหมุดสีล้วน 80 ชิ้น/9381-11,,, 6.67 , 10.00 ,,กล่อง,กบกิ๊ฟช็อป,22 October 2025
,7000004575170,เข็มหมุดคละสี 80 ชิ้น/9381-10,,, 6.67 , 10.00 ,,กล่อง,กบกิ๊ฟช็อป,22 October 2025
,6931241510208,อะไหล่กระดุมเล็กคละสี 131-20,,, 4.00 , 10.00 ,,กล่อง,กบกิ๊ฟช็อป,22 October 2025
,6931241510109,อะไหล่กระดิ่งคละไซส์ 131-10,,, 6.25 , 12.00 ,,กล่อง,กบกิ๊ฟช็อป,22 October 2025
,6931241510147,อะไหล่มุกสีล้วน 131-14,,, 4.00 , 10.00 ,,กล่อง,กบกิ๊ฟช็อป,22 October 2025
,8859405406052,ถุงซิป PE 8x12 cm 1 Kg,,, 90.00 , 90.00 ,,ห่อ,กบกิ๊ฟช็อป,22 October 2025
,8859405406045,ถุงซิป PE 7x10 cm 1 Kg,,, 90.00 , 90.00 ,,ห่อ,กบกิ๊ฟช็อป,22 October 2025
,8851938800291,แปรงซักผ้าเรนโบว์ ตราสมอ,,, 12.92 , 20.00 ,,อัน,กบกิ๊ฟช็อป,22 October 2025
,5000000014804,ถุงหูหิ้ว AB บาง 9x18 0.5 Kg,,, 35.00 , 35.00 ,,ห่อ,กบกิ๊ฟช็อป,22 October 2025
,5000000135783,ผ้าขนหนูสีพื้น 12x12 cm,,, 6.25 , 10.00 ,,ผืน,กบกิ๊ฟช็อป,22 October 2025
,7000004553734,ป้ายชื่อห้อยกระเป๋า 390-11,,, 1.33 , 5.00 ,,อัน,กบกิ๊ฟช็อป,22 October 2025
,5000000014781,ถุงหูหิ้ว AB บาง 6x14 0.5 Kg,,, 35.00 , 35.00 ,,ห่อ,กบกิ๊ฟช็อป,22 October 2025
,8858706869207,ถุงมือยาง PVC ข้อยาว ตราม้า S,,, 12.92 , 20.00 ,,ห่อ,กบกิ๊ฟช็อป,22 October 2025
,7000004568158,ริบบิ้นผ้าข้อความ 2.5 cm x 50Y,,, 80.00 , 120.00 ,,ม้วน,กบกิ๊ฟช็อป,22 October 2025
,7000004568196,ริบบิ้นผ้าเงา 2 ด้าน 2 cm x 100Y,,, 1.33 , 7.00 ,,ม้วน,กบกิ๊ฟช็อป,22 October 2025
,8850871205002,ฝอยสแตนเลส แผงแดง,,, 1.46 , 5.00 ,,อัน,กบกิ๊ฟช็อป,22 October 2025
,8850871301117,โพลี่เดลี่ไบร์ทติดสก็อต,,, 3.33 , 5.00 ,,อัน,กบกิ๊ฟช็อป,22 October 2025
,8859796685616,ไม้ขนไก่ 18561,,, 15.00 , 25.00 ,,ด้าม,กบกิ๊ฟช็อป,22 October 2025
,1987208839115,ไม้ปัดฝุ่นสายรุ้ง YW-83911,,, 15.00 , 25.00 ,,ด้าม,กบกิ๊ฟช็อป,22 October 2025
,7000004575200,เอ็นยึดสีขาว + คละสี/9381-12-13,,, 4.80 , 10.00 ,,อัน,กบกิ๊ฟช็อป,22 October 2025
,8852019001828,เชือกสาบาร์ติกใหญ่,,, 18.33 , 25.00 ,,ห่อ,กบกิ๊ฟช็อป,22 October 2025
,5000000159338,ริบบิ้นฟาง ป้ายฟ้า #5 ระฆังคละสี,,, 21.00 , 30.00 ,,ม้วน,กบกิ๊ฟช็อป,22 October 2025
,6980872001579,ริบบิ้นฟาง คละลาย 2.5 cm R157,,, 13.33 , 20.00 ,,ม้วน,กบกิ๊ฟช็อป,22 October 2025
,7000004261462,ริบบิ้นฟาง ป้ายฟ้า #9 ระฆังคละสี,,, 30.00 , 45.00 ,,ม้วน,กบกิ๊ฟช็อป,22 October 2025
,6931241510079,ลวดคละสี 131-7,,, 14.00 , 20.00 ,,ม้วน,กบกิ๊ฟช็อป,22 October 2025
,8852019002054,เชือกสาติดดอกใหญ่,,, 12.08 , 20.00 ,,ห่อ,กบกิ๊ฟช็อป,22 October 2025
,6900908470018,"ไม้ม็อบ 12"" B แถมผ้าถู",,, 90.00 , 225.00 ,,ด้าม,กบกิ๊ฟช็อป,22 October 2025
,8859498300466,ผ้าถูพื้น อายี่ 10 นิ้ว,,, 20.00 , 40.00 ,,ห่อ,กบกิ๊ฟช็อป,22 October 2025
,1984020281566,พรมเช็ดเท้าถัก,,, 16.00 , 40.00 ,,ผืน,กบกิ๊ฟช็อป,22 October 2025
,700004421903,หนีบป้ายราคา (120-3),,, 15.00 , 20.00 ,,อัน,กบกิ๊ฟช็อป,22 October 2025
,6900908470001,"ไม้ม็อบ 10"" B แถมผ้าถู",,, 80.00 , 215.00 ,,ด้าม,กบกิ๊ฟช็อป,22 October 2025
,5000000024667,ริบบิ้นผ้ากากเพชร สีล้วน 1 cm,,, 14.00 , 20.00 ,,ห่อ,กบกิ๊ฟช็อป,22 October 2025
,500000156870,ริบบิ้นกากเพชร 1.2 cm,,, 14.00 , 20.00 ,,ห่อ,กบกิ๊ฟช็อป,22 October 2025
,5000000111800,ริบบิ้นเงิน/ทอง 1.5 cm,,, 18.00 , 25.00 ,,ห่อ,กบกิ๊ฟช็อป,22 October 2025
,6920008001257,ริบบิ้นกากเพชรทอง 1 cm S883,,, 14.00 , 20.00 ,,ห่อ,กบกิ๊ฟช็อป,22 October 2025
,6900908470025,"ไม้ม็อบดันฝุ่นผ้าขาว 16""",,, 85.00 , 225.00 ,,ด้าม,กบกิ๊ฟช็อป,22 October 2025
,8851907160012,แฟ้มตราช้าง 1 นิ้ว 221vb 2ห่วง,,, 59.00 , 62.00 ,,อัน,รักไทยแสนทวี,9 October 2025
,,กระดาษ a4 Doublea a80g,,, 107.00 , 130.00 ,,รีม,ยูบีบ็อกซ์,17 October 2025
,,กระดาษ a4 idea 80g,,, 98.00 , 125.00 ,,รีม,ยูบีบ็อกซ์,17 October 2025
,,กันกระแทก 65*100,,, 3.32 , 10.00 ,,ม้วน,ยูบีบ็อกซ์,17 October 2025
,8851552509037,หมึกเติมแท่นประทับ horse สีแดง,,, 10.00 , 20.00 ,,ขวด,ยูบีบ็อกซ์,17 October 2025
,8856976000146,กระดาษ a3 Doublea 80g,,, 247.60 , 280.00 ,,รีม,ยูบีบ็อกซ์,17 October 2025
,8851538357751,กระดาษ a4 penquin 70g,,, 79.80 , 90.00 ,,รีม,ยูบีบ็อกซ์,17 October 2025
,8851552509013,หมึกเติมแท่นประทับ horse สีน้ำเงิน,,, 10.00 , 20.00 ,,กล่อง,ยูบีบ็อกซ์,17 October 2025
,8851295741039,หมึกเติมปากกาไวท์บอร์ด pilot รุ่น wbmk-r สีแดง,,, 59.00 , 70.00 ,,ขวด,ยูบีบ็อกซ์,17 October 2025
,8851295741015,หมึกเติมปากกาไวท์บอร์ด pilot รุ่น wbmk-r สีน้ำเงิน,,, 59.00 , 70.00 ,,ขวด,ยูบีบ็อกซ์,17 October 2025
,8851295741022,หมึกเติมปากกาไวท์บอร์ด pilot รุ่น wbmk-r สีดำ,,, 59.00 , 70.00 ,,ขวด,ยูบีบ็อกซ์,17 October 2025
,8852317022334,ทะเบียนหนังสือส่ง ,,, 79.00 , 98.00 ,,เล่ม,ยูบีบ็อกซ์,17 October 2025
,8852317022327,ทะเบียนหนังสือรับ,,, 79.00 , 98.00 ,,เล่ม,ยูบีบ็อกซ์,17 October 2025
,8851907272326,Post-it นีออนเหลือง 80 แผ่น 76*76,,, 15.00 , 25.00 ,,ห่อ,ยูบีบ็อกซ์,17 October 2025
,8851907281175,Post-it นีออนมาเจนต้า 80 แผ่น 76*76,,, 15.00 , 25.00 ,,ห่อ,ยูบีบ็อกซ์,17 October 2025
,8851907272333,Post-it นีออนขียว 80 แผ่น 76*76,,, 15.00 , 25.00 ,,ห่อ,ยูบีบ็อกซ์,17 October 2025
,8851907272340,Post-it นีออนชมพู 80 แผ่น 76*76,,, 15.00 , 25.00 ,,ห่อ,ยูบีบ็อกซ์,17 October 2025
,8851907281205,Post-it นีออนส้ม 80 แผ่น 76*76,,, 15.00 , 25.00 ,,ห่อ,ยูบีบ็อกซ์,17 October 2025
,8858201013518,ปกพลาสติกใส,,, 220.00 , 260.00 ,,ห่อ,ยูบีบ็อกซ์,17 October 2025
,8851907112110,Post-it นีออน 12*50,,, 29.00 , 35.00 ,,ห่อ,ยูบีบ็อกซ์,17 October 2025
,,ผงคาร์บอน สีทอง,,, 55.00 , 75.00 ,,ขวด,พิฆพร,28 September 2025
,8858678422660,ทิชชู่โดเรม่อน,,, 16.00 , 20.00 ,,ห่อ,สายรุ้ง,25 October 2025
,8858678423469,ทิชชู่เล็ก,,, 4.17 , 6.00 ,,ห่อ,สายรุ้ง,25 October 2025
,,โปสเตอร์ABC,,, 15.83 , 25.00 ,,แผ่น,สายรุ้ง,25 October 2025
,8855305000727,ดินสอPencom,,, 2.14 , 5.00 ,,แท่ง,สายรุ้ง,25 October 2025
,,โปสเตอร์สูตรคูณ,,, 15.83 , 25.00 ,,แผ่น,สายรุ้ง,25 October 2025
,8858678423469,ทิชชู่แมว,,, 16.00 , 20.00 ,,ห่อ,สายรุ้ง,25 October 2025
,8850175046103,เป็ดโปร ม่วง 300 ml.,,, 28.33 , 35.00 ,,ขวด,สมศรี,23 October 2025
,8852317090135,สมุด NO.15-01 เส้นเต็มบรรทัด,,, 23.33 , 15.00 ,,เล่ม,สมศรี,23 October 2025
,8852317090562,สมุด สพฐ. อาเซียน 9/40 เส้นเต็มบรรทัด,,, 9.58 , 10.00 ,,เล่ม,สมศรี,23 October 2025
,8852317090036,สมุดนักเรียน 9/50 เส้นเต็มบรรทัด,,, 5.83 , 10.00 ,,เล่ม,สมศรี,23 October 2025
,8850002008670,ยาสีฟันโคโดโม 40 กรัม ชมพู เจล,,, 7.50 , 35.00 ,,กล่อง,สมศรี,23 October 2025
,8850006920169,คอลเกต Max fresh 30g,,, 10.00 , 25.00 ,,กล่อง,สมศรี,23 October 2025
,8859796689119,แปรงสีฟัน TL-18911,,, 12.50 , 8.00 ,,อัน,สมศรี,23 October 2025
,59789107,แก้วน้ำมีหู คละสี NO.107,,, 2.92 , 10.00 ,,ใบ,สมศรี,23 October 2025
,885983065046,แก้วน้ำพลาสติกมีหู TL-25604,,, 5.42 , 20.00 ,,ใบ,สมศรี,23 October 2025
,8850569100367,ตะกร้าสี่เหลี่ยม NO.135,,, 15.83 , 20.00 ,,ใบ,สมศรี,23 October 2025
,8859675701130,ที่ตักผงสีดำ จานดาวเทียม,,, 8.75 , 35.00 ,,อัน,สมศรี,23 October 2025
,8859675700485,ขันด้าม NO.2277,,, 17.08 , 15.00 ,,ใบ,สมศรี,23 October 2025
,8859535910498,ขันด้ามกาแลคซี่ 18 ซม. NO.111,,, 9.17 , 18.00 ,,ใบ,สมศรี,23 October 2025
,225679,ขันสีหวานมีลาย 18 ซม.,,, 8.75 , 15.00 ,,ใบ,สมศรี,23 October 2025
,8859535900703,ตะกร้าสบู่ NO.J003,,, 7.08 , 15.00 ,,อัน,สมศรี,23 October 2025
,8850871530104,แปรงขัดพื้นด้ามยาว,,, 9.17 , 119.00 ,,ด้าม,สมศรี,23 October 2025
,8850175030027,เป็ดโปรชมพู 450 มล,,, 10.83 , 45.00 ,,ขวด,สมศรี,23 October 2025
,8855805001194,"แลคซีน 2"" สีเขียวแก่",,, 30.00 , 45.00 ,,ม้วน,ชัยชนะ,27 October 2025
,8855805001149,"แลคซีน 2"" สีชมพู",,, 30.00 , 45.00 ,,ม้วน,ชัยชนะ,27 October 2025
,8855805002863,"แลคซีน 2"" สีดำ",,, 30.00 , 45.00 ,,ม้วน,ชัยชนะ,27 October 2025
,8855805001187,"แลคซีน 2"" สีเขียวอ่อน",,, 30.00 , 45.00 ,,ม้วน,ชัยชนะ,27 October 2025
,8855805001224,"แลคซีน 2"" สีขาว",,, 30.00 , 45.00 ,,ม้วน,ชัยชนะ,27 October 2025
,8855805011933,"แลคซีน 2"" สีส้ม",,, 30.00 , 45.00 ,,ม้วน,ชัยชนะ,27 October 2025
,8855805001163,"แลคซีน 2"" สีฟ้า",,, 30.00 , 45.00 ,,ม้วน,ชัยชนะ,27 October 2025
,8855805002795,"แลคซีน 2"" สีน้ำตาล",,, 30.00 , 45.00 ,,ม้วน,ชัยชนะ,27 October 2025
,8850950031799,ซองขาวไม่มีครุฑ 9/100 ,,, 290.00 , 375.00 ,,ด้าม,ชัยชนะ,27 October 2025
,,พู่กันปลายตัด สง่ามยุรา NO.23,,, 65.00 , 85.00 ,,ด้าม,ชัยชนะ,27 October 2025
,,พู่กันปลายตัด สง่ามยุรา NO.16,,, 33.00 , 45.00 ,,ด้าม,ชัยชนะ,27 October 2025
,,พู่กันปลายตัด สง่ามยุรา NO.10,,, 20.00 , 30.00 ,,ด้าม,ชัยชนะ,27 October 2025
,,พู่กันปลายตัด สง่ามยุรา NO.4,,, 14.00 , 20.00 ,,ด้าม,ชัยชนะ,27 October 2025
,,ริบบิ้นฟาง สีดำ NO.3 15 มม. 40 เมตร,,, 15.00 , 20.00 ,,ม้วน,ชัยชนะ,27 October 2025
,,"ริบบิ้นผ้า สีดำ 1.5""",,, 47.00 , 60.00 ,,ม้วน,ชัยชนะ,27 October 2025
,,"ริบบิ้นผ้า สีดำ 1/2""",,, 35.00 , 45.00 ,,ม้วน,ชัยชนะ,27 October 2025
,,"ริบบิ้นผ้า สีดำ 1"" TW",,, 78.00 , 110.00 ,,ม้วน,ชัยชนะ,27 October 2025
,,"ริบบิ้นผ้า สีดำ 1/2"" TW",,, 22.00 , 35.00 ,,ม้วน,ชัยชนะ,27 October 2025
,,ลูกปัดเล็ก 6 mm,,, 25.00 , 30.00 ,,ห่อ,อารียาพาณิชย์,28 October 2025
,8851907273156,สีไม้ยาวมาสเตอร์อาร์ต 12 แท่ง 12 สี,,, 38.33 , 49.00 ,,กล่อง,สมศรี,28 October 2025
,8859830611175,กาวแท่งร้อน สีดำ แท่งสั้น,,, 8.33 , 15.00 ,,แพค,สมศรี,28 October 2025
,6699202394310,SKE กาวแท่ง 12,,, 15.83 , 20.00 ,,แพค,สมศรี,28 October 2025
,698359991107,ปืนยิงกาวร้อน 20W,,, 15.83 , 25.00 ,,อัน,สมศรี,28 October 2025
,885980611106,กาวแท่ง TL-21110,,, 15.83 , 20.00 ,,แพค,สมศรี,28 October 2025
,8859830611076,กาวแท่งสีดำ TL-21107,,, 15.83 , 20.00 ,,แพค,สมศรี,28 October 2025
,8851907130022,มาสเตอร์อาร์ต ปากกาสีเมจิก 12 สี,,, 65.00 , 82.00 ,,ชุด,สมศรี,28 October 2025
,8855305002592,ไม้บรรทัดหนา 5,,, 4.17 , 8.00 ,,อัน,สมศรี,28 October 2025
,8855305002158,ไม้บรรทัดอย่างดี PENCOM ลายการ์ตูน,,, 4.17 , 8.00 ,,อัน,สมศรี,28 October 2025
,200071,ดอกจานรองเข็ม หมวกลูกเสือ,,, 2.50 , 10.00 ,,อัน,สมศรี,28 October 2025
,8851907155230,Elfen สีไม้ แท่งยาว 24 สี,,, 38.33 , 55.00 ,,กล่อง,สมศรี,28 October 2025
,8851907101596,Elfen สีไม้ แท่งยาว 12 สี,,, 22.92 , 33.00 ,,กล่อง,สมศรี,28 October 2025
,8851907102449,ตราช้าง ฟิล์มเคลือบบัตร A4 125MiC 100 แผ่น,,, 190.00 , 249.00 ,,ห่อ,สมศรี,28 October 2025
,6931040216547,ไม้บรรทัดอลูมิเนียม คาดสี 12 นิ้ว,,, 13.75 , 17.00 ,,อัน,สมศรี,28 October 2025
,8851907077914,สมุดวาดเขียน Master J 101,,, 33.33 , 49.00 ,,เล่ม,สมศรี,28 October 2025
,8851907266738,สมุดวาดเขียน Master MJ-02,,, 9.17 , 15.00 ,,เล่ม,สมศรี,28 October 2025
,8851907037864,สมุดวาดเขียน Master D-104,,, 8.75 , 10.00 ,,เล่ม,สมศรี,28 October 2025
,8851907037833,สมุดวาดเขียน Master D-101,,, 8.75 , 10.00 ,,เล่ม,สมศรี,28 October 2025
,8851907152284,สมุดวาดเขียน Master J-104,,, 19.17 , 25.00 ,,เล่ม,สมศรี,28 October 2025
,8852317090562,สมุด สพฐ. อาเซียน 9/40 เส้นเต็มบรรทัด,,, 5.83 , 10.00 ,,เล่ม,สมศรี,28 October 2025
,8852317090838,สมุด บรรทัด 5 เส้น NO-9/40,,, 5.83 , 10.00 ,,เล่ม,สมศรี,28 October 2025
,8852317090524,สมุด สพฐ. 9/40 เส้นครึ่งบรรทัด,,, 5.83 , 10.00 ,,เล่ม,สมศรี,28 October 2025
,8859720232817,ชอล์คขาว เล็ก,,, 10.00 , 20.00 ,,กล่อง,-,1 January 2025
,,โบว์ดำไว้อาลัย,,, 8.00 , 10.00 ,,อัน,รักไทยแสนทวี,27 October 2025
,,ปอกแขนดำ M,,, 25.00 , 30.00 ,,ชิ้น,อิสราภร์,27 October 2025
,,ริบบิ้นผ้า,,, 108.00 , 120.00 ,,ม้วน,อิสราภร์,27 October 2025
,,ปอกแขนดำ S,,, 25.00 , 30.00 ,,ชิ้น,อิสราภร์,27 October 2025
,,ปอกแขนดำ L,,, 25.00 , 30.00 ,,ชิ้น,อิสราภร์,27 October 2025
,,ริบบิ้นผ้า 22m,,, 140.00 , 180.00 ,,ม้วน,ธนากิจ,27 October 2025
,,ริบบิ้นผ้า 1.5m,,, 82.00 , 85.00 ,,ม้วน,ไทยรุ่ง,27 October 2025
,,ริบบิ้นผ้า 1.2m,,, 42.00 , 45.00 ,,ม้วน,ไทยรุ่ง,27 October 2025
,,ธงธรรมจักร,,, 390.00 , 42.00 ,,ห่อ,ไทยรุ่ง,27 October 2025
,,สมุด สพฐ ครึ่งบรรทัด,,, 150.00 , 20.00 ,,เล่ม,ชัยชนะ,29 October 2025
,,สมุด สพฐ กราฟ3เส้น,,, 150.00 , 20.00 ,,เล่ม,ชัยชนะ,29 October 2025
,,สมุดบรรทัด 5 เส้น สตาร์,,, 150.00 , 20.00 ,,เล่ม,ชัยชนะ,29 October 2025
,,สมุดเส้นเดียว สพฐ ,,, 150.00 , 20.00 ,,แพค,ชัยชนะ,29 October 2025
,,กระดาษการ์ดขาว a4 150g 100p,,, 80.00 , 10.00 ,,ห่อ,ชัยชนะ,29 October 2025
,,กระดาษการ์ดขาว a4 180g 100p,,, 85.00 , 125.00 ,,ห่อ,ชัยชนะ,29 October 2025
,,กระดาษการ์ดขาว a4 120g 100p,,, 65.00 , 110.00 ,,ห่อ,ชัยชนะ,29 October 2025
,,ยางลบดำสเตดเลอร์,,, 175.00 , 6.00 ,,ชิ้น,ชัยชนะ,29 October 2025
,,ยางลบขาวสเตดเลอร์,,, 175.00 , 5.00 ,,ชิ้น,ชัยชนะ,29 October 2025
,,ลูกแม็กซ์ no.10,,, 180.00 , 10.00 ,,ชิ้น,ชัยชนะ,29 October 2025
,,ลูกแม็กซ์ no.35,,, 280.00 , 20.00 ,,ชิ้น,ชัยชนะ,29 October 2025
,,สติ๊กเกอร์ใสแผ่นใหญ่,,, 22.00 , 30.00 ,,แผ่น,ชัยชนะ,29 October 2025
,,มุก,,, 20.00 , 5.00 ,,ห่อ,อารียาพาณิชย์,27 October 2025
,,เข็มกลัด,,, 150.00 , 200.00 ,,ห่อ,อารียาพาณิชย์,29 October 2025
,6267993476340,แป้งโดไอติม,,, 95.00 , 180.00 ,,อัน,สายรุ้ง,29 October 2025
,6267993476241,แป้งโดหมูใหญ่,,, 110.00 , 210.00 ,,อัน,สายรุ้ง,29 October 2025
,6267993436580,ครัวเตาอบ,,, 100.00 , 185.00 ,,อัน,สายรุ้ง,29 October 2025
,,เลโก้ครัว,,, 170.00 , 290.00 ,,อัน,สายรุ้ง,29 October 2025
,6267993494344,เครื่องมือช่างมีเสียงไฟ,,, 120.00 , 260.00 ,,อัน,สายรุ้ง,29 October 2025
,6267993494382,ชุดทำความสะอาด,,, 120.00 , 260.00 ,,อัน,สายรุ้ง,29 October 2025
,6267993457844,เลโก้จรวด370 ,,, 110.00 , 299.00 ,,อัน,สายรุ้ง,29 October 2025
,6267993477484,ตะกร้าปิ๊กนิก,,, 110.00 , 220.00 ,,อัน,สายรุ้ง,29 October 2025
,6267993472632,รถเข็นผลไม้,,, 90.00 , 179.00 ,,อัน,สายรุ้ง,29 October 2025
,6267993493064,ตัวต่อแม่เหล็ก,,, 110.00 , 210.00 ,,อัน,สายรุ้ง,29 October 2025
,,กรรไกรหุ้มนางเล็ก,,, 10.00 , 20.00 ,,ชิ้น,สายรุ้ง,29 October 2025
,885000003006s,"โต๊ะญี่ปุ่น 20x30"" ชิ้น",,, 105.00 , 179.00 , 160.00 ,ตัว,สายรุ้ง,30 October 2025
,8853634002696,ของเล่น รถตักดินเด็ก,,, 16.25 , 25.00 , 25.00 ,อัน,สายรุ้ง,30 October 2025
,8853634000234,ตัวต่อถุงตาข่าย เล็ก 301Y-23,,, 16.25 , 25.00 , 25.00 ,ถุง,สายรุ้ง,30 October 2025
,8853634003358,ของเล่นตักทราย 206-2,,, 16.25 , 25.00 , 25.00 ,ถุง,สายรุ้ง,30 October 2025
,4549292169195,Canon GI-76 BK,,, 540.00 , 880.00 ,,ขวด,คิงคอมพ์,30 October 2025
,4549292169218,Canon GI-76 C,,, 870.00 , 990.00 ,,ขวด,คิงคอมพ์,30 October 2025
,4549292169232,Canon GI-76 M,,, 870.00 , 990.00 ,,ขวด,คิงคอมพ์,30 October 2025
,4549292169256,Canon GI-76 Y,,, 870.00 , 990.00 ,,ขวด,คิงคอมพ์,30 October 2025
,8857122898310,ใบเสร็จรับเงิน คาร์บอนในตัว No.1,,, 27.50 , 40.00 ,,เล่ม,สมศรี,
,8851907273156,สีไม้ยาวมาสเตอร์อาร์ต 12 แท่ง 12 สี,,, 38.33 , 49.00 ,,กล่อง,สมศรี,
,8851907273224,สีไม้ยาวมาสเตอร์อาร์ต 12 แท่ง 24 สี,,, 45.83 , 59.00 ,,กล่อง,สมศรี,
,8851316000022,ดินสอสีคอลลีน 24 ด้าม 24 สี #775 x 6.00,,, 17.50 , 118.00 ,,กล่อง,สมศรี,
,8852317090524,สมุด 9/40 สพฐ. เส้นครึ่งบรรทัด,,, 5.83 , 10.00 ,,เล่ม,สมศรี,
,8851907101596,สีไม้ยาว 12 สี Elfen,,, 22.92 , 35.00 ,,เล่ม,สมศรี,
,8851907292492,มาสเตร์อาร์ต ดินสอดำ HB,,, 4.58 , 4.00 ,,ด้าม,สมศรี,
,8851907292553,มาสเตอร์อาร์ต ดินสอดำ 2B,,, 2.40 , 5.00 ,,ด้าม,สมศรี,
,8851907329174,ยางลบ ควอนตัม นีออน,,, 3.40 , 7.00 ,,ก้อน,,
,8851907329181,ยางลบคละสี Elfen EF350,,, 1.70 , 5.00 ,,ก้อน,,
,8851907142414,ยางลบควอนตัม QE600-50,,, 3.10 , 6.00 ,,ก้อน,,
,,ไม้บล็อค 21 หลัก,,, 125.00 , 150.00 ,,อัน,วีระพานิช,
,,ไม้บล็อค 16 หลัก,,, 85.00 , 85.00 ,,อัน,วีระพานิช,
,,ไหม Venus Summer คละสี,,, 57.00 , 67.00 ,,ม้วน,วีระพานิช,
,,ไม้นิตติ้ง เบอร์ 5,,, 40.00 , 45.00 ,,คู่,วีระพานิช,
,,ไม้นิตติ้ง เบอร์ 7,,, 40.00 , 45.00 ,,คู่,วีระพานิช,
,,ไม้นิตติ้ง เบอร์ 12,,, 30.00 , 35.00 ,,คู่,วีระพานิช,
,,ไม้นิตติ้ง เบอร์ 10,,, 30.00 , 35.00 ,,คู่,วีระพานิช,
,,ไหมพรม เบอร์ 20/4,,, 47.50 , 65.00 ,,ม้วน,วีระพานิช,
,,ไหมพรม เบอร์ 4/3 คละสี,,, 26.00 , 34.00 ,,ม้วน,วีระพานิช,
,,ก้ามปู TC-805B,,, 20.00 , 25.00 ,,อัน,วีระพานิช,
,,เข็มเงิน,,, 15.00 , 20.00 ,,เล่ม,วีระพานิช,
,,เข็มทอง,,, 50.00 , 60.00 ,,เล่ม,วีระพานิช,
,,เข็มสอย ก้นทอง,,, 20.00 , 25.00 ,,ห่อ,วีระพานิช,
,,ไม้ปิงปอง Prochampion (คู่),,, 27.00 , 70.00 ,,คู่,ชัยชนะ,
,6941333375004,ไม้ปิงปอง Champion,,, 42.00 , 80.00 ,,อัน,ชัยชนะ,
,,ไม้บล็อค 21 หลัก (ไม้),,, 60.00 , 90.00 ,,อัน,ชัยชนะ,
,8858729290507,ปากกาลบได้ Minami 14,,, 11.67 , 17.00 ,,ด้าม,,
,8858729254790,ปากกาลบได้ H-381,,, 11.67 , 18.00 ,,ด้าม,,
,,เข็มสอดได้,,, 30.00 , 30.00 ,,อัน,,
,,เข็มโครเชต์,,, 10.00 , 15.00 ,,อัน,,
,PBB800117,ไหมพรม Baby NO.700,,, 5.00 , 8.00 ,,ม้วน,,
,8851026288246,ไหมพรม ER559,,, 30.00 , 40.00 ,,ม้วน,,
,,ไหมพรม EGRET ทูโทน,,, 25.00 , 35.00 ,,ม้วน,,
,,ไหมพรม ตุ่มเล็ก 50g NO.ER820,,, 34.00 , 55.00 ,,ม้วน,,
,9852626288260,ไหมพรม NO.655,,, 33.00 , 45.00 ,,ม้วน,,
,MXM77860,กระดุม 10 มม. คละสี,,, 10.00 , 15.00 ,,ห่อ,,
,,เข็มกลัดขอบเพชร,,, 36.67 , 59.00 ,,อัน,,
,,เข็มกลัดดำ ไว้อาลัย,,, 16.67 , 59.00 ,,อัน,,
,,เข็มกลัดไว้อาลัย เล็ก,,, 11.67 , 39.00 ,,อัน,,
,,พานพุ่มดอกไม้ประดิษฐ์สีขาว S,,, 650.00 , 715.00 ,,อัน,ต๋อย,
,,พานพุ่มดอกไม้ประดิษฐ์สีขาว M,,, 450.00 , 515.00 ,,อัน,ต๋อย,
,,ผ้าต่วน สีดำ,,," 1,926.00 "," 2,050.00 ",,ม้วน,สุเทพ,
,,สมุดเส้นเดียว สพฐ ,,, 15.00 , 20.00 ,,เล่ม,ชัยชนะ,3 November 2025
,,สีไม้คลอลลีน 12 สี,,, 44.00 , 58.00 ,,เล่ม,ชัยชนะ,3 November 2025
,,เครื่องทองน้อย 16,,, 670.00 , 950.00 ," 1,150.00 ",ชุด,ชัยชนะ,3 November 2025
,,ผ้าซับในสีดำ,,, 810.00 ," 1,800.00 "," 2,050.00 ",ม้วน,ชัยชนะ,3 November 2025
,,ผ้าซับในสีขาว,,, 810.00 ," 1,600.00 "," 1,850.00 ",ม้วน,ชัยชนะ,3 November 2025
,,เครื่องทองน้อย,,, 800.00 , 950.00 ," 1,150.00 ",ชุด,เอป๊อป,3 November 2025
,,สีไม้คลอลลีน 12 สี,,, 59.00 , 70.00 , 70.00 ,กล่อง,เอป๊อป,3 November 2025
,,กระดาษอิงค์เจ็ท 230 แกรม,,, 220.00 , 250.00 , 250.00 ,ห่อ,เอป๊อป,3 November 2025
,,แปรงลบกระดาน,,, 18.00 , 25.00 , 25.00 ,อัน,เอป๊อป,3 November 2025
,,สมุดลงนามไว้อาลัย,,, 250.00 , 275.00 , 30.00 ,เล่ม,เอป๊อป,3 November 2025
,,พานดอกไม้,,, 285.71 , 515.00 , 515.00 ,พาน,สยามมาลัยภัณฑ์,5 November 2025
,,เข็มกลัดโบว์ขนาดเล็ก,,, 50.00 , 100.00 , 100.00 ,ห่อ,วีระพานิช,6 November 2025
,,เข็มกลัดโบว์ขนาดกลาง,,, 250.00 , 350.00 , 350.00 ,ห่อ,วีระพานิช,6 November 2025
,,ริบบิ้นผ้า,,, 50.00 , 59.00 ,,แถว,เอป๊อป,6 November 2025
,,ซองพลาสติก,,, 12.00 , 16.00 ,,ห่อ,เอป๊อป,7 November 2025
,,เครื่องทองน้อย,,, 800.00 ," 1,150.00 ",,ชิ้น,เอป๊อป,7 November 2025
,,ริ้บบิ้นดำ,,, 51.30 , 59.00 ,,แถว,เอป๊อป,7 November 2025
,,สมุดลงนามไว้อาลัย,,, 250.00 , 275.00 ,,เล่ม,เอป๊อป,7 November 2025
,,ฮูลาฮูป,,, 100.00 , 150.00 ,,อัน,เอป๊อป,7 November 2025
,,เครื่องทองน้อย,,, 800.00 ," 1,150.00 ",,ชุด,เอป๊อป,7 November 2025
,,เครื่องคิดเลข,,, 232.00 , 232.00 ,,เครื่อง,เอป๊อป,7 November 2025
,,ผ้าซับในสีขาว,,, 810.00 ," 1,600.00 "," 1,850.00 ",ม้วน,ชัยชนะ,7 November 2025
,,ผ้าซับในสีดำ,,, 810.00 ," 1,800.00 "," 2,050.00 ",ม้วน,ชัยชนะ,7 November 2025
,8859481416365,ถุงขยะดำ 18x20 นิ้ว แพค 1 กก.,,, 45.00 , 65.00 , 80.00 ,แพค,สมศรี,9 November 2025
,8851818085749,น้ำยาถูพื้น Magic Clean 400 มล. ม่วง ถุงเติม,,, 21.67 , 37.00 ,,ถุง,สมศรี,9 November 2025
,8851818639003,น้ำยาถูพื้น Magic Clean 500 มล. ชมพู,,, 36.67 , 55.00 ,,ขวด,สมศรี,9 November 2025
,7700020,โบว์ติดผมนักเรียน แพค 6,,, 4.17 , 10.00 ,,อัน,สมศรี,9 November 2025
,7700,โบว์ติดผมนักเรียน ดำ แพค 12,,, 7.50 , 15.00 ,,อัน,สมศรี,9 November 2025
,,กล่องดินสอพลาสติก TL-20510,,, 15.83 , 25.00 ,,อัน,สมศรี,9 November 2025
,8851295511038,ปากกา Whiteboard Pilot แดง,,, 17.08 , 25.00 ,,ด้าม,สมศรี,9 November 2025
,8851295511014,ปากกา Whiteboard Pilot น้ำเงิน,,, 16.67 , 25.00 ,,ด้าม,สมศรี,9 November 2025
,2006,ป้ายติดราคาขอบแดง,,, 6.50 , 10.00 ,,ม้วน,สมศรี,9 November 2025
,8859813353566,หมึกลูกกลิ้ง MX-5500,,, 8.30 , 20.00 ,,ขวด,สมศรี,9 November 2025
,8851932464680,ซันไลต์ เลมอนเทอร์โบ 3.2 ล.,,, 139.00 , 150.00 ,,แกลลอน,สมศรี,9 November 2025
,8851932090759,คอมฟอร์ท น้ำยาปรับผ้านุ่ม ชมพู 2800 มล.,,, 95.00 , 110.00 ,,แกลลอน,สมศรี,9 November 2025
,8859538504755,แก้วเก็บความเย็น Zootopia 1200 มล.,,, 359.00 , 400.00 ,,ใบ,สมศรี,9 November 2025
,28379072,พุทราจีน แพ็ค 500 กรัม,,, 99.00 , 120.00 ,,กล่อง,สมศรี,9 November 2025
,8851932406581,คอมฟอร์ท น้ำยาปรับผ้านุ่ม ฟ้า 2800 มล.,,, 95.00 , 110.00 ,,แกลลอน,สมศรี,9 November 2025
,8850128030067,Nescafe Red cup 165 g.,,, 165.00 , 180.00 ,,ห่อ,ซุ่นเฮง,9 November 2025
,8850006330715,แปรงสีฟันคอลเกตเอ็กซ์ตร้าคลีน นุ่ม 2+1,,, 35.00 , 40.00 ,,แพค,ซุ่นเฮง,9 November 2025
,,ชุดพานสะการะ,,, 285.71 , 515.00 ,,พาน,สยามมาลัยภัณฑ์,9 November 2025
,,ชุดพานสะการะ,,, 285.71 , 515.00 ,,พาน,สยามมาลัยภัณฑ์,10 November 2025
,,ฟุตซอล molten 1510,,, 390.00 , 550.00 ,,ลูก,ชัยชนะ,10 November 2025
,,เครื่องตีป้ายราคา,,, 191.00 , 250.00 ,,เครื่อง,เอป๊อป,10 November 2025
,,ไส้แฟ้ม ORCA A4 ใส,,, 6.00 , 18.00 ,,แผ่น,ชัยชนะ,10 November 2025
,,ชุดพานสะการะ,,, 285.71 , 515.00 ,,พาน,สยามมาลัยภัณฑ์,10 November 2025
,,เครื่องทองน้อย,,, 650.00 , 950.00 ,,ชุด,ชัยชนะ,10 November 2025
,,แฟ้มสันแคบ 2 นิ้ว 2101F พีช,,, 65.00 , 82.00 , 85.00 ,อัน,ชัยชนะ,10 November 2025
,,พานรัฐ no.18 ทอง,,, 85.00 , 120.00 ,,อัน,ชัยชนะ,10 November 2025
,,พานดอกไม้สีขาว,,, 490.00 , 590.00 ,,คู่,ชัยชนะ,10 November 2025
,,ลูกแฮนด์บอล,,, 350.00 , 420.00 ,,ลูก,ธนาชัย,12 November 2025
,1988321415156,คาดผมดอกไม้มีไฟ,,, 15.00 , 29.00 ,,อัน,สมศรี,13 November 2025
,5004555,พวงมาลัยใส่ธนบัตร,,, 15.00 , 29.00 ,,พวง,สมศรี,13 November 2025
,8850006927014,แปรงสีฟันคอลเกตกัมคลีนเดี่ยว,,, 20.83 , 25.00 ,,อัน,สมศรี,13 November 2025
,8858467000017,น้ำมันมวย 15 cc,,, 29.17 , 38.00 ,,ขวด,สมศรี,13 November 2025
,8858467000024,น้ำมันมวย 30 cc,,, 45.83 , 58.00 ,,ขวด,สมศรี,13 November 2025
,8851932371063,ซันไลต์เลม่อน 485มล.,,, 30.83 , 40.00 ,,ขวด,สมศรี,13 November 2025
,8851932371094,ซันไลต์เลม่อน 150มล.,,, 9.17 , 15.00 ,,ขวด,สมศรี,13 November 2025
,325414,หวีเกลียวใหญ่,,, 3.33 , 10.00 ,,อัน,สมศรี,13 November 2025
,,น้ำมันมวย 15 cc,,, 28.00 , 29.00 ,,ขวด,แม็กกี้,12 November 2025
,,น้ำมันมวย 30 cc,,, 46.00 , 55.00 ,,ขวด,แม็กกี้,12 November 2025
,,น้ำมันมวย 60 cc,,, 79.00 , 89.00 ,,ขวด,แม็กกี้,12 November 2025
,,เฟรมวาดภาพ 60 x 80 cm,,, 150.00 , 169.00 ,,แผ่น,อิสราภร์,
,,CANON GI-790 BK,,, 235.00 , 275.00 , 305.00 ,ขวด,คิงคอมพ์,11 November 2025
,,CANON GI-790 C,,, 235.00 , 295.00 , 315.00 ,ขวด,คิงคอมพ์,11 November 2025
,,CANON GI-790 M,,, 235.00 , 295.00 , 315.00 ,ขวด,คิงคอมพ์,11 November 2025
,,CANON GI-790 Y,,, 235.00 , 295.00 , 315.00 ,ขวด,คิงคอมพ์,11 November 2025
,,Print head Canon BH-7 BLACK,,, 800.00 , 980.00 ," 1,250.00 ",ขวด,คิงคอมพ์,11 November 2025
,,Print head Canon CH-7 COLOR,,, 930.00 ," 1,040.00 "," 1,150.00 ",ขวด,คิงคอมพ์,11 November 2025
,,แม่เหล็ก,,, 29.00 , 35.00 ,,แพค,ไทยรุ่ง,
,,แม่เหล็ก A4,,, 68.00 , 75.00 ,,แผ่น,ไทยรุ่ง,
,,แม่เหล็กแบบเส้น,,, 23.00 , 35.00 ,,แผ่น,ไทยรุ่ง,
,,กล่องเอกสาร XL,,, 62.00 , 85.00 ,,กล่อง,John 17,11 November 2025
,8851907288204,แฟ้มสันแคบ 2 นิ้ว 2101F พีช,,, 64.83 , 80.00 , 85.00 ,อัน,แมคโคร,16 November 2025
,8850046100064,Zilk Kotton กระดาษชำระ,,, 5.23 , 10.00 ,,ห่อ,แมคโคร,16 November 2025
,8850332161113,เนย ลาวรี่ เค็ม 200 กรัม,,, 129.00 , 129.00 ,,ก้อน,แมคโคร,16 November 2025
,8851932371063,ซันไลต์ เลมอนเทอร์โบ ขวด 485 มล.,,, 31.50 , 40.00 , 58.00 ,ขวด,แมคโคร,16 November 2025
,8888336011318,Scott Interfold อเนกประสงค์ 84 แผ่น,,, 33.17 , 45.00 , 50.00 ,ห่อ,แมคโคร,16 November 2025
,8888336043456,Scott Interfold อเนกประสงค์ 76 แผ่น,,, 22.90 , 45.00 , 50.00 ,ห่อ,แมคโคร,16 November 2025
,8851334400293,TEX ลวดเสียบกระดาษ กลม 33 mm,,, 5.00 , 9.00 , 10.00 ,กล่อง,ชัยชนะ,16 January 2026
,8857121719036,E'Sy คลิปดำ 32 mm. NO.110,,, 2.08 , 5.00 , 5.00 ,ตัว,ชัยชนะ,
,6932673738635,Deli คลิปดำ 41 mm. NO.109,,, 2.92 , 5.00 , 5.00 ,ตัว,ชัยชนะ,
,,ขลุ่วคิงส์ รีคอร์เดอร์,,, 53.00 , 38.00 ,,เลา,Apop,
,,ขลุ่ยเพียออ,,, 38.00 , 53.00 ,,เลา,Apop,
,,หัวถ้วยกีฬา คละแบบ,,, 60.00 , 60.00 ,,อัน,ธนาชัย,17 November 2025
,,ถุงขยะสีแดง 18*20,,, 64.00 , 85.00 ,,ห่อ,Interphamacy,17 November 2025
,8952978,STICKER 23*35-A16,,, 23.00 , 29.00 ,,ห่อ,ดีไอวาย,12 November 2025
,8952979,STICKER 25*35-17,,, 23.00 , 29.00 ,,ห่อ,ดีไอวาย,12 November 2025
,9086099,STICKER WSY,,, 25.00 , 30.00 ,,ห่อ,ดีไอวาย,12 November 2025
,9013380,STICKER -084,,, 11.00 , 15.00 ,,ห่อ,ดีไอวาย,12 November 2025
,9088172,PRISMATIC,,, 34.00 , 25.00 ,,ห่อ,ดีไอวาย,12 November 2025
,8953882,STICKER 36,,, 17.00 , 24.00 ,,ห่อ,ดีไอวาย,12 November 2025
,8952011,STICKER D002,,, 11.00 , 15.00 ,,ห่อ,ดีไอวาย,12 November 2025
,9089361,STICKER 004A,,, 19.00 , 23.00 ,,ห่อ,ดีไอวาย,12 November 2025
,,กาว TOA 4 oz.,,, 11.25 , 25.00 ,,ขวด,ชัยชนะ,17 November 2025
,,กาว TOA 8 oz.,,, 18.00 , 45.00 ,,ขวด,ชัยชนะ,17 November 2025
,,ริบบิ้นลวด สีเงิน,,, 70.00 , 98.00 ,,ม้วน,ชัยชนะ,17 November 2025
,,ริบบิ้นลวด สีทอง,,, 70.00 , 98.00 ,,ม้วน,ชัยชนะ,17 November 2025
,,ลวดเสียบกระดาษ,,, 5.00 , 9.00 ,,อัน,ชัยชนะ,17 November 2025
,6932673738635,คลิปดำ 2ขา no.109,,, 2.92 , 5.00 ,,กล่อง,ชัยชนะ,17 November 2025
,,คลิปดำ อีซี่ no.110,,, 2.08 , 4.00 ,,กล่อง,ชัยชนะ,17 November 2025
,,สมุดสพฐ,,, 8.00 , 10.00 ,,เล่ม,ชัยชนะ,17 November 2025
,,กระดาษการ์ด A4 120 g ,,, 100.00 , 150.00 ,,รีม,ชัยชนะ,17 November 2025
,,กระดาษการ์ด A4 120 g สีดำ,,, 50.00 , 70.00 ,,รีม,ชัยชนะ,17 November 2025
,,ที่ถอนลวดเย็บกระดาษ,,, 45.00 , 60.00 ,,อัน,ชัยชนะ,17 November 2025
,,เทปวัดระยะ 100 เมตร,,," 1,550.00 "," 2,250.00 ",,ใบ,ชัยชนะ,17 November 2025
,,ถ้วยรางวัล no.988,,, 340.00 , 410.00 ,,ใบ,ชัยชนะ,17 November 2025
,,ถ้วยรางวัล no.6,,, 300.00 , 380.00 ,,ใบ,ชัยชนะ,17 November 2025
,,ถ้วยรางวัล no.5,,, 250.00 , 350.00 ,,อัน,ชัยชนะ,17 November 2025
,,หัวถ้วยรางวัล,,, 30.00 , 50.00 ,,อัน,ชัยชนะ,17 November 2025
,,เหรียญทองแดง,,, 15.00 , 25.00 ,,อัน,ชัยชนะ,17 November 2025
,,เหรียญเงิน,,, 15.00 , 25.00 ,,อัน,ชัยชนะ,17 November 2025
,,เหรียญทอง,,, 15.00 , 25.00 ,,อัน,ชัยชนะ,17 November 2025
,,ธงชาติ 100*150,,, 66.00 , 70.00 ,,ผืน,ไทยรุ่ง,18 November 2025
,,ธงชาติ 90*135,,, 43.00 , 48.00 ,,ผืน,ไทยรุ่ง,18 November 2025
,,ธงชาติ 120*180,,, 82.00 , 85.00 ,,ผืน,ไทยรุ่ง,18 November 2025
,,กระบี่,,, 47.00 , 59.00 ,,อัน,ไทยรุ่ง,22 November 2025
,,ชุดมีดแกะสลัก,,, 81.00 , 89.00 ,,ชุด,เอป๊อป,22 November 2025
,,มีดแกะสลัก,,, 29.00 , 39.00 ,,อัน,เอป๊อป,22 November 2025
,,ลวดทองแดง,,, 27.00 , 39.00 ,,ห่อ,เอป๊อป,22 November 2025
,,กิ๊บลวดกำมะหยี่ต้นคริสมาสต์,,, 35.00 , 40.00 ,,อัน,อัมรินทร์,22 November 2025
,,คาดผม,,, 15.00 , 29.00 ,,อัน,อัมรินทร์,22 November 2025
,,ลูกโป่งโฟม,,, 10.00 , 20.00 ,,อัน,อัมรินทร์,22 November 2025
,,กิ๊บแฟชั่น,,, 15.00 , 29.00 ,,อัน,อัมรินทร์,22 November 2025
,,กิ๊บซานต้า,,, 10.00 , 20.00 ,,อัน,อัมรินทร์,22 November 2025
,,กิ๊บสปริงซานต้า,,, 10.00 , 20.00 ,,อัน,อัมรินทร์,22 November 2025
,,ต้นคริสต์มาส,,, 25.00 , 49.00 ,,อัน,อัมรินทร์,22 November 2025
,,ลูกโป่ง,,, 10.00 , 20.00 ,,อัน,อัมรินทร์,22 November 2025
,,ของตกแต่ง,,, 10.00 , 10.00 ,,อัน,อัมรินทร์,22 November 2025
,,ถุง SS ,,, 14.00 , 20.00 ,,ใบ,,22 November 2025
,8851818209084,แอทแทคอีซี่ 110 กรัม,,, 5.60 , 10.00 ,,ห่อ,แม็กกี้,22 November 2025
,8850987101014,มาม่ารสหมูสับ,,, 6.50 , 7.00 ,,ห่อ,แม็กกี้,22 November 2025
,,สบู่นกแก้วไวท์ซากุระ,,, 8.25 , 10.00 ,,ก้อน,แม็กกี้,22 November 2025
,8859762200010,น้ำดื่มคลูสปริง350มล.,,, 2.00 , 6.00 ,,ขวด,แม็กกี้,22 November 2025
,,ยูนิฟเฟรชผักผลไม้,,, 7.33 , 10.00 ,,กล่อง,แม็กกี้,22 November 2025
,,ยูนิฟเฟรชผักผลไม้มิกซ์,,, 7.25 , 10.00 ,,กล่อง,แม็กกี้,22 November 2025
,,หม้อหุงข้าว SHARP KSH-D28 ขนาด 2.8 ลิตร,,,#DIV/0!," 1,670.00 ",,,,
,,เทปทองแดง 5 มม.,,, 45.00 , 59.00 ,,ม้วน,อิสราภร์,23 November 2025
,,เทปทองแดง 10 มม.,,, 90.00 , 109.00 ,,ม้วน,อิสราภร์,23 November 2025
,,ธงอาเซียน 60*90,,, 422.00 , 950.00 ," 1,150.00 ",ชุด,ไทยรุ่ง,26 November 2025
,,กระดาษรายงาน 40 แผ่น,,, 20.00 , 30.00 ,,ห่อ,ไทยรุ่ง,26 November 2025
,,กระดาษรายงาน 20 แผ่น,,, 13.00 , 20.00 ,,ห่อ,ไทยรุ่ง,26 November 2025
,,พลาสติกเคลือบบัตร,,, 191.00 , 275.00 ,,ห่อ,ไทยรุ่ง,26 November 2025
,,ถุงหูสีเหลือง,,, 110.00 , 110.00 ,,ห่อ,ไทยรุ่ง,26 November 2025
,,เสื้อผ้าแฟนซี,,," 1,550.00 "," 1,550.00 ",,ชุด,สว่างจ้า,21 November 2025
,8852526111584,ถุงเท้านักเรียนขาวล้วนยาว,,, 32.50 , 40.00 ,,คู่,สมศรี,25 November 2025
,8852526110358,ถุงเท้านักเรียนน้ำตาลยาว,,, 30.00 , 40.00 ,,คู่,สมศรี,25 November 2025
,8859474701225,ถุงเท้าน้ำตาลข้อสั้น,,, 15.42 , 25.00 ,,คู่,สมศรี,25 November 2025
,8859474701218,ถุงเท้านักเรียนน้ำตาล 5-7,,, 15.00 , 25.00 ,,คู่,สมศรี,25 November 2025
,9687471,ถุงเท้าพ่อเสือ สีกากี,,, 40.00 , 60.00 ,,คู่,สมศรี,25 November 2025
,798570,ถุงเท้าลูกเสือไนล่อนกากี,,, 29.17 , 45.00 ,,คู่,สมศรี,25 November 2025
,200058,หวมวกเปเล่สีแดง,,, 40.00 , 69.00 ,,คู่,สมศรี,25 November 2025
,6000430,ขลุ่ยเพียงออ,,, 40.00 , 49.00 ,,อัน,สมศรี,25 November 2025
,5000329,ขลุ่ย king,,, 50.00 , 69.00 ,,อัน,สมศรี,25 November 2025
,600588,เข็มติดหมวกยุวกาชาด,,, 7.08 , 10.00 ,,อัน,สมศรี,25 November 2025
,200073,เครื่องหมายลูกเสือ,,, 5.42 , 10.00 ,,อัน,สมศรี,25 November 2025
,9658,เข็มติดอดยุวกาชาด,,, 6.25 , 10.00 ,,อัน,สมศรี,25 November 2025
,8850002904071,แป้งโคโดโมสีชมพู,,, 9.17 , 12.00 ,,อัน,สมศรี,25 November 2025
,10050002902329,แป้งโคโดโมสีฟ้า,,, 8.21 , 12.00 ,,อัน,สมศรี,25 November 2025
,115026,กระเป๋าดินสอใสขอบยาง,,, 13.33 , 25.00 ,,อัน,สมศรี,25 November 2025
,,สบู่เหลวล้างมือ,,, 165.00 , 280.00 ,,แกลลอน,ชัยชนะ,19 November 2025
,,โบว์นางงามใหญ่,,, 8.00 , 10.00 ,,อัน,ชัยชนะ,26 November 2025
,,โบว์นางงามเล็ก,,, 3.50 , 5.00 ,,อัน,ชัยชนะ,26 November 2025
,,Ink CONON PIXMA G2010 + Ink,,," 3,385.00 "," 3,990.00 ",,อัน,คิงคอมพ์,25 November 2025
,,Print head Canon BH-7 BLACK,,, 800.00 , 950.00 ,,อัน,คิงคอมพ์,26 November 2025
,,Print head Canon BH-7 COLOR,,, 930.00 ," 1,040.00 ",,อัน,คิงคอมพ์,26 November 2025
,7989103192401,กะละมังสแตนเลสมีรู 32 ซม.,,, 65.00 , 70.00 ,,ใบ,แม็กกี้,25 November 2025
,1989103015205,กะละมังมีรูหูจับ 30 ซม.,,, 89.00 , 70.00 ,,ชิ้น,แม็กกี้,25 November 2025
,1989103113901,กะละมังมีรู2หูจับ 24 ซม.,,, 59.00 , 70.00 ,,ชิ้น,แม็กกี้,25 November 2025
,8850002002050,เปาเอ็มวอช 8000 กรัม,,, 369.00 , 685.00 ,,ถัง,แม็กกี้,19 November 2025
,8858814206338,สปาคลีนฉฮนดี้แมนเช็ดกระจก 500 มล.,,, 59.00 , 75.00 ,,ขวด,แม็กกี้,25 November 2025
,8859828700720,กล่องล้อเลื่อน 60 ลิตร,,, 99.00 , 120.00 , 195.00 ,ใบ,แม็กกี้,18 November 2025
,,ถุงน่องเด็ก,,, 49.00 , 59.00 ,,ชิ้น,ธนากิจ,
,,ถุงเท้า,,, 44.00 , 55.00 ,,คู่,ธนากิจ,
,,พระบรมฉายาลักษณ์ พระพันปีหลวง A4,,, 250.00 , 300.00 ,,กรอบ,แก่นนรสิงห์,
,,พระบรมฉายาลักษณ์ พระพันปีหลวง A3,,, 400.00 , 500.00 ,,กรอบ,แก่นนรสิงห์,
,,พระบรมฉายาลักษณ์ พระพันปีหลวง 12*18 นิ้ว,,, 450.00 , 550.00 ,,กรอบ,แก่นนรสิงห์,
,,ช่อลำดวนเข็มกลัดใหญ่,,, 60.00 , 79.00 ,,ช่อ,จงวัฒนา,
,,ช่อลำดวนเข็มกลัดเล็ก,,, 40.00 , 49.00 ,,ช่อ,จงวัฒนา,
,,ช่อลำดวนก้าน,,, 40.00 , 49.00 ,,ช่อ,จงวัฒนา,
,885111145031,มามี่โพโคแพ้นท์ XXXL,,, 65.00 , 80.00 ,,ห่อ,แม็กกี้,23 November 2025
,8851111420230,มามี่โพโคแพ้นท์ XXL,,, 65.00 , 80.00 ,,ห่อ,แม็กกี้,23 November 2025
,8850092224516,ไฮยีนรีดเรียบ,,, 10.67 , 18.00 ,,ถุง,แม็กกี้,23 November 2025
,8859497300061,ซิสต้าร์วอเตอร์เมลอนอีอีครีม,,, 32.00 , 52.00 ,,ซอง,แม็กกี้,23 November 2025
,8858882901340,จุฬาเฮิร์บดีดีครีมแตงโม,,, 38.33 , 49.00 ,,ซอง,แม็กกี้,23 November 2025
,8850092012496,วิกซอลสีชมพู900มล.,,, 33.00 , 58.00 ,,ถุง,แม็กกี้,23 November 2025
,8851932187831,บรีสเอกเซล 750 กรัม,,, 63.00 , 85.00 ,,ชิ้น,แม็กกี้,23 November 2025
,8851932479509,บรีสเอกเซล 850 กรัม,,, 64.00 , 95.00 ,,ถุง,แม็กกี้,23 November 2025
,8851932377744,บรีสเอกเซลพาราไดซ์,,, 64.00 , 95.00 ,,ชิ้น,แม็กกี้,23 November 2025
,8851932379045,ลักส์วซากุระบลูมสบู่,,, 11.25 , 17.00 ,,ชิ้น,แม็กกี้,23 November 2025
,8851932477703,ซันไลต์เลม่อนมะนาว300มล.,,, 10.67 , 18.00 ,,ถุง,แม็กกี้,23 November 2025
,8851932434591,บรีสเอกเซลแอคทีฟเฟรช150มล.,,, 13.67 , 22.00 ,,ถุง,แม็กกี้,23 November 2025
,8851932422444,บรีสเอกเซลคอมฟอร์ทชนิดน้ำเข้มข้น,,, 13.67 , 22.00 ,,ถุง,แม็กกี้,23 November 2025
,8852027604813,วิคส์วาโปรับ,,, 25.00 , 35.00 ,,ตลับ,แม็กกี้,23 November 2025
,885202760483,ถุงตราดาวปีกส้ม,,, 37.00 , 37.00 ,,ห่อ,แม็กกี้,23 November 2025
,8851495002732,เชนการ์ดแป้งสุนัข,,, 58.00 , 80.00 ,,กระป๋อง,แม็กกี้,23 November 2025
,8850092280222,ไฮยีปรับผ้านุ่มเข้มข้น,,, 12.67 , 22.00 ,,ถุง,แม็กกี้,23 November 2025
,,เชือกกระโดด 2.4 m ด้ามไม้,,, 40.00 , 79.00 , 100.00 ,อัน,ไทยรุ่ง,2 December 2025
,,เสื้อกีฬา สกรีนเบอร์ คละขนาด,,, 100.00 , 130.00 , 150.00 ,ตัว,เจ๊อ๊อด,
,D0638550,Refill canon GI-790 bk (color fly),,, 60.00 , 120.00 , 160.00 ,ขวด,คิงคอม,13 December 2025
,4549292041880,CANON GI-790 BK,,, 240.00 , 295.00 , 315.00 ,ขวด,คิงคอม,13 December 2025
,8859790015266,Cable HDMI 4K V2.0 M/M 3M,,, 110.00 , 220.00 , 220.00 ,กล่อง,คิงคอม,13 December 2025
,8851907273163,สีมาสเตอร์อาร์ต 24 แท่ง 24 สี,,, 74.17 , 110.00 , 110.00 ,กล่อง,ชัยชนะ,13 December 2025
,8858702099103,COMAX กระดาษการ์ดชาว 120G 50 แผ่น,,, 33.00 , 59.00 , 59.00 ,ห่อ,ชัยชนะ,12 December 2025
,,KCP กระดาษการ์ดขาว 150G 50 แผ่น,,, 42.00 , 69.00 , 69.00 ,ห่อ,ชัยชนะ,12 December 2025
,8858702099141,COMAX กระดาษการ์ดขาว 180G 50 แผ่น,,, 42.00 , 75.00 , 75.00 ,ห่อ,ชัยชนะ,12 December 2025
,8858702001496,สติกเกอร์ A4 ขาวมัน COMAX 80g 1x50p,,, 77.00 , 120.00 , 120.00 ,ห่อ,ชัยชนะ,12 December 2025
,8858702099103,COMAX กระดาษการ์ดขาว 120G 100 แผ่น,,, 85.00 , 110.00 , 110.00 ,ห่อ,ชัยชนะ,12 December 2025
,8851295511014,ปากกา Whiteboard Pilot หัวกลม น้ำเงิน,,, 14.17 , 25.00 , 25.00 ,แท่ง,ชัยชนะ,12 December 2025
,8851295511021,ปากกา Whiteboard Pilot หัวกลม ดำ,,, 14.17 , 25.00 , 25.00 ,แท่ง,ชัยชนะ,12 December 2025
,8851295511038,ปากกา Whiteboard Pilot หัวกลม แดง,,, 14.17 , 25.00 , 25.00 ,แท่ง,ชัยชนะ,12 December 2025
,8851295521013,ปากกา Whiteboard Pilot หัวตัด น้ำเงิน,,, 14.17 , 25.00 , 25.00 ,แท่ง,ชัยชนะ,12 December 2025
,8855805002733,เทปผ้าแลคซีน NUVO STICK ม่วงแก่ 1.5 นิ้ว (36mm x 9Y),,, 23.00 , 38.00 , 38.00 ,ม้วน,ชัยชนะ,12 December 2025
,8855805001019,เทปผ้าแลคซีน NUVO STICK แดง 1.5 นิ้ว (36mm x 10Y),,, 23.00 , 38.00 , 38.00 ,ม้วน,ชัยชนะ,12 December 2025
,8855805000968,เทปผ้าแลคซีน NUVO STICK บรอนซ์ 1.5 นิ้ว (36mm x 10Y),,, 23.00 , 38.00 , 38.00 ,ม้วน,ชัยชนะ,12 December 2025
,8855805001033,เทปผ้าแลคซีน NUVO STICK น้ำเงิน 1.5 นิ้ว (36mm x 10Y),,, 23.00 , 38.00 , 38.00 ,ม้วน,ชัยชนะ,12 December 2025
,8855805000975,เทปผ้าแลคซีน NUVO STICK เหลืองอ่อน 1.5 นิ้ว (36mm x 10Y),,, 23.00 , 38.00 , 38.00 ,ม้วน,ชัยชนะ,12 December 2025
,8855805011919,เทปผ้าแลคซีน NUVO STICK ส้ม 1.5 นิ้ว (36mm x 10Y),,, 23.00 , 38.00 , 38.00 ,ม้วน,ชัยชนะ,12 December 2025
,8855805001064,เทปผ้าแลคซีน NUVO STICK ดำ 1.5 นิ้ว (36mm x 10Y),,, 23.00 , 38.00 , 38.00 ,ม้วน,ชัยชนะ,12 December 2025
,8855805001057,เทปผ้าแลคซีน NUVO STICK เขียวแก่ 1.5 นิ้ว (36mm x 10Y),,, 23.00 , 38.00 , 38.00 ,ม้วน,ชัยชนะ,12 December 2025
,8855805001026,เทปผ้าแลคซีน NUVO STICK ฟ้า 1.5 นิ้ว (36mm x 10Y),,, 23.00 , 38.00 , 38.00 ,ม้วน,ชัยชนะ,12 December 2025
,8855805000999,เทปผ้าแลคซีน NUVO STICK น้ำตาล 1.5 นิ้ว (36mm x 10Y),,, 23.00 , 38.00 , 38.00 ,ม้วน,ชัยชนะ,12 December 2025
,8855805001040,เทปผ้าแลคซีน NUVO STICK เขียวอ่อน 1.5 นิ้ว (36mm x 10Y),,, 23.00 , 38.00 , 38.00 ,ม้วน,ชัยชนะ,12 December 2025
,8855805001194,เทปผ้าแลคซีน NUVO STICK เขียวแก่ 2 นิ้ว (48mm x 10Y),,, 30.00 , 45.00 , 45.00 ,ม้วน,ชัยชนะ,12 December 2025
,8855805001118,เทปผ้าแลคซีน NUVO STICK เหลืองอ่อน 2 นิ้ว (48mm x 10Y),,, 30.00 , 45.00 , 45.00 ,ม้วน,ชัยชนะ,12 December 2025
,8855805011926,เทปผ้าแลคซีน NUVO STICK ม่วงอ่อน 2 นิ้ว (48mm x 10Y),,, 30.00 , 45.00 , 45.00 ,ม้วน,ชัยชนะ,12 December 2025
,8855805001187,เทปผ้าแลคซีน NUVO STICK เขียวอ่อน 2 นิ้ว (48mm x 10Y),,, 30.00 , 45.00 , 45.00 ,ม้วน,ชัยชนะ,12 December 2025
,8855805001149,เทปผ้าแลคซีน NUVO STICK ชมพู 2 นิ้ว (48mm x 10Y),,, 30.00 , 45.00 , 45.00 ,ม้วน,ชัยชนะ,12 December 2025
,8855805002795,เทปผ้าแลคซีน NUVO STICK น้ำตาล 2 นิ้ว (48mm x 10Y),,, 30.00 , 45.00 , 45.00 ,ม้วน,ชัยชนะ,12 December 2025
,8855805001224,เทปผ้าแลคซีน NUVO STICK ขาว 2 นิ้ว (48mm x 10Y),,, 30.00 , 45.00 , 45.00 ,ม้วน,ชัยชนะ,12 December 2025
,8855805001200,เทปผ้าแลคซีน NUVO STICK ดำ 2 นิ้ว (48mm x 10Y),,, 30.00 , 45.00 , 45.00 ,ม้วน,ชัยชนะ,12 December 2025
,8850950031799,ซองขาวไม่มีครุฑ 9/100 ,,, 290.00 , 380.00 , 450.00 ,กล่อง,ชัยชนะ,12 December 2025
,,เชือกฟาง,,, 18.00 , 25.00 , 25.00 ,ม้วน,ชัยชนะ,12 December 2025
,,บัตรรถ เบอร์ 0 100 แผ่น 55 แกรม,,, 6.00 , 12.00 , 12.00 ,เล่ม,ชัยชนะ,12 December 2025
,8851907140274,บิลเงินสด CCR-931Z คาร์บอนในตัว,,, 23.00 , 37.00 , 37.00 ,เล่ม,ชัยชนะ,12 December 2025
,8859153815007,คลิปดำ NO.106 60mm,,, 11.50 , 17.00 , 17.00 ,ตัว,ชัยชนะ,12 December 2025
,8851724009419,ใบเสร็จรับเงิน ใหญ่ #42,,, 8.00 , 10.00 ,,เล่ม,ชัยชนะ,12 December 2025
,8851724009433,ใบเสร็จรับเงินค่าเช่า ใหญ่ #44,,, 8.00 , 10.00 ,,เล่ม,ชัยชนะ,12 December 2025
,D0633366,Print head Canon BH-7 BLACK,,, 800.00 , 980.00 ," 1,050.00 ",ขวด,คิงคอมพ์,
,D0634738,Print head Canon CH-7 COLOR,,, 930.00 ," 1,040.00 "," 1,140.00 ",ขวด,คิงคอมพ์,
,8851538116228,ALTCOT กระดาษสี 80 แกรม ส้ม 500p,,, 249.00 , 280.00 ,,รีม,ไทยรุ่ง,14 December 2025
,8851433011840,ปกพลาสติกใส A4 ORCA,,, 135.00 , 260.00 ,,ห่อ,ไทยรุ่ง,14 December 2025
,4977766786324,Brother BT D60 BK,,, 225.00 , 315.00 , 329.00 ,ขวด,คิงคอม,14 December 2025
,8851673287463,กล่องดินสอเหล็ก CG-8002,,, 46.00 , 69.00 ,,อัน,กบ กิ๊ฟช็อป,21 December 2025
,6310201863156,ยางลบLN88 2B(C3182) (แพ็ค 30),,, 2.17 , 5.00 ,,ก้อน,กบ กิ๊ฟช็อป,21 December 2025
,6410201863139,ยางลบ ED-50 2B(C3193) (แพ็ค 30),,, 2.00 , 5.00 ,,ก้อน,กบ กิ๊ฟช็อป,21 December 2025
,8852398139280,ยางลบก้อนขาว YOYA 5881 (แพ็ค 30),,, 3.50 , 5.00 ,,ก้อน,กบ กิ๊ฟช็อป,21 December 2025
,6310201863163,ยางลบ LN866 (C3183) (แพ็ค 30),,, 2.33 , 5.00 ,,ก้อน,กบ กิ๊ฟช็อป,21 December 2025
,8858201012979,ยางลบก้อน 149E,,, 1.50 , 5.00 ,,ก้อน,กบ กิ๊ฟช็อป,21 December 2025
,7000004638950,630-2/แทททู คริสต์มาส 12 7.6cm.,,, 6.00 , 10.00 ,,อัน,กบ กิ๊ฟช็อป,21 December 2025
,6957125001136,392-8/55-113A กล่องดินสอเหล็ก (แพ็ค 10),,, 15.00 , 25.00 ,,กล่อง,กบ กิ๊ฟช็อป,21 December 2025
,8851907290030,เอลเฟ่น เทปลบคำผิด 6M ทิคแท็ค (โหล),,, 16.25 , 25.00 ,,อัน,กบ กิ๊ฟช็อป,21 December 2025
,8858201011729,เทปลบคำผิดกลิ่นผลไม้ CT-01 (โหล),,, 7.92 , 15.00 ,,อัน,กบ กิ๊ฟช็อป,21 December 2025
,18851907322165,เทปลบคำผิดเดี่ยวเอลเฟ่น 6M แฟรี่ซีซั่น (โหล),,, 7.92 , 15.00 ,,อัน,กบ กิ๊ฟช็อป,21 December 2025
,18851907322158,เทปลบคำผิดเดี่ยวเอลเฟ่น 6M เพื่อนตัวจ้อย (โหล),,, 7.92 , 15.00 ,,อัน,กบ กิ๊ฟช็อป,21 December 2025
,5000000072484,ไม้บรรทัดใสหนา No.9 (โหล),,, 2.08 , 5.00 ,,อัน,กบ กิ๊ฟช็อป,21 December 2025
,8855305002585,ไม้บรรทัดPVCแข็งคละลาย 30cm. (โหล),,, 4.58 , 10.00 ,,อัน,กบ กิ๊ฟช็อป,21 December 2025
,6954459710307,ไม้บรรทัดอลูมิเนียม 30cm. (384-3) (โหล),,, 10.83 , 15.00 ,,อัน,กบ กิ๊ฟช็อป,21 December 2025
,6973363570067,ไม้บรรทัดอลูมิเนียมคาดสี 15cm. (384-8) (โหล),,, 5.83 , 10.00 ,,อัน,กบ กิ๊ฟช็อป,21 December 2025
,18851907125056,ดินสอมาสเตอร์อาร์ต 2B (โหล),,, 25.00 , 45.00 ,,กล่อง,กบ กิ๊ฟช็อป,21 December 2025
,5000000068692,สเต็ดเล่อร์ดินสอ 2B Silver (โหล),,, 30.00 , 49.00 ,,กล่อง,กบ กิ๊ฟช็อป,21 December 2025
,8851023048577,ปากกาลูกลื่น TITUS 0.38 นง. (แพ็ค 50),,, 3.56 , 7.00 ,,ด้าม,กบ กิ๊ฟช็อป,21 December 2025
,8851907275389,ปากกาช้างดริฟท์ TORIO 0.5 น้ำเงิน (แพ็ค 50),,, 3.00 , 7.00 ,,ด้าม,กบ กิ๊ฟช็อป,21 December 2025
,8851023048584,ปากกาลูกลื่น TITUS 0.38 แดง (แพ็ค 50),,, 3.56 , 7.00 ,,ด้าม,กบ กิ๊ฟช็อป,21 December 2025
,8851907273958,ปากกาควอนตั้ม จอลลี่ 0.7 น้ำเงิน (แพ็ค 50),,, 2.64 , 5.00 ,,ด้าม,กบ กิ๊ฟช็อป,21 December 2025
,8851907329808,ปากกาเจลควอนดั้ม จัมโบ้ 0.5 น้ำเงิน (แพ็ค 50),,, 3.16 , 6.00 ,,ด้าม,กบ กิ๊ฟช็อป,21 December 2025
,8851907335953,ตราช้างปากกาดริฟท์ ฮายาเตะ 0.7 น้ำเงิน (แพ็ค 50),,, 2.50 , 5.00 ,,ด้าม,กบ กิ๊ฟช็อป,21 December 2025
,8851907306243,ปากกาควอนดั้มเจล M5เอ็กตรีม น้ำเงิน (แพ็ค 50),,, 2.76 , 5.00 ,,ด้าม,กบ กิ๊ฟช็อป,21 December 2025
,8851907222826,ปากกาเจลควอนตั้ม 007 แม็กซ์ น้ำเงิน (แพ็ค 50),,, 3.36 , 6.00 ,,ด้าม,กบ กิ๊ฟช็อป,21 December 2025
,8854888013612,ปากกาน้ำเงิน MP882-BL (แพ็ค 50),,, 2.10 , 5.00 ,,ด้าม,กบ กิ๊ฟช็อป,21 December 2025
,8854888013636,ปากกาน้ำเงิน MP881-BL (แพ็ค 50),,, 2.10 , 5.00 ,,ด้าม,กบ กิ๊ฟช็อป,21 December 2025
,8854888014121,ปากกาน้ำเงิน MP883-BL (แพ็ค 50),,, 2.10 , 5.00 ,,ด้าม,กบ กิ๊ฟช็อป,21 December 2025
,28851907273396,ลบคำผิดตราช้าง ส้ม 3ml. (โหล),,, 10.17 , 15.00 ,,อัน,กบ กิ๊ฟช็อป,21 December 2025
,28851907259512,ตราช้างปากกาลบคำผิด 4.2 มล. (โหล),,, 11.50 , 17.00 ,,อัน,กบ กิ๊ฟช็อป,21 December 2025
,8854888013391,ปากกาลูกลื่น 0.5mmMP860. -BL,,, 2.50 , 5.00 ,,ด้าม,กบ กิ๊ฟช็อป,21 December 2025
,8854888013384,ปากกาลูกลื่น 0.5mm. MP850-BL,,, 2.50 , 5.00 ,,ด้าม,กบ กิ๊ฟช็อป,21 December 2025
,9651856533030,กระเป๋าดินสอ animal,,, 15.00 , 15.00 ,,อัน,กบ กิ๊ฟช็อป,21 December 2025
,5000000041176,กระเป๋าดินสอใสใหญ่ (โหล),,, 10.00 , 25.00 ,,อัน,กบ กิ๊ฟช็อป,21 December 2025
,5000000243105,กระเป๋าซองกลางใส 14x24cm (โหล),,, 15.00 , 25.00 ,,อัน,กบ กิ๊ฟช็อป,21 December 2025
,8859834902163,เคเบิ้ลไทร์ 10 5x250 ขาว 40 ชิ้น (โหล),,, 15.00 , 25.00 ,,อัน,กบ กิ๊ฟช็อป,21 December 2025
,5000000134786,กระเป๋าดินสอใสทรงกระบอก (โหล),,, 10.42 , 18.00 ,,อัน,กบ กิ๊ฟช็อป,21 December 2025
,8859834902286,"เคเบิ้ลไทร์ 10"" ดำ 5 x 250 40 ชิ้น (โหล)",,, 15.00 , 25.00 ,,อัน,กบ กิ๊ฟช็อป,21 December 2025
,8859834902200,"เคเบิ้ลไทร์ 12"" สีขาว 7x300มม. (โหล)",,, 15.00 , 25.00 ,,อัน,กบ กิ๊ฟช็อป,21 December 2025
,1987208828829,สายเคเบิ้ลไทร์ ขาว-ดำ 4ช่อง YW-82882 (โหล),,, 10.42 , 25.00 ,,อัน,กบ กิ๊ฟช็อป,21 December 2025
,8859834902323,เคเบิ้ลไทร์ 12 สีดำ 7x300มม. (โหล),,, 15.00 , 25.00 ,,อัน,กบ กิ๊ฟช็อป,21 December 2025
,5000000126330,ก้านลูกโป่ง 19นิ้ว (แพ็ค 100),,, 1.10 , 39.00 ,,อัน,กบ กิ๊ฟช็อป,21 December 2025
,5000000107261,สติ๊กเกอร์แผง 45 แผ่น (แพ็ค 45 ชิ้น),,, 4.11 , 10.00 ,,แผ่น,กบ กิ๊ฟช็อป,21 December 2025
,5000000141999,ไข่เล็กจับฉลาก 1 kg.,,, 250.00 , 150.00 ,,แพค100ชิ้น,กบ กิ๊ฟช็อป,21 December 2025
,8851907241827,ปากกาควอนตั้มสเก็ต 111 น้ำเงิน (แพ็ค 50),,, 2.04 , 5.00 ,,ด้าม,กบ กิ๊ฟช็อป,21 December 2025
,5000000066902,สเด็ดเล่อร์ดินสอดำ มาร์ส 2B (โหล),,, 42.50 , 60.00 ,,กล่อง,กบ กิ๊ฟช็อป,21 December 2025
,7000004465624,ที่คั่นหนังสือ THA5351-1,,, 45.00 , 89.00 ,,อัน,กบ กิ๊ฟช็อป,21 December 2025
,8858952400438,พลุกรวยปาร์ตี้ Popper (โหล),,, 18.33 , 39.00 ,,อัน,กบ กิ๊ฟช็อป,21 December 2025
,6972004190169,กบเหลา 2รู#19016 (โหล),,, 6.25 , 15.00 ,,อัน,กบ กิ๊ฟช็อป,21 December 2025
,7000004625509,ไฟเย็นกล่องแดง 14 นิ้ว 8814 (แพ็ค 20),,, 13.75 , 20.00 ,,ห่อ,กบ กิ๊ฟช็อป,21 December 2025
,28851907221939,เอลเฟ่นปากกาลบคำผิด 4 มล. สีฟ้า (โหล),,, 6.50 , 15.00 ,,อัน,กบ กิ๊ฟช็อป,21 December 2025
,28851907258362,เอลเฟ่นปากกาลบคำผิด 4 มล.MACACA (โหล),,, 6.50 , 15.00 ,,อัน,กบ กิ๊ฟช็อป,21 December 2025
,5000000239467,การ์ดปีใหม่ BB-8301 (แพ็ค 140 ชิ้น),,, 0.82 , 5.00 ,,แผ่น,กบ กิ๊ฟช็อป,21 December 2025
,5000000209965,ม่านฟรอยด์ สูง 2x1 เมตร,,, 15.00 , 29.00 ,,อัน,กบ กิ๊ฟช็อป,21 December 2025
,8854888012431,ปากกาลูกลื่น 0.5mm. MP322A-BL,,, 2.50 , 5.00 ,,ด้าม,กบ กิ๊ฟช็อป,21 December 2025
,8858201011446,ปากกาลบคำผิด#280 (โหล),,, 6.50 , 12.00 ,,อัน,กบ กิ๊ฟช็อป,21 December 2025
,8852122194998,ไส้ดินสอกด 2 ช่อง 254 Doraemon (โหล),,, 7.08 , 10.00 ,,กล่อง,กบ กิ๊ฟช็อป,21 December 2025
,8858201011460,ลบคำผิด NO.280B (โหล),,, 6.50 , 12.00 ,,อัน,กบ กิ๊ฟช็อป,21 December 2025
,8855864000404,ปากกาลบคำผิด 3ml (ฟ้า) VB-398 (โหล),,, 4.17 , 10.00 ,,อัน,กบ กิ๊ฟช็อป,21 December 2025
,5000000126323,จุกลูกโป่ง1100,,, 48.00 , 1.00 ,,ถุง,กบ กิ๊ฟช็อป,21 December 2025
,7000000038865,สติ๊กเกอร์ ขอบทองหัวใจเล็ก 1*10,,, 1.20 , 5.00 ,,แผ่น,กบ กิ๊ฟช็อป,21 December 2025
,5000000238880,หมวกซานต้าทรงกรวยเขียวแดง,,, 75.00 , 89.00 ,,ใบ,กบ กิ๊ฟช็อป,21 December 2025
,7000004635034,ป้ายผ้าสปันบอนคริสต์มาส (925),,, 65.00 , 79.00 ,,อัน,กบ กิ๊ฟช็อป,21 December 2025
,8858952400582,ไฟเย็นคิง 5ก้าน B16-15 (แพ็ค 50),,, 2.50 , 5.00 ,,ห่อ,กบ กิ๊ฟช็อป,21 December 2025
,8852323490226,ป้ายสวัดดี กลาง 4902-02,,, 30.00 , 49.00 ,,อัน,กบ กิ๊ฟช็อป,21 December 2025
,8852323490837,4908-03/ป้ายสวัสดีเลเซอร์กลาง 2สี,,, 30.00 , 49.00 ,,อัน,กบ กิ๊ฟช็อป,21 December 2025
,7000004265897,ป้าย H.N.Y 4901-02,,, 40.00 , 59.00 ,,อัน,กบ กิ๊ฟช็อป,21 December 2025
,2811126310519,ม่านฟรอยด์ตกแต่ง C1692,,, 15.00 , 29.00 ,,อัน,กบ กิ๊ฟช็อป,21 December 2025
,7000004503678,สเปรย์หิมะ (โหล),,, 13.33 , 29.00 ,,กระป๋อง,กบ กิ๊ฟช็อป,21 December 2025
,5000000263837,สเปรย์สายรุ้ง (โหล),,, 13.33 , 29.00 ,,กระป๋อง,กบ กิ๊ฟช็อป,21 December 2025
,,แผ่นโฟมยาง 2 มม.,,, 25.00 , 30.00 ,,แผ่น,ไทยรุ่ง,27 December 2025
,,แผ่นโฟมยาง 4 มม.,,, 62.00 , 65.00 ,,แผ่น,ไทยรุ่ง,27 December 2025
,619659146924,F/D 32 GB Sandisk SDZ250C Cruzer blue,,, 145.00 , 199.00 ,,อัน,,27 December 2025
,8859812729102,สายรุ้ง 4 เมตร คละสี,,, 14.17 , 25.00 ,,เส้น,สายรุ้ง,18 December 2025
,8859812729454,สายรุ้ง 2.5 เมตร คละสี,,, 14.17 , 25.00 ,,เส้น,สายรุ้ง,18 December 2025
,8859109335498,สายรุ้ง 2.5 เมตร 33549,,, 14.17 , 25.00 ,,เส้น,สายรุ้ง,18 December 2025
,8859812729461,สายรุ้ง 2.5 เมตร 9-16,,, 14.17 , 25.00 ,,เส้น,สายรุ้ง,18 December 2025
,10748,โบว์ริบบิ้น *10,,, 18.00 , 25.00 ,,อัน,สายรุ้ง,18 December 2025
,8859965001278,กระดาษฟลอยด์,,, 14.17 , 25.00 ,,อัน,สายรุ้ง,18 December 2025
,8859812729621,ตกแต่งประตูใหญ่,,, 16.67 , 29.00 ,,อัน,สายรุ้ง,18 December 2025
,1984020272700,ตกแต่งปีใหมุ่ถง,,, 15.00 , 25.00 ,,อัน,สายรุ้ง,18 December 2025
,8859812729003,ตกแต่งปีใหม่ กล่อง,,, 15.83 , 29.00 ,,อัน,สายรุ้ง,18 December 2025
,442136,กิ๊บหมวกโบว์/กิ๊บแฟนซี,,, 15.00 , 25.00 ,,อัน,สายรุ้ง,18 December 2025
,,ที่คาดผมปีใหม่,,, 15.00 , 25.00 ,,อัน,สายรุ้ง,18 December 2025
,8859109336099,แว่นตาแฟนซี,,, 15.00 , 25.00 ,,อัน,สายรุ้ง,18 December 2025
,,ป้ายปีใหม่,,, 13.33 , 20.00 ,,อัน,สายรุ้ง,18 December 2025
,10780,หมวกซานต้า เด็ก มีไฟ,,, 15.42 , 25.00 ,,ใบ,สายรุ้ง,18 December 2025
,1984020272847,ที่สูบลมลูกโป่ง,,, 15.00 , 25.00 ,,อัน,สายรุ้ง,18 December 2025
,9911500010011,ไฟกระพริบ 100 ดวง (คละสี),,, 38.00 , 55.00 ,,กล่อง,สายรุ้ง,18 December 2025
,8850238101008,ไฟกระพริบ RGB,,, 38.00 , 55.00 ,,กล่อง,สายรุ้ง,18 December 2025
,8859796635093,ตลับเมตร,,, 15.83 , 30.00 ,,อัน,สายรุ้ง,18 December 2025
,,เครือง Scan CHQ200G,,, 555.00 , 555.00 ,,เครื่อง,Starlive-S,26 December 2025
,8858731104076,ใบส่งของชั่วคราว เบอร์ 2 13.4x19.5 ขาว,,, 28.00 , 40.00 ,,เล่ม,ไทยวัสดุ,9 December 2025
,8853324000865,HG คะน้าฮ่องกง เจียไต๋ 3 กรัม,,, 15.00 , 15.00 ,,ห่อ,ไทยวัสดุ,9 December 2025
,8853224021136,คะน้าฮ่องกงโอเชี่ยน 3 กรัม,,, 25.00 , 25.00 ,,ห่อ,ไทยวัสดุ,9 December 2025
,8855805046898,เทปผ้า NUVO 666 36 mm x 8Y ดำ,,, 23.00 , 38.00 ,,ม้วน,ไทยวัสดุ,9 December 2025
,8859564400014,ฟิวเจอร์บอร์ด A3 3 มม.,,, 16.67 , 22.00 ,,แผ่น,สมศรี,3 December 2025
,6990711899137,กระดาษพับดาว,,, 15.00 , 25.00 ,,อัน,สมศรี,3 December 2025
,10018,สินค้าตอกแผงราคา 18-,,, 15.00 , 20.00 ,,อัน,สมศรี,3 December 2025
,10025,สินค้าตอกแผงราคา 25-,,, 20.83 , 25.00 ,,อัน,สมศรี,3 December 2025
,10015,สินค้าตอกแผงราคา 15-,,, 12.50 , 18.00 ,,อัน,สมศรี,3 December 2025
,8940278,Fishing NET 6IN 550466,,, 25.00 , 30.00 ,,อัน,MR.DIY,25 December 2025
,,ถุงเท้ากันลื่น,,, 60.00 , 79.00 ,,คู่,เจ๊อ๊อด,1 December 2025
,8852529647882,PAN สนับแข้งฟุตบอล Size S (ส้ม),,, 70.00 , 79.00 ,,คู่,เจ๊อ๊อด,1 December 2025
,8852529647912,PAN สนับแข้งฟุตบอล Size S (แดง),,, 70.00 , 79.00 ,,คู่,เจ๊อ๊อด,1 December 2025
,,กระเป๋าใส่รองเท้า มีสาย,,, 180.00 , 199.00 ,,ใบ,เจ๊อ๊อด,4 December 2025
,,ถุงเท้าตัดข้อสั้น (ขาว),,, 79.00 , 100.00 ,,คู่,เจ๊อ๊อด,4 December 2025
,,โฟมอุดหูลดเสียง 3M 1 คู่/กล่อง Ear plug,,, 35.00 , 50.00 ,,กล่อง,Interphamacy,8 December 2025
,,Silicone Ear Putty 1 คู่/กล่อง,,, 90.00 , 119.00 ,,กล่อง,Interphamacy,8 December 2025
,,ตาข่ายโกลฟุตบอล (ใหญ่),,," 2,198.00 "," 2,200.00 ",,ชุด,ไทยรุ่ง,1 December 2025
,8851907089764,กระดาษไข MASTERART A4 ไม่มีกรอบ 50 แผ่น,,, 2.98 , 5.00 ,,แผ่น,ไทยรุ่ง,2 December 2025
,,ขวดโหลใส่ดาวพับ A,,, 159.00 ,,,ขวด,ไทยรุ่ง,2 December 2025
,,กระดาษพับดาว A,,, 15.00 ,,,ห่อ,ไทยรุ่ง,2 December 2025
,,กระดาษพับดาว B,,, 12.00 ,,,ห่อ,ไทยรุ่ง,2 December 2025
,,ขวดโหลใส่ดาวพับ B,,, 110.00 ,,,ขวด,ไทยรุ่ง,2 December 2025
,,ขวดโหลใส่ดาวพับ C,,, 85.00 ,,,ขวด,ไทยรุ่ง,2 December 2025
,,กระดาษพับหัวใจ,,, 15.00 ,,,ห่อ,ไทยรุ่ง,2 December 2025
,,กระดาษพับดาว C,,, 16.00 ,,,ห่อ,ไทยรุ่ง,2 December 2025
,,ดินสอ 2B Stedler กล่อง,,, 200.00 ,,,กล่อง,ไทยรุ่ง,2 December 2025
,,ดินสอ 2B Stedler กล่อง ธรรมดา,,, 45.00 ,,,กล่อง,ไทยรุ่ง,2 December 2025
,,ขวดแก้วมีฝาปิด A,,, 24.00 ,,,ขวด,ไทยรุ่ง,2 December 2025
,,ขวดแก้วมีฝาปิด B,,, 27.00 ,,,ขวด,ไทยรุ่ง,2 December 2025
,,เสาอากาศ วอลเลย์บอล,,, 282.00 ,,,คู่,ไทยรุ่ง,2 December 2025
,,ตรายาง หมึกในตัว (สั่งทำพิเศษ),,, 550.00 , 650.00 ,,อัน,ตรายางศรีสะเกษ,30 December 2025
,8850375500825,ตูมตาม ซุปไก่ 23 กรัม x 12,,, 4.58 , 6.00 ,,ห่อ,Makro,24 December 2025
,8850723716748,ARO ไม้เสียบบาร์บีคิว 24ชม. 1x12,,, 11.58 , 17.00 ,,ห่อ,Makro,24 December 2025
,8850952920367,กาโตะ น้ำส้มน้ำผึ้ง 20% 140มล x 6,,, 2.50 , 5.00 ,,ถ้วย,Makro,24 December 2025
,8850309200166,ฟันโอ คุกกี้ครีม 40.50 x 12,,, 3.92 , 5.00 ,,ห่อ,Makro,24 December 2025
,8854923216114,สแน็คแจ็ครสเห็ดหอมชิตาเกะ 15ก. x 12,,, 4.00 , 5.00 ,,ห่อ,Makro,24 December 2025
,8850309220218,ทิวลี่ ทวินเวเฟอร์รสช็อก 10ก 24,,, 1.58 , 3.00 ,,ห่อ,Makro,24 December 2025
,8851004203605,แคมปัสรสช็อคโกแล็ต 12ก. x 12,,, 3.92 , 5.00 ,,ห่อ,Makro,24 December 2025
,8001200139028,แอคเนสปาเก๊ตตินี่#2 ขนาด 500ก,,, 69.00 , 89.00 ,,ห่อ,Makro,24 December 2025
,8851004408123,เทสโต แผ่นหยักรสปลาสามรส 11ก. x 12,,, 4.00 , 6.00 ,,ห่อ,Makro,24 December 2025
,8850952916025,กาโตะ สตรอเบอรี่ 20% 140มล 6,,, 2.50 , 5.00 ,,ถ้วย,Makro,24 December 2025
,8850952916056,กาโตะ องุ่น 20% 140มล x 6,,, 2.50 , 5.00 ,,ถ้วย,Makro,24 December 2025
,8850718717101,ตะวันหมึกสามรส 67/75 กรัม x 3,,, 15.67 , 21.00 ,,ห่อ,Makro,24 December 2025
,8850952920350,ดีโด้น้ำแคนตาลูป 20 140x6 ถ้วย,,, 2.50 , 5.00 ,,ถ้วย,Makro,24 December 2025
,8935001720980,เมนทอส รสผลไม้ 100 ชิ้น,,, 34.00 , 51.00 ,,ห่อ,Makro,24 December 2025
,8935001707752,เมนทอสลูกอมซาวมิกซ์ 100 เม็ด,,, 34.00 , 51.00 ,,ห่อ,Makro,24 December 2025
,8996001355848,เบงแบงเวเฟอร์เคลือบช็อกฯ 20/22 ก x 24,,, 3.92 , 5.00 ,,ห่อ,Makro,24 December 2025
,8858279001196,วอยซ์ แครกเกอร์รสนม 24ก x 12,,, 3.92 , 5.00 ,,ห่อ,Makro,24 December 2025
,8850257110302,ARO หลอดกาแฟยาว 1x10 ห่อ,,, 6.90 , 12.00 ,,ห่อ,Makro,24 December 2025
,8850257110319,ARO หลอดกาแฟสั้น 1x10 ห่อ,,, 6.90 , 12.00 ,,ห่อ,Makro,24 December 2025
,8850718700202,ทวิสตี้รสชีส 15 กรัม x 12,,, 4.00 , 6.00 ,,ห่อ,Makro,24 December 2025
,9557062343176,มิสเตอร์โปเตโต้ กล่องฟ้า,,, 23.25 , 35.00 ,,ห่อ,Makro,24 December 2025
,9557062343190,มิสเตอร์โปเตโต้ กล่องชมพู,,, 23.25 , 35.00 ,,ห่อ,Makro,24 December 2025
,8001200133033,แอคเนซี สปาเก็ตตี้,,, 305.00 , 369.00 ,,ห่อ,Makro,24 December 2025
,8850309211698,โรลเลอร์รสสาหร่ายญี่ปุ่น 12ก 12,,, 3.83 , 5.00 ,,ห่อ,Makro,24 December 2025
,8850360039606,เดทตอลไฮยีนมัลติยูส 1000 มล. x 1,,, 668.00 , 759.00 ,,ขวด,Makro,24 December 2025
,8851004418061,เทสโต บาร์บีคิวแมกซ์สไปซี่ 11ก x 12,,, 3.75 , 5.00 ,,ห่อ,Makro,24 December 2025
,8851959422014,TN (เจเล่) 250มล. x 12 ขวด,,, 12.33 , 18.00 ,,ขวด,Makro,24 December 2025
,8850309214019,ทิวลี่ น็อตส์รสช็อกโกแลต 23ก x 12,,, 3.92 , 5.00 ,,ห่อ,Makro,24 December 2025
,8854923313110,สแน็คแจ๊คสเต็กไก่จิ้มแจ่ว 15 x 12,,, 4.00 , 5.00 ,,ห่อ,Makro,24 December 2025
,8850309219946,โรลเลอร์รสเอ็กซ์ตร้าบาบีคิว 12ก x 12,,, 3.83 , 5.00 ,,ห่อ,Makro,24 December 2025
,8990800002859,เมนทอส ลูกอมรสผลไม้ 100 ชิ้น,,, 34.00 , 51.00 ,,ห่อ,Makro,24 December 2025
,8850952903063,กาโตะ ลิ้นจี่จักรพรรดิ์ 20% 450 มล.x6,,, 8.17 , 15.00 ,,ขวด,Makro,24 December 2025
,8850723903032,ARO ตะเกียบไม้ไผ่ 20ชม. 300 x 1,,, 85.00 , 95.00 ,,ห่อ,Makro,24 December 2025
,8855120003194,พีอาร์ข้าวเกรียบรสมะเขือเทศ 18ก x 12,,, 4.00 , 6.00 ,,ห่อ,Makro,24 December 2025
,D0718748,Brother DCP-T430W + ink,,," 4,470.00 "," 5,470.00 "," 5,470.00 ",เครื่อง,คิงคอมพ์,10 December 2025
,,ฟิวเจอร์บอร์ด 65x49 cm,,, 9.00 , 15.00 ,,แผ่น,ชัยชนะ,12 December 2025
,,ฟิวเจอร์บอร์ด 65x61 cm,,, 12.00 , 18.00 ,,แผ่น,ชัยชนะ,12 December 2025
,,ฟิวเจอร์บอร์ด 65x81 cm,,, 15.00 , 20.00 ,,แผ่น,ชัยชนะ,12 December 2025
,,ไม้คฑาดรัมเมเยอร์ 90 cm,,, 240.00 , 340.00 ,,อัน,ชัยชนะ,12 December 2025
,,จัดมุมบอร์ด ลายไทย,,, 7.00 , 15.00 ,,อัน,ชัยชนะ,12 December 2025
,,ฟิวเจอร์บอร์ด 65x122 cm,,, 23.00 , 45.00 ,,แผ่น,ชัยชนะ,12 December 2025
,,สติกเกอร์สีโกดัก,,, 24.00 , 34.00 ,,แผ่น,ชัยชนะ,12 December 2025
,,ไม้คฑาดรัมเมเยอร์ 65 cm,,, 240.00 , 310.00 ,,อัน,ชัยชนะ,12 December 2025
,,ไม้คฑาดรัมเมเยอร์ 60 cm,,, 230.00 , 300.00 ,,อัน,ชัยชนะ,12 December 2025
,,ไม้คฑาดรัมเมเยอร์ 105 cm,,, 270.00 , 370.00 ,,อัน,ชัยชนะ,12 December 2025
,,ไม้คฑาดรัมเมเยอร์ 115 cm,,, 280.00 , 385.00 ,,อัน,ชัยชนะ,12 December 2025
,8851932464680,ซันไลต์ เลมอนเทอร์โบ 3.2 ล.,,, 149.00 , 229.00 , 249.00 ,ขวด,Makro,7 January 2026
,8851818876507,น้ำยาถูพื้นมาจิคคลีนกลิ่นลิลลี่900 มล.,,, 62.00 , 85.00 , 95.00 ,ขวด,Makro,7 January 2026
,8851818861404,น้ำยาถูพื้นมาจิคคลีน ม่วง 900 มล.,,, 62.00 , 85.00 , 95.00 ,ขวด,Makro,7 January 2026
,8851818183771,น้ำยาถูพื้นมาจิคคลีน แดง 900 มล.,,, 62.00 , 85.00 , 95.00 ,ขวด,Makro,7 January 2026
,8888336015453,ทิชชู่ม้วน สก๊อตเอ็กซ์ตร้ายาวพิเศษ,,, 13.60 , 20.00 , 25.00 ,ม้วน,Makro,7 January 2026
,8888336043456,Scott interfold ทิชชู่อเนกประสงค์,,, 23.90 , 47.00 , 50.00 ,ห่อ,Makro,7 January 2026
,8850175031727,เป็ด โปร น้ำยาล้างห้องยน้ำ ขนาด 5 ลิตร,,, 199.00 , 259.00 , 285.00 ,แกลลอน,Makro,7 January 2026
,,ชุดถังบิดม๊อบพร้อมไม้ถู ตะแกรงสแตนเลส HOME GN115,,,#DIV/0!,,,,ไทยวัสดุ,7 January 2026
,8850936050493,คลิปดำ Diamond No.111,,, 2.08 , 3.00 ,,ตัว,ชัยชนะ,7 January 2026
,8859375110560,ปลั๊กไฟ BBL 4 ช่อง 1 สวิตซ์ USB 1 TC 5M,,, 249.00 , 299.00 ,,อัน,แมกกี้,15 December 2025
,8859375110621,ปลั๊กไฟ BBL 5 ช่อง 1 สวิตซ์ 10M,,, 289.00 , 349.00 ,,อัน,แมกกี้,15 December 2025
,8857126764055,โปสเตอร์,,, 19.00 , 25.00 ,,แผ่น,แมกกี้,15 December 2025
,8851929019381,สบู่นกแก้วไวท์ซากุระ 70 กรัม,,, 33.00 , 45.00 ,,ห่อ,แมกกี้,22 November 2025
,8850388540283,ยูริฟเฟรชผักผลไม้ มิกซ์เบอร์รี 180 มล.,,, 7.33 , 15.00 ,,กล่อง,แมกกี้,22 November 2025
,,เข็มขัดผู้กำกับลูกเสือหญิง SK,,, 199.00 , 249.00 ,,เส้น,ชัยพิพัฒน์,11 January 2026
,,เข็มขัดผู้กำกับลูกเสือ ชาย SK,,, 269.00 , 299.00 ,,เส้น,ชัยพิพัฒน์,11 January 2026
,,ผ้าพันคอลูกเสือ (จังหวัด),,, 89.00 , 99.00 ,,ผืน,ชัยพิพัฒน์,11 January 2026
,,ผ้าพันคอลูกเสือ ATC,,, 279.00 , 299.00 ,,ผืน,ชัยพิพัฒน์,11 January 2026
,,ถุงเท้าผู้กำกับลูกเสือ หญิง,,, 39.00 , 49.00 ,,คู่,ชัยพิพัฒน์,11 January 2026
,,สายวู้ดแบดจ์ 2 ท่อน,,, 159.00 , 199.00 ,,เส้น,ชัยพิพัฒน์,11 January 2026
,,ทะเบียนคุมเบิกฎีกา (แบบ 2220),,, 210.00 , 250.00 ,,เล่ม,ไพศาล,13 January 2026
,9077543,รั้วพลาสติกสำเร็จรูป 500x300 mm 152458T,,, 41.00 , 50.00 ,,อัน,MR.DIY,26 January 2026
,8000268,ถาดรองกระถาง 130x16 mm ZW0012,,, 12.00 , 15.00 ,,อัน,MR.DIY,26 January 2026
,9078578,กระถางต้นไม้ 495x210x140mm 8005,,, 49.00 , 59.00 ,,อัน,MR.DIY,26 January 2026
,8851709003715,โฟมอัด 5 มม.,,, 40.00 , 80.00 , 85.00 ,แผ่น,ชัยชนะ,16 January 2026
,8851292000467,กระดาน A-math แบบไม้หมุน,,," 1,450.00 "," 1,950.00 "," 2,250.00 ",ชุด,ชัยชนะ,16 January 2026
,8851292000252,กระดาษ Crossword แบบไม้หมุน,,," 1,450.00 "," 1,950.00 "," 2,250.00 ",ชุด,ชัยชนะ,16 January 2026
,8851292000474,กระดานต่อคำศัพท์ภาษาไทย คำคม แบบไม้หมุน,,," 1,450.00 "," 1,950.00 "," 2,250.00 ",ชุด,ชัยชนะ,16 January 2026
,8859311599046,ทิชชู่เช็ดหน้า คุมะ 168 แผ่น,,, 16.80 , 20.00 ,,ห่อ,แมกกี้,14 January 2026
,8850426000656,ยูโร่เค้กสอดไส้ครีมเมลอน 17 กรัม,,, 8.83 , 10.00 ,,ห่อ,แมกกี้,14 January 2026
,8850987128301,มาม่ารสต้มยำกุ้งน้ำข้น 55 กรัม,,, 6.50 , 10.00 ,,ห่อ,แมกกี้,14 January 2026
,8859375110560,ปลั๊กไฟ BBL 4 ช่อง 1 สวิตซ์ USB 3 TC 5M,,, 249.00 , 349.00 ,,อัน,แมกกี้,14 January 2026
,8851673198806,บล็อคไม้เสริมพัฒนาการ สี 60 ชิ้น,,," 1,870.00 "," 2,250.00 "," 2,350.00 ",อัน,ไมตรีจิตร,23 January 2026
,5910022630007,Delicato โต๊ะพับหน้าขาวโฟเมก้า 45x180x75 cm TF-1872,,," 1,390.00 "," 1,890.00 "," 2,500.00 ",ตัว,Global house,17 January 2026
,8858817011311,"ถุงร้อน 20""x30""",,, 0.28 , 1.00 ,,แผ่น,สมศรี,2 February 2026
,8858817019652,ถุงหูหิ้วหนาตรางาช้างคู่ 12x20,,, 0.28 , 1.00 ,,แผ่น,สมศรี,2 February 2026
,885948141640,ถุงชยะดำ 1 กก. 30x40 นิ้ว,,, 45.00 , 75.00 ,,ห่อ,สมศรี,2 February 2026
,115471,กิ๊บดอกไม้,,, 13.75 , 20.00 ,,อัน,สมศรี,2 February 2026
,8857200248334,ยางวงใหญ่,,, 50.00 , 50.00 ,,ห่อ,สมศรี,2 February 2026
,2006581,ฟิวเจอร์บอร์ดใหญ่ 65 x 81 cm,,, 16.25 , 25.00 ,,แผ่น,สมศรี,2 February 2026
,20098,ฟิวเจอร์บอร์ด 2 มม. 65x49 cm,,, 8.33 , 15.00 ,,แผ่น,สมศรี,2 February 2026
,8822380019197,ห่วงทองเหลือง NO.1 (บรรจุ 2 ชิ้น),,, 15.00 , 20.00 ,,ห่อ,สมศรี,2 February 2026
,500047,ด้ายสปันตราเรือใบ ,,, 5.42 , 10.00 ,,ม้วน,สมศรี,2 February 2026
,6970478409756,ดินเบา 31 cm NO.2572DH,,, 15.83 , 25.00 ,,ห่อ,สมศรี,2 February 2026
,8859796641070,ชุดเข็มด้ายกระปุก TL-14107,,, 8.33 , 20.00 ,,กระปุก,สมศรี,2 February 2026
,1988065565520,ปกรายงานใส A4-ZC-56552,,, 15.00 , 29.00 ,,ห่อ,สมศรี,2 February 2026
,8851907336738,สมุดวาดเขียน Master D-101,,, 8.75 , 10.00 ,,เล่ม,สมศรี,2 February 2026
,8851907312312,มาสเตอร์อาร์ต สมุดภาพระบายสี FUN & LEARN Vol.3,,, 22.50 , 29.00 ,,เล่ม,สมศรี,2 February 2026
,200082,ชุดเรขาคณิต 5-.,,, 3.33 , 5.00 ,,ชุด,สมศรี,2 February 2026
,1988032173185,มงกุฎเงิน,,, 15.83 , 25.00 ,,อัน,สมศรี,2 February 2026
,8851818777163,น้ำยาถูพื้นมาจิกคลีนสีแดง 400 มล.,,, 20.00 , 30.00 ,,ถุง,สมศรี,2 February 2026
,8851818085756,น้ำยาถูพื้นมาจิกคลีนสีชมพู 400 มล.,,, 21.67 , 30.00 ,,ถุง,สมศรี,2 February 2026
,88800000357,สันรูด 5 มม. พิมพ์ลาย,,, 3.33 , 5.00 ,,อัน,สมศรี,2 February 2026
,10020,เลเซอร์ 3in1,,, 16.67 , 20.00 ,,อัน,สมศรี,2 February 2026
,10030,ของเล่นพุดดิ้งราเม็น,,, 25.00 , 30.00 ,,อัน,สมศรี,2 February 2026
,1005,แม่เหล็กของเล่น,,, 4.17 , 10.00 ,,อัน,สมศรี,2 February 2026
,8522123491553,กระดาษแก้วห่อสังฆทาน (20 แผ่น),,, 105.00 , 195.00 ,,ห่อ,สมศรี,2 February 2026
,8858702081382,กระดาษโฟโต้ A4 120G 50 แผ่น CHIC 2 หน้า,,, 48.00 , 75.00 ,,ห่อ,ชัยชนะ,2 February 2026
,8858702083881,COMAX กระดาษโฟโต้ A4 180G 50 แผ่น 2 หน้า,,, 160.00 , 220.00 ,,ห่อ,ชัยชนะ,2 February 2026
,8858702034302,COMAX กระดาษโฟโต้ สติกเกอร์ มันวาว 50 แผ่น,,, 210.00 , 270.00 ,,ห่อ,ชัยชนะ,2 February 2026
,8858702083867,COMAX กระดาษโฟโต้ A4 150G 50 แผ่น 2 หน้า,,, 140.00 , 190.00 ,,ห่อ,ชัยชนะ,2 February 2026
,,Snail แปรงลบกระดาน (ไม้),,, 10.00 , 30.00 ,,อัน,ชัยชนะ,2 February 2026
,,แฟ้มอ่อน A4,,, 8.00 , 20.00 ,,อัน,ชัยชนะ,2 February 2026
,8851907011734,แฟ้มสันแคบ 2 นิ้ว 125F ดำ,,, 60.00 , 80.00 ,,อัน,ชัยชนะ,2 February 2026
,8851907153786,แฟ้มสันแคบ 2 นิ้ว 2101F ฟ้า,,, 60.00 , 80.00 ,,อัน,ชัยชนะ,2 February 2026
,,กระดาษคราฟต์น้ำตาล (กระดาษห่อพัสดุ),,, 3.50 , 8.00 ,,แผ่น,ชัยชนะ,2 February 2026
,,"พลาสติกหุ้มปก 0.8 mic 48"" 90 หลา",,, 12.94 , 25.00 ,,เมตร,ชัยชนะ,2 February 2026
,,ห่วงทองเหลือง NO.4,,, 3.50 , 8.00 ,,ตัว,ชัยชนะ,2 February 2026
,,ห่วงทองเหลือง NO.6,,, 2.00 , 5.00 ,,ตัว,ชัยชนะ,2 February 2026
,,กระดานรองวาด 40x60 มีที่หนีบ,,, 35.00 , 75.00 ,,แผ่น,ชัยชนะ,2 February 2026
,4066765176424,รองเท้าสตั๊ด PREDATOR Leauge Sock FG,,," 2,390.00 "," 3,200.00 ",,คู่,ธนาชัย,9 January 2026
,8859292100316,ถุงเท้าฟุตบอล กันลื่น Training HHH,,, 155.00 , 199.00 ,,คู่,ธนาชัย,9 January 2026
,4571547990629,สนับแข้ง Mizuno,,, 350.00 , 399.00 ,,คู่,ธนาชัย,9 January 2026
,,เชือกกระสอบ,,, 20.00 , 30.00 ,,ม้วน,ธนากิจ,9 January 2026
,,เชือกป่าน 10 ม.,,, 20.00 , 30.00 ,,ม้วน,ธนากิจ,9 January 2026
,,เชือกป่าน 35 ม.,,, 25.00 , 35.00 ,,ม้วน,ธนากิจ,9 January 2026
,,ลูกโป่งคละสี,,, 85.00 , 109.00 ,,ห่อ,ธนากิจ,9 January 2026
,8850276069018,ตาข่ายฟุตซอล ขนาดมาตรฐาน,,," 1,580.00 "," 1,990.00 "," 2,130.00 ",ชุด,อิสราภรณ์,16 January 2026
,,ตรายางหมึกในตัว (จ่ายเงินแล้ว),,, 120.00 , 150.00 ,,อัน,อิสราภรณ์,16 January 2026
,8859653901033,แอลกอฮอล์ 70% v/v 5000 ml.,,, 266.00 , 566.00 , 720.00 ,แกลลอน,Interphamacy,12 January 2026
,,ซองใส ใส่ล็อตเตอรี,,, 55.00 , 60.00 ,,แพค,อิสราภรณ์,12 January 2026
,,ฟิวเจอร์บอร์ด 4 เมตร 3 มม.,,, 150.00 , 250.00 ,,แผ่น,อิสราภรณ์,12 January 2026
,,ริบบิ้นฟาง,,, 25.00 , 35.00 ,,ม้วน,อิสราภรณ์,13 January 2026
,8853406003104,ลูกโป่งแฟนซี คละสี NO.3,,, 55.00 , 80.00 ,,ห่อ,สมศรี,29 December 2025
,8851907283780,สมุดวาดเขียน Reinaisance เรียบ R-206 A3,,, 170.00 , 195.00 , 195.00 ,เล่ม,DHAS,11 January 2026
,8994728,USB Pendrive WB-U003 32GB,,, 219.00 , 299.00 ,,อัน,MR.DIY,8 January 2026
,1320325,ตะกร้าแชร์บอล พลาสติก,,, 185.00 , 250.00 ,,อัน,รักไทยแสนทวี,7 January 2026
,8853891202914,ชุดลูกโป่งตกแต่งคละแบบ DOMON,,, 299.00 , 350.00 ,,กล่อง,รักไทยแสนทวี,7 January 2026
,8853891179933,ลูกโป่งไส้ไก่คละสี DOMON,,, 55.00 , 80.00 ,,ห่อ,รักไทยแสนทวี,7 January 2026
,8853406003135,ลูกโป่งคละสี NO.2 3 4/ยาว,,, 79.00 , 110.00 ,,ห่อ,รักไทยแสนทวี,7 January 2026
,8857107980955,เซพแพ็ก วุ้นเส้น 3 กก.,,, 300.00 , 300.00 ,,ห่อ,Makro,7 January 2026
,8851016120044,คาลบี้ข้าวเกรียบดั้งเดิม 120X12,,, 4.00 , 6.00 ,,ห่อ,Makro,7 January 2026
,8851727902021,ปาปริก้ามันฝรั่งทอดกรอบ 12ก. 12,,, 4.08 , 6.00 ,,ห่อ,Makro,7 January 2026
,8851727901024,โปเต้ มันฝรั่งกรอบ 12 ก. x 12,,, 4.04 , 6.00 ,,ห่อ,Makro,7 January 2026
,8853256002050,กระเทียมเจียว 1000 กรัม,,, 159.00 , 200.00 ,,ห่อ,Makro,7 January 2026
,2144310269752,สันในไก่,,, 95.00 , 95.00 ,,ห่อ,Makro,7 January 2026
,2154020369505,หัวไหล่หมูบด (ST) (ชั่งน้ำหนัก),,, 119.00 , 119.00 ,,ห่อ,Makro,7 January 2026
,8859691919373,มินเนี่ยน หมอนหนุนสุขภาพ 17X27,,, 186.00 , 168.00 ,,ห่อ,Makro,7 January 2026
,8850269240189,ลูกชิ้นตราเอโร่ (หมู+ไก่) 900 กX1,,, 129.00 , 129.00 ,,ห่อ,Makro,7 January 2026
,28170068,ARD ไข่นกกระทา 50 ฟอง,,, 69.00 , 69.00 ,,แผง,Makro,7 January 2026
,8858669410362,ป๊อบปี้ป๊อปรสคอร์นชีส 200X12,,, 3.92 , 6.00 ,,ห่อ,Makro,7 January 2026
,8858669410355,ป๊อบปี้ป๊อปรสสวีทบัตเตอร 20กX12,,, 3.92 , 6.00 ,,ห่อ,Makro,7 January 2026
,8850706000024,ลูกชิ้นปลาบัวลอย 800ก มหาชัย,,, 106.00 , 106.00 ,,ห่อ,Makro,7 January 2026
